unlocode,name,municipality,iso_country,lat,lon
AEABU,Abu al Bukhoosh,Abu al Bukhoosh,AE,25.48333,53.13333
AEAJM,Ajman,Ajman,AE,25.3936557,55.4451432
AEAJP,Al Jeer Port,Al Jeer Port,AE,26.03333,56.05
AEAMF,Musaffah,Musaffah,AE,24.38333,54.48333
AEAMU,Abu Musa,Abu Musa,AE,25.86667,55.01667
AEARP,Ahmed Bin Rashid Port,Ahmed Bin Rashid Port,AE,25.53333,55.55
AEAUH,Abu Dhabi,Abu Dhabi,AE,24.46667,54.36667
AEDAS,Das Island,Das Island,AE,25.141931,52.8775403
AEDBP,Dibba,Dibba,AE,25.61667,56.26667
AEDUJ,The Palm Jumeirah,The Palm Jumeirah,AE,25.117222,55.134444
AEDXB,Dubai,Dubai,AE,25.25,55.26667
AEEND,Esnnad,Esnnad,AE,24.31667,54.45
AEFAT,Fateh Terminal,Fateh Terminal,AE,25.5833,54.4167
AEFJR,Al Fujayrah,Al Fujayrah,AE,25.11667,56.33333
AEFRP,Free Port,Free Port,AE,25.4728575,55.4946245
AEHSN,Hassyan,Hassyan,AE,24.9,54.9
AEHTL,Hulaylah Terminal,Hulaylah Terminal,AE,25.98333,55.93333
AEHZP,Hamriya Free Zone Port,Hamriya Free Zone Port,AE,25.4728575,55.4946245
AEJAZ,Al Jazeera Port,Al Jazeera Port,AE,25.71667,55.8
AEJEA,Jebel Ali,Jebel Ali,AE,25.0338168,55.1366041
AEJED,Jebel Dhanna,Jebel Dhanna,AE,24.163675,52.597433
AEKHL,Mina Khalifa/Abu Dhabi,Mina Khalifa/Abu Dhabi,AE,24.83333,54.66667
AEKLB,Kalba,Kalba,AE,25.06667,56.35
AEKLF,Khor al Fakkan,Khor al Fakkan,AE,25.33333,56.35
AEMBS,Mubarras Island,Mubarras Island,AE,24.58333,53.31667
AEMKH,Mina Khalid,Mina Khalid,AE,25.35,55.36667
AEMRP,Mina Rashid Port,Mina Rashid Port,AE,25.26667,55.28333
AEMSA,Mina Saqr,Mina Saqr,AE,25.96667,56.06667
AEMUB,Mubarek Terminal,Mubarek Terminal,AE,25.85,55.216667
AEMZD,Mina Zayed/Abu Dhabi,Mina Zayed/Abu Dhabi,AE,24.51667,54.36667
AEPRA,Port Rashid,Port Rashid,AE,25.2709307,55.265831
AEQIW,Umm al Quwain,Umm al Quwain,AE,25.58333,55.58333
AEQWE,Jebel Ali Free Zone,Jebel Ali Free Zone,AE,25,55.05
AERFA,Mirfa,Mirfa,AE,24.0961596,53.487065
AERKP,Rak Khor Port,Rak Khor Port,AE,25.81667,55.95
AERKT,Ras al Khaimah,Ras al Khaimah,AE,25.78333,55.95
AERMC,Rak Maritime City,Rak Maritime City,AE,25.95,56.05
AERUW,Ar Ruways,Ar Ruways,AE,24.11667,52.73333
AERWP,Ruwais Port,Ruwais Port,AE,24.1826892,52.5691482
AESHJ,Sharjah,Sharjah,AE,25.35,55.38333
AESID,Sadiyat Island,Sadiyat Island,AE,24.53333,54.4
AEULR,Umm Al Nar,Umm Al Nar,AE,24.43333,54.5
AEYAS,Yas Island,Yas Island,AE,24.4883715,54.6072307
AEZUR,Zirku Island,Zirku Island,AE,24.88333,53.06667
AFDHD,Dehdadi,Dehdadi,AF,36.65,66.98333
AFQLT,Qalat,Qalat,AF,32.1,66.88333
AFRKH,Torkham,Torkham,AF,34.1371589,71.0820181
AGANU,Antigua,Antigua,AG,17.1037152,-61.7904505
AGBBQ,Barbuda,Barbuda,AG,17.1184569,-61.8448509
AGFAM,Falmouth,Falmouth,AG,17.01667,-61.78333
AGPHM,Parham,Parham,AG,17.08333,-61.75
AGSJO,Saint John's,Saint John's,AG,17.11667,-61.85
AIBLP,Blowing Point,Blowing Point,AI,18.17504,-63.0936881
AIMBB,Meads Bay Beach,Meads Bay Beach,AI,18.16667,-63.13333
AIRBY,Road Bay,Road Bay,AI,18.2,-63.08333
AISOM,Sombrero,Sombrero,AI,18.6,-63.46667
ALBUT,Butrint,Butrint,AL,39.75,20.01667
ALDRZ,Durrës,Durrës,AL,41.313255,19.4462348
ALHMR,Himare,Himare,AL,40.13333,19.71667
ALROM,Romano Port,Romano Port,AL,41.36667,19.41667
ALSAR,Sarandë,Sarandë,AL,39.88333,20
ALSHG,Shëngjin,Shëngjin,AL,41.8,19.56667
ALVOA,Vlorë,Vlorë,AL,40.46667,19.48333
AMJER,Jermuk,Jermuk,AM,39.8388185,45.6712635
AOAZZ,Ambriz,Ambriz,AO,-7.844312,13.106493
AOBAB,Baba,Baba,AO,-14.83333,12.23333
AOBDD,Barra do Dande,Barra do Dande,AO,-8.4714533,13.3686966
AOBDT,Baía dos Tigres,Baía dos Tigres,AO,-16.6,11.73333
AOBUG,Benguela,Benguela,AO,-12.5790048,13.4037117
AOCAB,Cabinda,Cabinda,AO,-5.5576435,12.1919468
AOCPO,Capulo,Capulo,AO,-7.98333,13.16667
AOCUI,Cuio,Cuio,AO,-12.98333,12.98333
AODAL,Dalia,Dalia,AO,-7.68333,11.78333
AODGR,Dombe Grande,Dombe Grande,AO,-12.9426137,13.0937485
AOETN,Essungo Terminal,Essungo Terminal,AO,-6.33333,12.16667
AOFBY,Farta Bay,Farta Bay,AO,-12.61667,13.2
AOFLT,Futila Terminal,Futila Terminal,AO,-5.45,12.18333
AOGIM,Gimboa,Gimboa,AO,-7.53333,12.16667
AOGIR,Girassol Terminal,Girassol Terminal,AO,-7.63333,11.68333
AOGPO,Greater Plutonio,Greater Plutonio,AO,-7.83333,12.11667
AOLAD,Luanda,Luanda,AO,-8.8272699,13.2439512
AOLBT,Lombo Terminal,Lombo Terminal,AO,-6.98333,12.35
AOLOB,Lobito,Lobito,AO,-12.3506867,13.5464318
AOLUC,Lucira,Lucira,AO,-13.8654983,12.5248067
AOMSZ,Namibe,Namibe,AO,-15.195064,12.1458085
AONDD,Sumbe,Sumbe,AO,-11.2019365,13.8396845
AONQI,Nóqui,Nóqui,AO,-5.85,13.43333
AONTO,N'Zeto,N'Zeto,AO,-7.23333,12.86667
AOPAT,Palanca Terminal,Palanca Terminal,AO,-6.95,12.4
AOPBN,Porto Amboim,Porto Amboim,AO,-10.7279102,13.7578988
AOPLE,Tombua,Tombua,AO,-15.81667,11.85
AOPSA,Porto Saco (Portosalazar),Porto Saco (Portosalazar),AO,-15.13333,12.13333
AORSN,River Sao Nicolau,River Sao Nicolau,AO,-14.25,12.33333
AOSTL,Sazaire Terminal,Sazaire Terminal,AO,-6.08333,12.38333
AOSZA,Soyo,Soyo,AO,-6.1387951,12.3690144
AOTAK,Takula Terminal,Takula Terminal,AO,-5.216667,11.783333
AQABA,Aboa,Aboa,AQ,-73.05,-13.41667
AQAPT,Arturo Prat,Arturo Prat,AQ,-62.5,-59.68333
AQARC,Arctowski,Arctowski,AQ,-62.15,-58.46667
AQART,Artigas,Artigas,AQ,-62.18333,-58.9
AQBHN,Bellingshausen,Bellingshausen,AQ,-62.18333,-58.95
AQCAS,Casey Station,Casey Station,AQ,-66.28333,110.51667
AQCFZ,Comandante Ferraz,Comandante Ferraz,AQ,-62.08333,-58.38333
AQDAV,Davis Station,Davis Station,AQ,-68.56667,77.96667
AQDDU,Dumont d'Urville Station,Dumont d'Urville Station,AQ,-66.65,140
AQESC,Escudero,Escudero,AQ,-62.2,-58.95
AQESP,Esperanza,Esperanza,AQ,-63.38333,-56.98333
AQGWL,Great Wall,Great Wall,AQ,-62.21667,-58.96667
AQHLY,Halley,Halley,AQ,-75.56667,-26.53333
AQJBS,Jang Bogo Station,Jang Bogo Station,AQ,-74.6,164.2
AQJCP,Juan Carlos Primero,Juan Carlos Primero,AQ,-62.65,-60.38333
AQJUB,Jubany,Jubany,AQ,-62.23333,-58.65
AQKHN,Kohnen,Kohnen,AQ,-75,0.06667
AQKSG,King Sejong,King Sejong,AQ,-62.21667,-58.78333
AQLAW,Law Base,Law Base,AQ,-69.38333,76.38333
AQMAW,Mawson Station,Mawson Station,AQ,-67.6,62.86667
AQMCM,McMurdo,McMurdo,AQ,-77.83333,166.66667
AQMIR,Mirny,Mirny,AQ,-66.55,93
AQMRB,Marambio,Marambio,AQ,-64.23333,-56.65
AQMZU,Mario Zucchelli,Mario Zucchelli,AQ,-74.68333,164.11667
AQOHG,General Bernardo O'higgins,General Bernardo O'higgins,AQ,-63.31667,-57.9
AQORC,Orcadas,Orcadas,AQ,-60.73333,-44.73333
AQPFS,Port Foster,Port Foster,AQ,-63,-60.56667
AQPLM,Palmer,Palmer,AQ,-64.76667,-64.05
AQPRO,Progress,Progress,AQ,-69.4,76.38333
AQROT,Rothera,Rothera,AQ,-67.56667,-68.11667
AQSGN,Signy,Signy,AQ,-60.71667,-45.6
AQSMT,San Martín,San Martín,AQ,-68.11667,-67.1
AQSYW,Syowa,Syowa,AQ,-69,39.58333
AQVKY,Vernadsky,Vernadsky,AQ,-65.23333,-64.25
AQWSA,Wasa,Wasa,AQ,-73.05,-13.41667
AQZGN,Zhongshan,Zhongshan,AQ,-69.36667,76.38333
ARACF,Arrecifes,Arrecifes,AR,-34.08333,-60.11667
ARASO,Arroyo Seco,Arroyo Seco,AR,-33.13333,-60.43333
ARBHI,Bahía Blanca,Bahía Blanca,AR,-38.71667,-62.28333
ARBQS,Barranqueras,Barranqueras,AR,-27.4773912,-58.9084561
ARBUE,Buenos Aires,Buenos Aires,AR,-34.6095579,-58.3887904
ARBUI,Ingeniero Buitrago,Ingeniero Buitrago,AR,-33.35,-60.13333
ARBVC,Bella Vista,Bella Vista,AR,-28.5,-59.05
ARCBS,Chimbas,Chimbas,AR,-31.48333,-68.53333
ARCDL,Candelaria,Candelaria,AR,-27.45,-55.75
ARCHL,Choele Choel,Choele Choel,AR,-39.2932355,-65.6615828
ARCHO,Chilecito,Chilecito,AR,-29.16667,-67.5
ARCLC,Caleta Córdoba,Caleta Córdoba,AR,-45.73333,-67.06667
ARCMP,Campana,Campana,AR,-34.15,-58.95
ARCNQ,Corrientes,Corrientes,AR,-27.4687004,-58.8311982
ARCOL,Colón,Colón,AR,-32.21667,-58.13333
ARCOU,Concepción del Uruguay,Concepción del Uruguay,AR,-32.48333,-58.23333
ARCRD,Comodoro Rivadavia,Comodoro Rivadavia,AR,-45.8632024,-67.4752615
ARCRY,Colonia Caroya,Colonia Caroya,AR,-31.0220578,-64.0617445
ARCSA,Cabo San Antonio,Cabo San Antonio,AR,-36.03333,-56.56667
ARCUA,Cuatreros/Bahia Blanca,Cuatreros/Bahia Blanca,AR,-38.7491885,-62.3813474
ARCVI,Caleta Olivia,Caleta Olivia,AR,-46.442117,-67.5175069
ARDGU,Del Guazu,Del Guazu,AR,-33.9,-58.86667
ARDME,Diamante,Diamante,AR,-32.06667,-60.65
ARDSU,Dock Sur,Dock Sur,AR,-34.65,-58.33333
ARFMA,Formosa,Formosa,AR,-26.1852983,-58.1744976
ARGEO,Agrelo,Agrelo,AR,-33.11667,-68.88333
ARGHU,Gualeguaychú,Gualeguaychú,AR,-33.01667,-58.51667
ARIBY,Ibicuy,Ibicuy,AR,-33.73333,-59.16667
ARINW,Ingeniero White/Bahia Blanca,Ingeniero White/Bahia Blanca,AR,-38.78333,-62.26667
ARIQO,Coquimbito,Coquimbito,AR,-32.96667,-68.75
ARJLS,Jose Leon Suarez,Jose Leon Suarez,AR,-34.5283329,-58.5771687
ARLAV,Lavalle,Lavalle,AR,-28.2,-65.13333
ARLCU,Lujan de Cuyo,Lujan de Cuyo,AR,-33.05,-68.86667
ARLPG,La Plata,La Plata,AR,-34.85,-57.88333
ARLPM,La Paz,La Paz,AR,-33.46667,-67.55
ARLPS,Las Palmas,Las Palmas,AR,-34.646703,-59.4023843
ARLUJ,Luján,Luján,AR,-34.56667,-59.1
ARLZG,Luzuriaga,Luzuriaga,AR,-32.95,-68.81667
ARMDQ,Mar del Plata,Mar del Plata,AR,-38.05,-57.53333
ARNEC,Necochea,Necochea,AR,-38.5545494,-58.7392624
ARNOS,Molinos,Molinos,AR,-25.41667,-66.31667
AROVI,Olavarría,Olavarría,AR,-36.88333,-60.33333
AROYA,Goya,Goya,AR,-29.1444046,-59.2649825
AROYO,Tres Arroyos,Tres Arroyos,AR,-38.38333,-60.28333
ARPAL,Puerto Alumbrera,Puerto Alumbrera,AR,-32.65,-60.75
ARPBG,Puerto Belgrano/Bahia Blanca,Puerto Belgrano/Bahia Blanca,AR,-38.8778269,-62.090821
ARPCO,Punta Colorada,Punta Colorada,AR,-41.7,-65
ARPCY,Pilcomayo,Pilcomayo,AR,-25.3725829,-57.6519799
ARPEL,Puerto Eldorado,Puerto Eldorado,AR,-26.35,-54.68333
ARPGV,Puerto Galvan/Bahia Blanca,Puerto Galvan/Bahia Blanca,AR,-38.783333,-62.3
ARPLA,Puerto Lavalle,Puerto Lavalle,AR,-29.01667,-59.18333
ARPLO,Punta Loyola,Punta Loyola,AR,-51.6094242,-69.010354
ARPME,Punta Medanos,Punta Medanos,AR,-36.83333,-56.66667
ARPMY,Puerto Madryn,Puerto Madryn,AR,-42.75,-65.03333
ARPNL,Puerto Nacional/Bahia Blanca,Puerto Nacional/Bahia Blanca,AR,-38.71667,-62.28333
ARPP9,Pablo Podestá,Pablo Podestá,AR,-34.6,-58.51667
ARPQU,Punta Quilla,Punta Quilla,AR,-50.116389,-68.412222
ARPRA,Paraná,Paraná,AR,-31.73333,-60.53333
ARPRS,Puerto Rosales/Bahia Blanca,Puerto Rosales/Bahia Blanca,AR,-38.93333,-62.06667
ARPSS,Posadas,Posadas,AR,-27.3664824,-55.894295
ARPUB,Puerto Borghi,Puerto Borghi,AR,-32.7909688,-60.7121882
ARPUD,Puerto Deseado,Puerto Deseado,AR,-47.75,-65.9
ARPWA,Puerto Wanda,Puerto Wanda,AR,-25.96667,-54.6
ARQBR,Quebracho/San Lorenzo,Quebracho/San Lorenzo,AR,-32.65,-60.71667
ARQQN,Quequén,Quequén,AR,-38.53333,-58.7
ARRAM,Ramallo,Ramallo,AR,-33.4849394,-60.0044551
ARRFO,Rosario de la Frontera,Rosario de la Frontera,AR,-25.8,-64.96667
ARRGA,Río Grande,Río Grande,AR,-53.78333,-67.7
ARRGL,Río Gallegos,Río Gallegos,AR,-51.63333,-69.21667
ARRIC,Rio Cullen,Rio Cullen,AR,-52.8988099,-68.3549211
ARRIV,Rivadavia,Rivadavia,AR,-33.18333,-68.46667
ARROC,Puerto Ingeniero M. Rocca,Puerto Ingeniero M. Rocca,AR,-34.85,-57.93333
ARROS,Rosario,Rosario,AR,-32.95,-60.65
ARRSF,Resinfor,Resinfor,AR,-32.65,-60.73333
ARRWO,Rawson,Rawson,AR,-43.3,-65.1
ARRZA,Santa Cruz,Santa Cruz,AR,-50.01667,-68.41667
ARSAE,San Antonio Este,San Antonio Este,AR,-40.8035019,-64.8807966
ARSAL,Salto,Salto,AR,-34.2917828,-60.2544888
ARSAN,Santa Ana,Santa Ana,AR,-27.33333,-55.58333
ARSCA,San Carlos,San Carlos,AR,-33.76667,-69.03333
ARSFE,San Fernando,San Fernando,AR,-34.4471919,-58.5701505
ARSFN,Santa Fe,Santa Fe,AR,-31.6,-60.68333
ARSIG,San Ignacio,San Ignacio,AR,-27.26667,-55.56667
ARSLO,San Lorenzo,San Lorenzo,AR,-32.65,-60.71667
ARSMA,San Martin,San Martin,AR,-32.71667,-60.73333
ARSMR,San Martin,San Martin,AR,-33.06667,-68.46667
ARSNS,San Nicolás de los Arroyos,San Nicolás de los Arroyos,AR,-33.33333,-60.23333
ARSPD,San Pedro,San Pedro,AR,-33.68333,-59.16667
ARSSJ,San Salvador de Jujuy,San Salvador de Jujuy,AR,-24.18333,-65.3
ARSSN,San Sebastián,San Sebastián,AR,-53.3,-68.46667
ARSTA,Santa Rosa,Santa Rosa,AR,-33.25,-68.15
ARTIM,Timbúes,Timbúes,AR,-32.63333,-60.78333
ARTUC,Tucumán,Tucumán,AR,-26.81667,-65.21667
ARTUN,Tunuyan,Tunuyan,AR,-33.56667,-69.01667
ARULA,San Julian,San Julian,AR,-49.3,-67.71667
ARURD,Urdurrain,Urdurrain,AR,-32.68333,-58.88333
ARUSH,Ushuaia,Ushuaia,AR,-54.8,-68.3
ARVCN,Villa Constitución,Villa Constitución,AR,-33.23333,-60.33333
ARVHE,Villa Hernandarias,Villa Hernandarias,AR,-31.23333,-59.98333
ARVLO,Vicente López,Vicente López,AR,-34.51667,-58.48333
ARVMD,Villa Mercedes,Villa Mercedes,AR,-30.1065873,-68.7009333
ARVTT,Villa del Totoral,Villa del Totoral,AR,-30.7046103,-64.068164
ARXPD,San Pedro,San Pedro,AR,-24.233333,-64.866667
ARZAE,Zárate,Zárate,AR,-34.1,-59.03333
ASPPG,Pago Pago,Pago Pago,AS,-14.279444,-170.700556
AT7PZ,Prinzersdorf,Prinzersdorf,AT,48.2,15.51667
ATATK,Paternion,Paternion,AT,46.7,13.63333
ATATN,Asten,Asten,AT,48.21667,14.4
ATAWH,Altenwörth,Altenwörth,AT,48.38333,15.85
ATBFS,Bischofshofen,Bischofshofen,AT,47.41667,13.21667
ATBNN,Hobersbrunn,Hobersbrunn,AT,48.5,16.56667
ATBOE,Böhlerwenk,Böhlerwenk,AT,47.98333,14.75
ATBRI,Engabrunn,Engabrunn,AT,48.45,15.75
ATBRZ,Bregenz,Bregenz,AT,47.5,9.76667
ATDFC,Engerwitzdorf,Engerwitzdorf,AT,48.35,14.45
ATDKZ,Deutschkreutz,Deutschkreutz,AT,47.6,16.63333
ATDOF,Hadersdorf,Hadersdorf,AT,48.45,15.71667
ATDRA,Drasenhofen,Drasenhofen,AT,48.7560897,16.6464924
ATDRO,Dross,Dross,AT,48.45,15.56667
ATDUE,Dürnstein,Dürnstein,AT,48.38333,15.51667
ATDWA,Deutsch Wagram,Deutsch Wagram,AT,48.3,16.56667
ATEBR,Ebreichsdorf,Ebreichsdorf,AT,47.95,16.4
ATEIN,Hoflein,Hoflein,AT,48.06667,16.78333
ATEPD,Erpersdorf,Erpersdorf,AT,48.33333,15.9
ATERL,Erl,Erl,AT,47.66667,12.16667
ATERM,Vordernberg,Vordernberg,AT,47.46667,15
ATERO,Engelmannsbrunn,Engelmannsbrunn,AT,48.45,15.88333
ATERR,Dobermannsdorf,Dobermannsdorf,AT,48.6,16.81667
ATETZ,Rietz,Rietz,AT,47.28333,11.05
ATEWD,Eibiswald,Eibiswald,AT,46.6849442,15.2456089
ATFBZ,Sankt Stefan ob Stainz,Sankt Stefan ob Stainz,AT,46.91667,15.25
ATFG7,Achau,Achau,AT,48.0803418,16.3865508
ATFHR,Fehring,Fehring,AT,46.93333,16
ATFNA,Freudenau,Freudenau,AT,48.18333,16.43333
ATFPS,Fulpmes,Fulpmes,AT,47.15,11.35
ATFSU,Faistenau,Faistenau,AT,47.76667,13.21667
ATGA6,Gamlitz,Gamlitz,AT,46.71667,15.55
ATGDN,Gmunden,Gmunden,AT,47.91667,13.8
ATGFS,Greifenstein,Greifenstein,AT,48.33333,16.23333
ATGGU,Oggau,Oggau,AT,47.83333,16.66667
ATGHH,Haugsdorf,Haugsdorf,AT,48.7,16.06667
ATGHJ,Krustetten,Krustetten,AT,48.3606658,15.6635388
ATGRN,Grein,Grein,AT,48.21667,14.83333
ATGSN,Gutenstein,Gutenstein,AT,47.86667,15.88333
ATHKM,Hadersdorf-Kammern,Hadersdorf-Kammern,AT,48.45,15.71667
ATIEG,Limberg,Limberg,AT,48.58333,15.86667
ATITN,Hausleiten,Hausleiten,AT,48.38333,16.1
ATJDD,Judendorf,Judendorf,AT,47.11667,15.35
ATJPS,Japons,Japons,AT,48.78333,15.56667
ATKAM,Kammern im Liesingtal,Kammern im Liesingtal,AT,47.4,14.9
ATKFD,Knittelfeld,Knittelfeld,AT,47.2,14.81667
ATKMB,Krummnussbaum,Krummnussbaum,AT,48.21667,15.16667
ATKTT,Kematen in Tirol,Kematen in Tirol,AT,47.25,11.26667
ATLKN,Falkenstein,Falkenstein,AT,48.720833,16.585833
ATLTS,Leutschach,Leutschach,AT,46.66667,15.46667
ATLTX,Hainfeld,Hainfeld,AT,48.03333,15.76667
ATLUA,Lembach,Lembach,AT,48.48333,13.88333
ATLZD,Langenzersdorf,Langenzersdorf,AT,48.3,16.35
ATMAB,Marbach an der Donau,Marbach an der Donau,AT,48.21667,15.15
ATMAN,Manning,Manning,AT,48.08333,13.66667
ATMBS,Morbisch am See,Morbisch am See,AT,47.75,16.66667
ATMKA,Markt Allhau,Markt Allhau,AT,47.23333,16.08333
ATMKC,Mitterkirchen,Mitterkirchen,AT,48.18333,14.7
ATNAD,Neuhofen an der Ybbs,Neuhofen an der Ybbs,AT,48.05,14.85
ATND2,Nickelsdorf,Nickelsdorf,AT,47.93333,17.06667
ATNFN,Neufelden,Neufelden,AT,48.48333,13.98333
ATNGG,Neudegg,Neudegg,AT,48.48333,15.88333
ATNNN,Donnerskirchen,Donnerskirchen,AT,47.9,16.63333
ATNT9,Muthmannsdorf,Muthmannsdorf,AT,47.83333,16.1
ATNUZ,Nüziders,Nüziders,AT,47.18333,9.8
ATOBU,Oberneukirchen,Oberneukirchen,AT,48.4645137,14.226266
ATOSH,Ottensheim,Ottensheim,AT,48.33333,14.18333
ATPAS,Podersdorf am See,Podersdorf am See,AT,47.85,16.83333
ATPBU,Persenbeug,Persenbeug,AT,48.18333,15.06667
ATPET,Petzenkirchen,Petzenkirchen,AT,48.13333,15.15
ATRAD,Radstadt,Radstadt,AT,47.38333,13.45
ATREG,Regau,Regau,AT,48.08333,14.13333
ATRHN,Ranshofen,Ranshofen,AT,48.23333,13
ATRHR,Rohrau,Rohrau,AT,48.06667,16.85
ATRRF,Ruhrsdorf,Ruhrsdorf,AT,48.4,15.5
ATRTV,Gallbrunn,Gallbrunn,AT,48.0545255,16.6422945
ATSAG,Schutzen am Gebirge,Schutzen am Gebirge,AT,47.85,16.61667
ATSAK,Sankt Aegidi,Sankt Aegidi,AT,48.48333,13.75
ATSFT,Senftenberg,Senftenberg,AT,48.43333,15.55
ATSGS,Sankt Georgen bei Salzburg,Sankt Georgen bei Salzburg,AT,47.98333,12.88333
ATSK3,Sankt Margrethen,Sankt Margrethen,AT,46.63333,14.38333
ATSMK,Schönau im Mühlkreis,Schönau im Mühlkreis,AT,48.38333,14.73333
ATSMR,Sankt Margarethen an der Raab,Sankt Margarethen an der Raab,AT,47.05,15.75
ATSPG,Spannberg,Spannberg,AT,48.45,16.73333
ATSPZ,Spitz,Spitz,AT,48.36667,15.41667
ATSSS,Steinberg,Steinberg,AT,47.48333,16.48333
ATST6,Straden,Straden,AT,46.8,15.86667
ATSTD,Steeg,Steeg,AT,47.2425,10.294444
ATSUH,Sankt Ulrich,Sankt Ulrich,AT,48.6,16.76667
ATSUS,Steinhaus,Steinhaus,AT,48.11667,14.01667
ATSVM,Sankt Veit im Mühlkreis,Sankt Veit im Mühlkreis,AT,48.46667,14.15
ATSWH,Gross-Schweinbarth,Gross-Schweinbarth,AT,48.4,16.61667
ATSXA,Bernhardsthal,Bernhardsthal,AT,48.68333,16.86667
ATTAM,Tamsweg,Tamsweg,AT,47.13333,13.8
ATTEN,Hausmannstatten,Hausmannstatten,AT,46.98333,15.5
ATTFS,Terfens,Terfens,AT,47.31667,11.65
ATTHS,Theiss,Theiss,AT,48.38333,15.68333
ATTKP,Taufkirchen an der Pram,Taufkirchen an der Pram,AT,48.41667,13.53333
ATTMR,Traismauer,Traismauer,AT,48.33333,15.73333
ATTTL,Schrattenthal,Schrattenthal,AT,48.7,15.9
ATVEL,Velden,Velden,AT,46.61667,14.05
ATWDF,Weitendorf,Weitendorf,AT,46.88333,15.46667
ATWEU,Weinburg,Weinburg,AT,48.1,15.51667
ATWSE,Wallsee,Wallsee,AT,48.16667,14.71667
ATWUL,Wulkaprodersdorf,Wulkaprodersdorf,AT,47.8,16.5
ATXAE,Oehling,Oehling,AT,48.1,14.8
ATZIN,Inzersdorf an der Traisen,Inzersdorf an der Traisen,AT,48.31667,15.66667
ATZLF,Jetzelsdorf,Jetzelsdorf,AT,48.7,16.05
ATZNG,Zobing,Zobing,AT,48.48333,15.68333
ATZRF,Ketzelsdorf,Ketzelsdorf,AT,48.65,16.65
AU5CI,Selby,Selby,AU,-37.91667,145.38333
AUABP,Abbot Point,Abbot Point,AU,-19.9,148.08333
AUADL,Adelaide,Adelaide,AU,-34.91667,138.58333
AUAGS,Augusta,Augusta,AU,-34.31667,115.16667
AUALD,Aldgate,Aldgate,AU,-35.01667,138.73333
AUALH,Albany,Albany,AU,-35.0247822,117.883608
AUALI,Australind,Australind,AU,-33.28333,115.71667
AUALP,Abell Point,Abell Point,AU,-20.26667,148.71667
AUAMR,Amrun,Amrun,AU,-12.91667,141.61667
AUANN,Annandale,Annandale,AU,-33.88333,151.16667
AUAPP,Applecross,Applecross,AU,-32.01667,115.83333
AUARD,Ardrossan,Ardrossan,AU,-34.424675,137.915867
AUASB,Ashburton,Ashburton,AU,-21.68333,115
AUASH,Ashton,Ashton,AU,-34.93333,138.73333
AUATT,Attadale,Attadale,AU,-32.01667,115.78333
AUBAA,Balhannah,Balhannah,AU,-34.98333,138.83333
AUBAE,Baerami,Baerami,AU,-32.4,150.48333
AUBAH,Ballast Head,Ballast Head,AU,-35.755899,137.7700944
AUBAL,Balnarring,Balnarring,AU,-38.36667,145.13333
AUBAR,Barry Beach,Barry Beach,AU,-38.7,146.38333
AUBBG,Bing Bong,Bing Bong,AU,-15.7490332,136.2521323
AUBBL,Beelbangera,Beelbangera,AU,-34.26667,146.1
AUBBY,Bremer Bay,Bremer Bay,AU,-34.38333,119.36667
AUBCH,Beachport,Beachport,AU,-37.4818511,140.0106789
AUBDB,Bundaberg,Bundaberg,AU,-24.8653253,152.3516785
AUBDY,Bomaderry,Bomaderry,AU,-34.85,150.61667
AUBE9,Belrose,Belrose,AU,-33.73333,151.21667
AUBEL,Bell Bay,Bell Bay,AU,-41.131424,146.8657946
AUBFD,Beresfield,Beresfield,AU,-32.8,151.65
AUBIC,Bicheno,Bicheno,AU,-41.86667,148.28333
AUBKE,Berkeley Vale,Berkeley Vale,AU,-33.35,151.43333
AUBLP,Black Point,Black Point,AU,-34.614722,137.897501
AUBME,Broome,Broome,AU,-17.9566909,122.2240181
AUBMW,Broadmeadows,Broadmeadows,AU,-37.6832769,144.9323037
AUBNE,Brisbane,Brisbane,AU,-27.46667,153.01667
AUBNK,Ballina,Ballina,AU,-28.86574,153.5659468
AUBNN,Bannockburn,Bannockburn,AU,-38.05,144.16667
AUBNY,Blayney,Blayney,AU,-33.53333,149.25
AUBOB,Bobin,Bobin,AU,-31.71667,152.28333
AUBOD,Boondall,Boondall,AU,-27.33333,153.05
AUBOL,Bridgewater-on-Loddon,Bridgewater-on-Loddon,AU,-36.6,143.95
AUBOO,Booby Island,Booby Island,AU,-10.6,141.91667
AUBOT,Boort,Boort,AU,-36.11667,143.71667
AUBOU,Boundary Bend,Boundary Bend,AU,-34.7,143.15
AUBOV,Blacktip Terminal,Blacktip Terminal,AU,-14.4,129.35
AUBOY,Boyer,Boyer,AU,-42.77595,147.10139
AUBPO,Bridport,Bridport,AU,-41,147.4
AUBRR,Berrys Creek,Berrys Creek,AU,-38.41667,146.06667
AUBRT,Bathurst Island,Bathurst Island,AU,-11.583333,130.3
AUBSA,Brighton-Le-Sands,Brighton-Le-Sands,AU,-33.95,151.15
AUBTB,Botany Bay,Botany Bay,AU,-33.9859293,151.1883543
AUBUC,Burketown,Burketown,AU,-17.73333,139.53333
AUBUL,Bulli,Bulli,AU,-34.3,150.91667
AUBUS,Busselton,Busselton,AU,-33.644499,115.3488754
AUBUY,Bunbury,Bunbury,AU,-33.3267797,115.636698
AUBVD,Belvidere,Belvidere,AU,-35.3,138.93333
AUBWB,Barrow Island,Barrow Island,AU,-20.782066,115.4067731
AUBWI,Bulwer,Bulwer,AU,-27.06667,153.36667
AUBWT,Burnie,Burnie,AU,-41.0523688,145.9064073
AUBYP,Beauty Point,Beauty Point,AU,-41.1567189,146.8204306
AUBYY,Bushy Park,Bushy Park,AU,-37.86667,147.03333
AUC8R,Cromer,Cromer,AU,-34.76667,139
AUCAL,Caloundra Head,Caloundra Head,AU,-26.7981633,153.1354434
AUCAP,Capalaba,Capalaba,AU,-27.51667,153.18333
AUCAR,Carina Heights,Carina Heights,AU,-27.5,153.08333
AUCBA,Corio Bay,Corio Bay,AU,-38.11667,144.43333
AUCBO,Carboor,Carboor,AU,-36.63333,146.55
AUCBR,Canberra,Canberra,AU,-35.2975906,149.1012676
AUCCU,Cape Cuvier,Cape Cuvier,AU,-24.2254977,113.3936022
AUCDN,Clarendon,Clarendon,AU,-35.11667,138.63333
AUCFS,Coffs Harbour,Coffs Harbour,AU,-30.2985996,153.1094116
AUCHA,Chatswood,Chatswood,AU,-33.7967377,151.1814306
AUCHB,Catherine Hill Bay,Catherine Hill Bay,AU,-33.1556323,151.6273518
AUCHE,Chermside,Chermside,AU,-27.384991,153.033322
AUCHV,Challis Venture (oil terminal),Challis Venture (oil terminal),AU,-12.11667,125.01667
AUCLF,Carlingford,Carlingford,AU,-33.78333,151.05
AUCLM,Claremont,Claremont,AU,-31.98333,115.78333
AUCLN,Cape Leeuwin,Cape Leeuwin,AU,-34.376389,115.136389
AUCLT,Cape Lambert,Cape Lambert,AU,-20.612057,117.1601648
AUCMB,Cambridge,Cambridge,AU,-42.83333,147.45
AUCMO,Como,Como,AU,-34,151.06667
AUCMP,Camperdown,Camperdown,AU,-33.88333,151.16667
AUCN6,Chinderah,Chinderah,AU,-28.23333,153.55
AUCNS,Cairns,Cairns,AU,-16.9206657,145.7721854
AUCNW,Coonawarra,Coonawarra,AU,-37.3,140.81667
AUCOO,Coomera,Coomera,AU,-27.88333,153.3
AUCOP,Cossack Pioneer (oil terminal),Cossack Pioneer (oil terminal),AU,-19.58333,116.45
AUCOU,Coolum,Coolum,AU,-26.55,153.08333
AUCOW,Cowaramup,Cowaramup,AU,-33.86667,115.08333
AUCPN,Cape Preston,Cape Preston,AU,-20.85,116.2
AUCPR,Coorparoo,Coorparoo,AU,-27.5,153.05
AUCQP,Cape Flattery,Cape Flattery,AU,-14.9833,145.351
AUCRF,Crafers,Crafers,AU,-35,138.7
AUCRL,Coral Bay,Coral Bay,AU,-23.13333,113.76667
AUCRS,Coral Sea,Coral Sea,AU,-21.006593,149.5620841
AUCRU,Cronulla,Cronulla,AU,-34.05,151.15
AUCRV,Coromandel Valley,Coromandel Valley,AU,-35.05,138.61667
AUCST,Coldstream,Coldstream,AU,-37.71667,145.36667
AUCTE,Cottesloe,Cottesloe,AU,-32,115.76667
AUCTH,Thevenard Island,Thevenard Island,AU,-21.45,114.98333
AUCTI,Cockatoo Island,Cockatoo Island,AU,-16.1,123.61667
AUCTN,Cooktown,Cooktown,AU,-15.3718125,144.9028573
AUCTT,Cottles Bridge,Cottles Bridge,AU,-37.63333,145.21667
AUCUN,Caufield North,Caufield North,AU,-37.873,145.025
AUCVL,Clovelly,Clovelly,AU,-33.9,151.25
AUCVN,Cleveland,Cleveland,AU,-27.53333,153.26667
AUCVQ,Carnarvon,Carnarvon,AU,-24.883847,113.6570703
AUCVS,Caversham,Caversham,AU,-31.88333,115.96667
AUDA5,Twowells,Twowells,AU,-34.6,138.5
AUDAA,Darra,Darra,AU,-27.568054,152.9542605
AUDAL,Dalton,Dalton,AU,-34.71667,149.18333
AUDAM,Dampier,Dampier,AU,-20.6624798,116.7119013
AUDAR,Dardanup,Dardanup,AU,-33.4,115.75
AUDFE,Longwood,Longwood,AU,-35.045255,138.7280787
AUDGA,Tea Gardens,Tea Gardens,AU,-32.66667,152.15
AUDHI,Dhipirrinjura,Dhipirrinjura,AU,-12.25,135.08333
AUDIA,Diamond Creek,Diamond Creek,AU,-37.66667,145.15
AUDIL,Cowandilla,Cowandilla,AU,-34.91667,138.55
AUDIT,Dalrymple Islet,Dalrymple Islet,AU,-9.6,143.3
AUDLP,Arndell Park,Arndell Park,AU,-33.78333,150.86667
AUDON,Cape Don,Cape Don,AU,-11.31667,131.75
AUDPO,Devonport,Devonport,AU,-41.1797561,146.3613011
AUDRB,Derby,Derby,AU,-17.3031912,123.6287226
AUDRW,Darwin,Darwin,AU,-12.45,130.83333
AUDRY,Drysdale,Drysdale,AU,-38.16667,144.56667
AUDSW,Padstow,Padstow,AU,-33.95,151.03333
AUEDB,Edithburgh,Edithburgh,AU,-35.0870533,137.7424327
AUEDE,Eden Valley,Eden Valley,AU,-34.65,139.1
AUELB,Elizabeth Bay,Elizabeth Bay,AU,-33.8716908,151.2282875
AUELE,Electrona,Electrona,AU,-43.055251,147.2620888
AUELT,Eltham,Eltham,AU,-37.73333,145.15
AUEPR,Esperance,Esperance,AU,-33.858228,121.8931606
AUEVL,Evans Landing,Evans Landing,AU,-12.66667,141.85
AUEXM,Exmouth Gulf,Exmouth Gulf,AU,-22.6065486,114.1991273
AUFIN,Findon,Findon,AU,-34.9,138.53333
AUFIS,Fisherman Islands,Fisherman Islands,AU,-30.1297926,114.9440783
AUFLD,Frankland,Frankland,AU,-34.3607322,117.0801807
AUFLN,Flynn,Flynn,AU,-38.16667,146.68333
AUFRE,Fremantle,Fremantle,AU,-32.0534086,115.7586172
AUFRY,Port Fairy,Port Fairy,AU,-38.36667,142.23333
AUFWT,Freshwater,Freshwater,AU,-33.76667,151.28333
AUGBT,Garbutt,Garbutt,AU,-19.26667,146.76667
AUGEE,George Town,George Town,AU,-41.1050157,146.8238459
AUGEM,Gembrook,Gembrook,AU,-37.95,145.55
AUGET,Geraldton,Geraldton,AU,-28.77035,114.6147159
AUGEX,Geelong,Geelong,AU,-38.1493248,144.3598241
AUGLL,Glebe Island,Glebe Island,AU,-33.8662904,151.1838513
AUGLT,Gladstone,Gladstone,AU,-23.8431724,151.256132
AUGOA,Goolwa,Goolwa,AU,-35.5,138.78333
AUGOH,Gove Harbour,Gove Harbour,AU,-12.21667,136.66667
AUGOR,Gordon,Gordon,AU,-37.58333,144.1
AUGOV,Gove,Gove,AU,-12.2913985,136.8472845
AUGRB,Gravelly Beach,Gravelly Beach,AU,-41.3,146.96667
AUGRH,Greenhead,Greenhead,AU,-30.05,114.967
AUGRK,Greenock,Greenock,AU,-34.46667,138.91667
AUGRU,Gruyere,Gruyere,AU,-37.73333,145.45
AUGRV,Griffin Venture (oil terminal),Griffin Venture (oil terminal),AU,-21.21667,114.63333
AUGTE,Groote Eylandt,Groote Eylandt,AU,-13.9333,136.6
AUGTW,Great Western,Great Western,AU,-37.15,142.85
AUGTY,Kingsford,Kingsford,AU,-33.9215922,151.2272307
AUGUM,Gumeracha,Gumeracha,AU,-34.83333,138.88333
AUGUR,The Gurdies,The Gurdies,AU,-38.36667,145.55
AUHAH,Hahndorf,Hahndorf,AU,-35.03333,138.8
AUHAM,Hampton,Hampton,AU,-37.937671,145.0086789
AUHAS,Hastings,Hastings,AU,-38.3,145.25
AUHBA,Hobart,Hobart,AU,-42.86667,147.3
AUHBE,Heatherbrae,Heatherbrae,AU,-32.78333,151.73333
AUHDD,Hoddles Creek,Hoddles Creek,AU,-37.83333,145.58333
AUHFR,Henderson,Henderson,AU,-32.16667,115.76667
AUHNK,Hinchinbrook Island,Hinchinbrook Island,AU,-18.38333,146.28333
AUHPP,Happy Valley,Happy Valley,AU,-35.08333,138.53333
AUHPT,Hay Point,Hay Point,AU,-21.298313,149.2693543
AUHTH,Heathcote,Heathcote,AU,-36.91667,144.71667
AUHTT,Halletts Cove,Halletts Cove,AU,-35.06667,138.5
AUHWD,Hanwood,Hanwood,AU,-34.33333,146.03333
AUIGF,Ingle Farm,Ingle Farm,AU,-34.83333,138.63333
AUIPS,Ipswich,Ipswich,AU,-27.6160323,152.7608348
AUIRY,Irymple,Irymple,AU,-34.25,142.16667
AUJML,Laurieton,Laurieton,AU,-31.65,152.8
AUKAN,Kangarilla,Kangarilla,AU,-35.15,138.65
AUKAY,Kayena,Kayena,AU,-41.18333,146.88333
AUKEI,Keith,Keith,AU,-36.1,140.35
AUKGC,Kingscote,Kingscote,AU,-35.6524847,137.6367523
AUKIT,Kingston,Kingston,AU,-36.8391699,139.8471033
AUKJH,Welland,Welland,AU,-34.9,138.53333
AUKLL,Maryknoll,Maryknoll,AU,-38.034305,145.604829
AUKLP,Klein Point,Klein Point,AU,-34.95972,137.78056
AUKNG,Kensington Gardens,Kensington Gardens,AU,-34.9197256,138.6631867
AUKOI,Koolan Island,Koolan Island,AU,-16.125278,123.738333
AUKRB,Karumba,Karumba,AU,-17.48333,140.83333
AUKTR,Katherine,Katherine,AU,-14.4646157,132.2635993
AUKUR,Kurnell,Kurnell,AU,-34.0222379,151.1880555
AUKWI,Kwinana,Kwinana,AU,-32.2431049,115.8253914
AULAB,Lady Barron,Lady Barron,AU,-40.2114066,148.2420655
AULAN,Langarra,Langarra,AU,-12.08333,135.35
AULDH,Lord Howe Is,Lord Howe Is,AU,-31.5233816,159.0636715
AULEN,Lakes Entrance,Lakes Entrance,AU,-37.88333,147.98333
AULKU,Torrensville,Torrensville,AU,-34.9197846,138.5597989
AULME,Bangholme,Bangholme,AU,-38.0483919,145.1720859
AULMQ,Lake Macquarie,Lake Macquarie,AU,-33.06667,151.6
AULOW,Lisarow,Lisarow,AU,-33.38333,151.36667
AULST,Launceston,Launceston,AU,-41.4340813,147.1373496
AULUB,Lucky Bay,Lucky Bay,AU,-33.7028527,137.0417716
AULUC,Lucinda,Lucinda,AU,-18.532484,146.3372932
AULYD,Lilydale,Lilydale,AU,-37.75,145.36667
AUMAR,Marrickville,Marrickville,AU,-33.91667,151.16667
AUMBH,Maryborough,Maryborough,AU,-25.537583,152.7019182
AUMBY,Maribyrnong,Maribyrnong,AU,-37.78333,144.88333
AUMDC,Mordialloc,Mordialloc,AU,-38.01667,145.08333
AUMEL,Melbourne,Melbourne,AU,-37.81667,144.96667
AUMHW,Mount Hawthorn,Mount Hawthorn,AU,-31.91667,115.83333
AUMIB,Milner Bay,Milner Bay,AU,-13.8549589,136.4131801
AUMID,Midland,Midland,AU,-31.8890099,116.002453
AUMIL,Milperra,Milperra,AU,-33.9388237,150.9846424
AUMKY,Mackay,Mackay,AU,-21.15,149.2
AUMLI,Melville Island,Melville Island,AU,-11.55,130.93333
AUMLL,Mooloolaba,Mooloolaba,AU,-26.68333,153.13333
AUMOK,Moorook,Moorook,AU,-34.28333,140.35
AUMON,Montara Field,Montara Field,AU,-12.672361,124.5395
AUMOU,Mourilyan,Mourilyan,AU,-17.5746875,146.0551112
AUMOW,Mowbray Heights,Mowbray Heights,AU,-41.38333,147.13333
AUMQI,Macquarie Island,Macquarie Island,AU,-54.6318143,158.8617576
AUMRK,Macquarie Park,Macquarie Park,AU,-33.76667,151.11667
AUMRS,Melrose,Melrose,AU,-32.8265904,138.1875684
AUMWA,Mulwala,Mulwala,AU,-36,146
AUNB2,North Bridge,North Bridge,AU,-35.0753161,139.2647552
AUNEQ,Nericon,Nericon,AU,-34.2,146.03333
AUNGH,Nganhurra,Nganhurra,AU,-21.48333,114
AUNHU,Nhulunbuy,Nhulunbuy,AU,-12.18333,136.78333
AUNIV,Ningaloo Vision,Ningaloo Vision,AU,-21.4,114.08333
AUNLK,New Norfolk,New Norfolk,AU,-42.78333,147.06667
AUNSB,Broke,Broke,AU,-32.75,151.1
AUNTL,Newcastle,Newcastle,AU,-32.9192953,151.7795348
AUOKF,Oak Flats,Oak Flats,AU,-34.55,150.81667
AUONS,Onslow,Onslow,AU,-21.65,115.1
AUOSB,Osborne Island,Osborne Island,AU,-14.31762,126.0194429
AUP6D,Aspendale,Aspendale,AU,-38.03333,145.1
AUPAE,Port Adelaide,Port Adelaide,AU,-34.8342755,138.5123548
AUPAG,Paddington,Paddington,AU,-33.88333,151.21667
AUPAL,Palmerston,Palmerston,AU,-12.4799608,130.9844108
AUPAU,Port Arthur,Port Arthur,AU,-43.1435301,147.8440404
AUPBN,Port of Brisbane,Port of Brisbane,AU,-27.38333,153.16667
AUPBT,Port Botany,Port Botany,AU,-33.9734678,151.2178519
AUPBY,Port Bonython,Port Bonython,AU,-32.9666335,137.7416013
AUPCT,Port Curtis,Port Curtis,AU,-23.4195405,150.5443293
AUPDI,Port Denison,Port Denison,AU,-29.26667,114.93333
AUPEL,Pelican Point,Pelican Point,AU,-37.927273,140.4233202
AUPEN,Pendle Hills,Pendle Hills,AU,-33.8,150.95
AUPER,Perth,Perth,AU,-31.95,115.85
AUPEX,Exmouth,Exmouth,AU,-21.9324401,114.1258094
AUPGI,Port Giles,Port Giles,AU,-35.0219216,137.7619583
AUPHE,Port Hedland,Port Hedland,AU,-20.3111814,118.5801181
AUPHP,Point Henry Pier/Melbourne,Point Henry Pier/Melbourne,AU,-38.11667,144.43333
AUPHR,Prahran,Prahran,AU,-37.85,145
AUPHU,Port Huon,Port Huon,AU,-43.1556251,146.9698095
AUPIC,Picton,Picton,AU,-34.18333,150.6
AUPIS,Phillip Island,Phillip Island,AU,-38.48333,145.23333
AUPJK,Port Jackson,Port Jackson,AU,-33.858333,151.233333
AUPKL,Port Kembla,Port Kembla,AU,-34.4703383,150.8953674
AUPKY,Port Kenny,Port Kenny,AU,-33.16667,134.68333
AUPLA,Port Latta,Port Latta,AU,-40.8517723,145.3818738
AUPLO,Port Lincoln,Port Lincoln,AU,-34.7211905,135.8592218
AUPMK,Palm Island,Palm Island,AU,-18.702764,146.564155
AUPOR,Port Melbourne,Port Melbourne,AU,-37.83333,144.93333
AUPPI,Port Pirie,Port Pirie,AU,-33.1791249,138.0058614
AUPQQ,Port Macquarie,Port Macquarie,AU,-31.4299499,152.9103525
AUPRC,Price,Price,AU,-34.2860881,137.9941771
AUPSM,Point Samson,Point Samson,AU,-20.6304515,117.194867
AUPST,Port Stanvac,Port Stanvac,AU,-35.1103229,138.4913504
AUPTD,Port Dalrymple,Port Dalrymple,AU,-41.141667,146.866667
AUPTI,Port Douglas,Port Douglas,AU,-16.4845983,145.4636294
AUPTJ,Portland,Portland,AU,-38.3456231,141.6042304
AUPTL,Port Alma,Port Alma,AU,-23.5796475,150.7788024
AUPTW,Port Willunga,Port Willunga,AU,-35.26667,138.45
AUPUG,Port Augusta,Port Augusta,AU,-32.4908819,137.7639874
AUPWI,Point Wilson,Point Wilson,AU,-38.0211,144.529
AUPWL,Port Walcott,Port Walcott,AU,-20.612057,117.1601648
AUPYE,Pyrenees,Pyrenees,AU,-37.3301195,143.4238023
AUPYR,Pyrmont,Pyrmont,AU,-33.86667,151.18333
AUPYT,Pleystowe,Pleystowe,AU,-21.15,149.01667
AUQDN,Eden,Eden,AU,-37.0640494,149.9035118
AURAB,Rapid Bay,Rapid Bay,AU,-35.5273156,138.1909552
AURAF,Raffles Bay,Raffles Bay,AU,-11.26667,132.38333
AURBU,Roebourne,Roebourne,AU,-20.7723709,117.145828
AURCM,Richmond,Richmond,AU,-21.096944,149.13
AURDN,Risdon,Risdon,AU,-42.8238016,147.3196055
AURDS,Rhodes,Rhodes,AU,-33.83333,151.08333
AUREV,Revesby,Revesby,AU,-33.95,151
AURLL,Reynella,Reynella,AU,-35.0965682,138.5216167
AURNB,Rosslyn Bay,Rosslyn Bay,AU,-23.16667,150.78333
AUROB,Robe,Robe,AU,-37.18333,139.75
AUROK,Rockhampton,Rockhampton,AU,-23.3782137,150.5134227
AUROZ,Rozelle,Rozelle,AU,-33.85,151.16667
AURTS,Rottnest Island,Rottnest Island,AU,-32.0069345,115.5207677
AURYP,Rocky Point,Rocky Point,AU,-34.9870309,118.1128078
AUSBN,South Brisbane,South Brisbane,AU,-27.46667,153.01667
AUSCL,Clare,Clare,AU,-33.83333,138.6
AUSCY,Scoresby,Scoresby,AU,-37.9,145.21667
AUSGT,Sandgate,Sandgate,AU,-32.86667,151.7
AUSHB,Shark Bay,Shark Bay,AU,-25.8060618,113.9073701
AUSHC,Crux,Crux,AU,-12.95,124.43333
AUSKA,Skardon River,Skardon River,AU,-11.75,142.01667
AUSKY,Skye,Skye,AU,-34.9244298,138.692899
AUSMR,Seventeen Mile Rocks/Brisbane,Seventeen Mile Rocks/Brisbane,AU,-27.55,152.95
AUSOL,Shea Oak Log,Shea Oak Log,AU,-34.51667,138.81667
AUSPO,Spreyton,Spreyton,AU,-41.21667,146.35
AUSRN,Strahan,Strahan,AU,-42.1525389,145.3282194
AUSSH,Sellicks Hill,Sellicks Hill,AU,-35.3310573,138.4953819
AUSTA,Stanley,Stanley,AU,-40.7605718,145.2945184
AUSTR,South Trees,South Trees,AU,-23.9,151.28333
AUSUH,Surry Hills,Surry Hills,AU,-33.88333,151.21667
AUSWR,South West Rocks,South West Rocks,AU,-30.8943859,153.040677
AUSYD,Sydney,Sydney,AU,-33.85,151.2
AUSYL,Sylvania,Sylvania,AU,-34.01667,151.1
AUT3P,Port Hacking,Port Hacking,AU,-34.06667,151.13333
AUTHE,Thevenard,Thevenard,AU,-32.1457473,133.6540362
AUTHS,Tweed Heads South,Tweed Heads South,AU,-28.2,153.53333
AUTIS,Thursday Island,Thursday Island,AU,-10.561097,142.2470989
AUTOL,Toombul,Toombul,AU,-27.4,153.05
AUTOR,Toronto,Toronto,AU,-33,151.6
AUTRB,Trial Bay,Trial Bay,AU,-30.8667,153.05
AUTRD,Tooradin,Tooradin,AU,-38.21667,145.38333
AUTRI,Troughton Island,Troughton Island,AU,-13.75,126.13333
AUTSV,Townsville,Townsville,AU,-19.2569391,146.8239537
AUTTS,Blackmans Bay,Blackmans Bay,AU,-42.98333,147.31667
AUULA,Ulladulla,Ulladulla,AU,-35.35,150.41667
AUULT,Ultimo,Ultimo,AU,-33.8794728,151.1984346
AUUMB,Umbakumba,Umbakumba,AU,-13.85,136.8
AUURN,Urangan,Urangan,AU,-25.287209,152.8981059
AUUSL,Useless Loop,Useless Loop,AU,-26.1304798,113.4170266
AUVAR,Varanus Island,Varanus Island,AU,-20.650833,115.574167
AUVGH,Van Gogh Terminal,Van Gogh Terminal,AU,-21.4,114.08333
AUVIB,Boronia,Boronia,AU,-37.8563043,145.2859658
AUVIC,Newtown,Newtown,AU,-37.7,143.65
AUVIT,Wishart,Wishart,AU,-27.5514355,153.1031592
AUWAL,Wallaroo,Wallaroo,AU,-33.9308118,137.6272608
AUWAZ,Warwick,Warwick,AU,-28.2163204,152.0327039
AUWBT,Woollybutt (Oil facility),Woollybutt (Oil facility),AU,-21.05,114.86667
AUWEI,Weipa,Weipa,AU,-12.6386641,141.8710861
AUWEP,Westernport,Westernport,AU,-38.424716,145.254785
AUWHL,Welshpool,Welshpool,AU,-38.66667,146.43333
AUWIH,Wingham,Wingham,AU,-31.86667,152.36667
AUWMB,Warrnambool,Warrnambool,AU,-38.3826242,142.4814199
AUWNB,Withnell Bay,Withnell Bay,AU,-20.58333,116.78333
AUWOO,Woolloomooloo,Woolloomooloo,AU,-33.86667,151.21667
AUWOT,Wonthaggi,Wonthaggi,AU,-38.6043664,145.5913433
AUWRB,Werribee,Werribee,AU,-37.9,144.65
AUWSI,Whitsunday Island,Whitsunday Island,AU,-20.25,149.01667
AUWSN,Warners Bay,Warners Bay,AU,-32.96667,151.65
AUWTN,Webberton,Webberton,AU,-28.75,114.61667
AUWTW,Waterways,Waterways,AU,-38,145.11667
AUWWP,Wentworth Point,Wentworth Point,AU,-33.83333,151.06667
AUWYA,Whyalla,Whyalla,AU,-33.0382085,137.5843572
AUWYN,Wyndham,Wyndham,AU,-15.4867977,128.1236196
AUYAM,Yampi,Yampi,AU,-16.1272,123.56
AUYBA,Yamba,Yamba,AU,-29.44,153.3594444
AUYRR,Yarra Junction,Yarra Junction,AU,-37.78333,145.61667
AUZBO,Bowen,Bowen,AU,-20.012125,148.2462901
AWAUA,Aruba,Aruba,AW,12.5,-69.96667
AWBAR,Barcadera,Barcadera,AW,12.48333,-69.98333
AWBUS,Bushiribana,Bushiribana,AW,12.55,-69.96667
AWORJ,Oranjestad,Oranjestad,AW,12.516667,-70.05
AWSNL,Sint Nicolaas,Sint Nicolaas,AW,12.433333,-69.916667
AXMHQ,Mariehamn (Maarianhamina),Mariehamn (Maarianhamina),AX,60.1,19.95
AZALA,Alat,Alat,AZ,39.95,49.4
AZBAK,Baku,Baku,AZ,40.3755885,49.8328009
AZKMZ,Khachmaz,Khachmaz,AZ,41.4655339,48.8011599
AZQDG,Qaradag,Qaradag,AZ,40.6079721,45.8083158
AZSHI,Shirvan,Shirvan,AZ,39.91667,48.91667
AZSUQ,Sumqayit,Sumqayit,AZ,40.58333,49.66667
BA4CA,Cazin,Cazin,BA,44.96667,15.93333
BADOJ,Domaljevac,Domaljevac,BA,45.05,18.56667
BAFOJ,Fojnica,Fojnica,BA,43.95,17.9
BAJBA,Jablanica,Jablanica,BA,43.65,17.75
BAMAG,Maglaj,Maglaj,BA,44.53333,18.08333
BANEM,Neum,Neum,BA,42.91667,17.61667
BASMT,Sanski Most,Sanski Most,BA,44.76667,16.66667
BAVGS,Vogosca,Vogosca,BA,43.9,18.35
BAZNK,Zvornik,Zvornik,BA,44.38333,19.1
BBBGI,Bridgetown,Bridgetown,BB,13.0977832,-59.6184184
BBSTM,Saint Michael,Saint Michael,BB,13.11667,-59.6
BDASJ,Ashuganj,Ashuganj,BD,24.03333,91.01667
BDBNP,Benapole,Benapole,BD,23.05,88.9
BDBZL,Barisal,Barisal,BD,22.7047521,90.370729
BDCGP,Chattogram,Chattogram,BD,22.33333,91.83333
BDCHL,Chalna,Chalna,BD,22.6038492,89.5210646
BDKHL,Khulna,Khulna,BD,22.8171664,89.563759
BDMGL,Mongla,Mongla,BD,22.4679228,89.6040074
BDMUN,Munshiganj,Munshiganj,BD,23.55,90.53333
BDNAR,Narayanganj,Narayanganj,BD,23.6236732,90.4988075
BDPAY,Payra Port,Payra Port,BD,21.93333,90.26667
BDPCR,Panchashar,Panchashar,BD,23.56667,90.5
BDPGN,Pangaon,Pangaon,BD,23.65,90.45
BE7PD,Athis,Athis,BE,50.36667,3.76667
BE9IR,Eben-Emael,Eben-Emael,BE,50.8,5.66667
BEAAB,Aalst,Aalst,BE,50.93333,4.03333
BEAAL,Aalter,Aalter,BE,51.08333,3.45
BEADK,Adinkerke,Adinkerke,BE,51.06667,2.6
BEAEJ,Arendonk,Arendonk,BE,51.31667,5.08333
BEAFN,Afsnee,Afsnee,BE,51.03333,3.66667
BEAGT,Argenteau,Argenteau,BE,50.7,5.7
BEAHE,Antheit,Antheit,BE,50.55,5.21667
BEAMY,Amay,Amay,BE,50.55,5.31667
BEANB,Angleur,Angleur,BE,50.61667,5.58333
BEAND,Andenne,Andenne,BE,50.48333,5.1
BEANH,Anhée,Anhée,BE,50.31667,4.88333
BEANR,Antwerpen,Antwerpen,BE,51.21667,4.41667
BEAPL,Appels,Appels,BE,51.03333,4.06667
BEAPS,Ampsin,Ampsin,BE,50.53333,5.28333
BEAPT,Appelterre-Eichem,Appelterre-Eichem,BE,50.81667,3.96667
BEASP,Asper,Asper,BE,50.91667,3.65
BEASR,Anseremme,Anseremme,BE,50.25,4.9
BEAST,Astene,Astene,BE,50.98333,3.55
BEATH,Ath,Ath,BE,50.61667,3.76667
BEATO,Antoing,Antoing,BE,50.56667,3.45
BEAVE,Annevoie,Annevoie,BE,50.33333,4.83333
BEAVG,Anvaing,Anvaing,BE,50.6828,3.5611
BEAVL,Avelgem,Avelgem,BE,50.76667,3.43333
BEAVS,Auvelais,Auvelais,BE,50.45,4.61667
BEBAI,Baillonville,Baillonville,BE,50.28333,5.33333
BEBAN,Ben-Ahin,Ben-Ahin,BE,50.51667,5.16667
BEBAT,Battel,Battel,BE,51.05,4.45
BEBAZ,Bazel,Bazel,BE,51.15,4.3
BEBBG,Blankenberge,Blankenberge,BE,51.31667,3.13333
BEBCM,Berchem,Berchem,BE,50.78333,3.5
BEBCR,Bellecourt,Bellecourt,BE,50.48333,4.25
BEBDU,Baudour,Baudour,BE,50.48333,3.81667
BEBER,Beerse,Beerse,BE,51.31667,4.86667
BEBGK,Balgerhoek,Balgerhoek,BE,51.2,3.51667
BEBGN,Briegden,Briegden,BE,50.86667,5.61667
BEBGS,Brugge (Bruges),Brugge (Bruges),BE,51.21667,3.23333
BEBHE,Boekhoute,Boekhoute,BE,51.25,3.71667
BEBHR,Bléharies,Bléharies,BE,50.51667,3.4
BEBHU,Buggenhout,Buggenhout,BE,51.01667,4.2
BEBLE,Balen,Balen,BE,51.16667,5.15
BEBLO,Beloeil,Beloeil,BE,50.55,3.71667
BEBLT,Blaton,Blaton,BE,50.5,3.65
BEBMB,Boortmeerbeek,Boortmeerbeek,BE,50.98333,4.56667
BEBNU,Berneau,Berneau,BE,50.75,5.73333
BEBO2,Bougnies,Bougnies,BE,50.38333,3.93333
BEBOA,Bas-Oha,Bas-Oha,BE,50.51667,5.18333
BEBOC,Bocholt,Bocholt,BE,51.16667,5.58333
BEBOM,Boom,Boom,BE,51.08333,4.36667
BEBON,Bornem,Bornem,BE,51.1,4.23333
BEBOO,Boorsem,Boorsem,BE,50.93333,5.71667
BEBRE,Bree,Bree,BE,51.13333,5.6
BEBRM,Beernem,Beernem,BE,51.15,3.33333
BEBRT,Berendrecht,Berendrecht,BE,51.33333,4.31667
BEBRU,Bruxelles (Brussel),Bruxelles (Brussel),BE,50.83333,4.33333
BEBRY,Bruyelle,Bruyelle,BE,50.55,3.41667
BEBSE,Bissegem,Bissegem,BE,50.81667,3.21667
BEBSI,Labuissière,Labuissière,BE,50.31667,4.16667
BEBSR,Baasrode,Baasrode,BE,51.03333,4.16667
BEBSU,Bossuit,Bossuit,BE,50.75,3.4
BEBTX,Bertrix,Bertrix,BE,49.85,5.25
BEBUD,Burcht,Burcht,BE,51.2,4.35
BEBVE,Bever,Bever,BE,50.71667,3.93333
BEBVM,Bouvignes-sur-Meuse,Bouvignes-sur-Meuse,BE,50.26667,4.9
BEBVO,Beverlo,Beverlo,BE,51.08333,5.2
BEBWN,Warneton,Warneton,BE,50.75,2.95
BECBQ,Clabecq,Clabecq,BE,50.68333,4.21667
BECCS,Courcelles,Courcelles,BE,50.46667,4.36667
BECLN,Calonne,Calonne,BE,50.56667,3.43333
BECOM,Comines,Comines,BE,50.76667,2.98333
BECOU,Couillet,Couillet,BE,50.38333,4.45
BECRA,Cheratte,Cheratte,BE,50.68333,5.66667
BECRL,Charleroi,Charleroi,BE,50.41667,4.43333
BECRQ,Chercq,Chercq,BE,50.58333,3.4
BECTA,Chertal,Chertal,BE,50.68333,5.66667
BECTL,Châtelineau,Châtelineau,BE,50.41667,4.51667
BEDDR,Dendermonde,Dendermonde,BE,51.03333,4.11667
BEDEG,Deurne,Deurne,BE,51.21667,4.46667
BEDEL,Doel,Doel,BE,51.31667,4.26667
BEDEZ,Deinze,Deinze,BE,50.98333,3.53333
BEDGN,Drongen,Drongen,BE,51.05,3.66667
BEDIA,Dinant,Dinant,BE,50.26667,4.91667
BEDIK,Diksmuide,Diksmuide,BE,51.03333,2.86667
BEDKN,Daknam,Daknam,BE,51.13333,3.98333
BEDLS,Dilsen,Dilsen,BE,51.03333,5.73333
BEDNB,Denderbelle,Denderbelle,BE,51,4.08333
BEDPE,De Pinte,De Pinte,BE,51,3.65
BEDPK,Diepenbeek,Diepenbeek,BE,50.9,5.4
BEDPY,Dampremy,Dampremy,BE,50.41667,4.4
BEDRW,Denderleeuw,Denderleeuw,BE,50.88333,4.06667
BEDSE,Dessel,Dessel,BE,51.23333,5.11667
BEDSL,Desselgem,Desselgem,BE,50.88333,3.35
BEDUF,Duffel,Duffel,BE,51.1,4.51667
BEDXN,Deux-Acren,Deux-Acren,BE,50.73333,3.85
BEEAM,Ename,Ename,BE,50.85,3.63333
BEEBM,Emblem,Emblem,BE,51.16667,4.6
BEEBZ,Eigenbilzen,Eigenbilzen,BE,50.86667,5.58333
BEECH,Mechelen,Mechelen,BE,51.03333,4.46667
BEEEK,Eeklo,Eeklo,BE,51.18333,3.56667
BEEET,Éthe,Éthe,BE,49.58333,5.58333
BEEFS,Escanaffles,Escanaffles,BE,50.75,3.43333
BEEHT,Eindhout,Eindhout,BE,51.1,5
BEEIN,Eine,Eine,BE,50.86667,3.61667
BEEKE,Ekeren,Ekeren,BE,51.28333,4.41667
BEEKS,Eksaarde,Eksaarde,BE,51.15,3.96667
BEELS,Melsen,Melsen,BE,50.96667,3.7
BEEMP,Estaimpuis,Estaimpuis,BE,50.7,3.25
BEENG,Engis,Engis,BE,50.58333,5.41667
BEEQE,Eke,Eke,BE,50.95,3.63333
BEEQM,Esquelmes,Esquelmes,BE,50.66667,3.33333
BEERE,Ertvelde,Ertvelde,BE,51.18333,3.75
BEESD,Eisden,Eisden,BE,50.98333,5.71667
BEEVM,Evergem,Evergem,BE,51.11667,3.7
BEFCS,Farciennes,Farciennes,BE,50.43333,4.55
BEFEY,Feluy,Feluy,BE,50.56667,4.25
BEFFX,Floriffoux,Floriffoux,BE,50.45,4.76667
BEFLN,Flône,Flône,BE,50.56667,5.33333
BEFLO,Floreffe,Floreffe,BE,50.43333,4.78333
BEFMA,Flémalle,Flémalle,BE,50.6,5.46667
BEFNR,Franière,Franière,BE,50.43333,4.73333
BEFRM,Fortem,Fortem,BE,51.01667,2.73333
BEFVT,Fontaine-Valmont,Fontaine-Valmont,BE,50.31667,4.2
BEFWI,Flawinne,Flawinne,BE,50.46667,4.8
BEGBB,Grobbendonk,Grobbendonk,BE,51.2,4.71667
BEGBH,Genenbos,Genenbos,BE,51.01667,5.23333
BEGBU,Gentbrugge,Gentbrugge,BE,51.05,3.75
BEGDE,Godsheide,Godsheide,BE,50.93333,5.38333
BEGDN,Godinne,Godinne,BE,50.35,4.86667
BEGEA,Geraardsbergen,Geraardsbergen,BE,50.76667,3.86667
BEGEL,Geel,Geel,BE,51.16667,5
BEGGM,Grembergen,Grembergen,BE,51.05,4.1
BEGHI,Saint-Ghislain,Saint-Ghislain,BE,50.45,3.81667
BEGHL,Ghlin,Ghlin,BE,50.46667,3.88333
BEGLK,Gellik,Gellik,BE,50.88333,5.6
BEGNE,Gent (Ghent),Gent (Ghent),BE,51.05,3.71667
BEGNK,Genk,Genk,BE,50.96667,5.5
BEGOS,Gosselies,Gosselies,BE,50.46667,4.41667
BEGRB,Grimbergen,Grimbergen,BE,50.93333,4.38333
BEGRO,Groot Bijgaarden,Groot Bijgaarden,BE,50.86667,4.26667
BEGVR,Gavere,Gavere,BE,50.93333,3.66667
BEHAM,Hamsehoeven,Hamsehoeven,BE,51.11667,5.18333
BEHAR,Haren,Haren,BE,50.88333,4.41667
BEHBE,Hansbeke,Hansbeke,BE,51.06667,3.53333
BEHBN,Hoboken,Hoboken,BE,51.16667,4.35
BEHCS,Harchies,Harchies,BE,50.48333,3.68333
BEHCT,Haccourt,Haccourt,BE,50.73333,5.66667
BEHDK,Heindonk,Heindonk,BE,51.06667,4.4
BEHEE,Heer,Heer,BE,50.16667,4.83333
BEHEJ,Harelbeke,Harelbeke,BE,50.85,3.3
BEHER,Herentals,Herentals,BE,51.18333,4.83333
BEHET,Herent,Herent,BE,51.2,5.45
BEHEX,Hemiksem,Hemiksem,BE,51.15,4.35
BEHFB,Halle,Halle,BE,50.73333,4.23333
BEHGA,Houdeng-Aimeries,Houdeng-Aimeries,BE,50.48333,4.13333
BEHGG,Houdeng-Goegnies,Houdeng-Goegnies,BE,50.48333,4.15
BEHKN,Helkijn,Helkijn,BE,50.73333,3.38333
BEHLU,Halluin,Halluin,BE,50.78333,3.13333
BEHMB,Ham-sur-Sambre,Ham-sur-Sambre,BE,50.43333,4.66667
BEHMH,Hermalle-sous-Huy,Hermalle-sous-Huy,BE,50.55,5.36667
BEHMM,Hamme,Hamme,BE,51.0881545,4.1202841
BEHNA,Handzame,Handzame,BE,51.01667,3
BEHNS,Hensies,Hensies,BE,50.43333,3.66667
BEHOL,Hollain,Hollain,BE,50.53333,3.41667
BEHPD,Hastière-par-delà,Hastière-par-delà,BE,50.21667,4.83333
BEHRE,Havré,Havré,BE,50.46667,4.03333
BEHRP,Hourpes,Hourpes,BE,50.36667,4.28333
BEHRS,Herstal,Herstal,BE,50.66667,5.63333
BEHSD,Hofstade,Hofstade,BE,50.96667,4.03333
BEHSL,Sint-Huibrechts-Lille,Sint-Huibrechts-Lille,BE,51.21667,5.48333
BEHSS,Hasselt,Hasselt,BE,50.93333,5.33333
BEHTJ,Hautrage,Hautrage,BE,50.48333,3.75
BEHTM,Hermeton-sur-Meuse,Hermeton-sur-Meuse,BE,50.2,4.81667
BEHUM,Humbeek,Humbeek,BE,50.96667,4.38333
BEHUX,Houx,Houx,BE,50.3,4.9
BEHUY,Huy,Huy,BE,50.51667,5.23333
BEHVE,Hever,Hever,BE,51,4.55
BEHYB,Herdersem,Herdersem,BE,50.96667,4.06667
BEIAI,Denderhoutem,Denderhoutem,BE,50.8718267,4.0184212
BEIGE,Ingelmunster,Ingelmunster,BE,50.91667,3.25
BEISR,Isières,Isières,BE,50.66667,3.81667
BEITR,Ittre (Itter),Ittre (Itter),BE,50.65,4.26667
BEIZG,Izegem,Izegem,BE,50.91667,3.2
BEJAK,Jupille-sur-Meuse,Jupille-sur-Meuse,BE,50.65,5.63333
BEJAM,Jambes,Jambes,BE,50.45,4.88333
BEJAV,Java,Java,BE,50.51667,5.15
BEJKP,Sint-Jacobs-Kapelle,Sint-Jacobs-Kapelle,BE,51,2.81667
BEJPS,Jemeppe-sur-Sambre,Jemeppe-sur-Sambre,BE,50.46667,4.66667
BEKAI,Kain,Kain,BE,50.63333,3.36667
BEKAN,Kanne (Canne),Kanne (Canne),BE,50.81667,5.66667
BEKCT,Kachtem,Kachtem,BE,50.93333,3.18333
BEKDE,Kieldrecht,Kieldrecht,BE,51.28333,4.16667
BEKEK,Kruibeke,Kruibeke,BE,51.16667,4.31667
BEKHN,Kerkhove,Kerkhove,BE,50.8,3.5
BEKJK,Kortrijk,Kortrijk,BE,50.83333,3.26667
BEKLE,Kaulille,Kaulille,BE,51.18333,5.51667
BEKMH,Kampenhout,Kampenhout,BE,50.95,4.55
BEKNS,Knesselaere,Knesselaere,BE,51.13333,3.41667
BEKOU,Kallo,Kallo,BE,51.25,4.28333
BEKPB,Kapelle-op-den-Bos,Kapelle-op-den-Bos,BE,51.01667,4.36667
BEKRN,Kuringen,Kuringen,BE,50.95,5.3
BEKRO,Kinrooi,Kinrooi,BE,51.15,5.75
BEKSN,Kessenich,Kessenich,BE,51.15,5.81667
BEKSR,Kluisbergen,Kluisbergen,BE,50.78333,3.51667
BEKUU,Kuurne,Kuurne,BE,50.85,3.28333
BEKVE,Klein Veerle,Klein Veerle,BE,51.33333,4.66667
BEKWA,Kwaadmechelen,Kwaadmechelen,BE,51.1,5.13333
BELAN,Lanaken,Lanaken,BE,50.88333,5.65
BELAW,Lauwe,Lauwe,BE,50.8,3.18333
BELBE,Lembeek,Lembeek,BE,50.71667,4.21667
BELBS,Lobbes,Lobbes,BE,50.35,4.25
BELDS,Landelies,Landelies,BE,50.38333,4.35
BELES,Lessines,Lessines,BE,50.71667,3.83333
BELEU,Leuven,Leuven,BE,50.88333,4.7
BELFE,Leffinge,Leffinge,BE,51.16667,2.88333
BELGB,Langerbrugge,Langerbrugge,BE,51.11667,3.73333
BELGG,Liège,Liège,BE,50.63333,5.56667
BELGM,Landegem,Landegem,BE,51.05,3.56667
BELGO,Langerlo,Langerlo,BE,50.95,5.5
BELHK,Liefkenshoek,Liefkenshoek,BE,51.01667,3.88333
BELIE,Lier,Lier,BE,51.13333,4.56667
BELIL,Lillo,Lillo,BE,51.3,4.3
BELIX,Lixhe,Lixhe,BE,50.75,5.66667
BELML,Lommel,Lommel,BE,51.23333,5.3
BELNK,Lanklaar,Lanklaar,BE,51.01667,5.71667
BELNY,Ternaaien (Lanaye),Ternaaien (Lanaye),BE,50.78333,5.68333
BELOK,Lokeren,Lokeren,BE,51.1,3.98333
BELOT,Lot,Lot,BE,50.76667,4.26667
BELOZ,Lozen,Lozen,BE,51.2,5.56667
BELPG,Leopoldsburg,Leopoldsburg,BE,51.11667,5.25
BELPI,Laplaigne,Laplaigne,BE,50.51667,3.43333
BELQA,Lanquesaint,Lanquesaint,BE,50.65,3.8
BELRG,Ledeberg,Ledeberg,BE,51.03333,3.75
BELSG,Lissewege,Lissewege,BE,51.3,3.18333
BELUI,Lustin,Lustin,BE,50.38333,4.9
BELUM,Lummen,Lummen,BE,50.98333,5.2
BELUZ,Ladeuze,Ladeuze,BE,50.56667,3.76667
BEMAN,Manage,Manage,BE,50.5,4.21667
BEMAP,Marchienne-au-Pont,Marchienne-au-Pont,BE,50.4,4.38333
BEMBY,Maubray,Maubray,BE,50.55,3.5
BEMEE,Meer,Meer,BE,51.45,4.73333
BEMEG,Meilegem,Meilegem,BE,50.9,3.7
BEMEH,Meerhout,Meerhout,BE,51.13333,5.08333
BEMEL,Melle,Melle,BE,51,3.8
BEMEN,Menen,Menen,BE,50.8,3.11667
BEMEW,Moerbeke-Waas,Moerbeke-Waas,BE,51.16667,3.93333
BEMFF,Maffle,Maffle,BE,50.61667,3.8
BEMGM,Meigem,Meigem,BE,51.01667,3.53333
BEMGN,Moignelée,Moignelée,BE,50.45,4.58333
BEMGS,Montignies-sur-Sambre,Montignies-sur-Sambre,BE,50.4,4.5
BEMHN,Massenhoven,Massenhoven,BE,51.2,4.61667
BEMLD,Marche-les-Dames,Marche-les-Dames,BE,50.48333,4.96667
BEMLO,Mol,Mol,BE,51.18333,5.1
BEMLY,Marly,Marly,BE,50.88333,4.38333
BEMMN,Maasmechelen,Maasmechelen,BE,50.9634179,5.6960212
BEMNO,Moen,Moen,BE,50.76667,3.4
BEMQS,Mons,Mons,BE,50.45,3.93333
BEMRB,Moerbrugge,Moerbrugge,BE,51.16667,3.26667
BEMRD,Merendree,Merendree,BE,51.08333,3.58333
BEMRG,Maurage,Maurage,BE,50.45,4.08333
BEMRK,Merksem,Merksem,BE,51.25,4.45
BEMRL,Merelbeke,Merelbeke,BE,51,3.75
BEMRM,Merkem,Merkem,BE,50.95,2.85
BEMRO,Mornimont,Mornimont,BE,50.45,4.7
BEMSI,Monsin,Monsin,BE,50.66667,5.63333
BEMSJ,Sint-Jans-Molenbeek (Molenbeek-Saint-Jean)/Brussel (Bruxelles),Sint-Jans-Molenbeek (Molenbeek-Saint-Jean)/Brussel (Bruxelles),BE,50.85,4.31667
BEMSK,Maaseik,Maaseik,BE,51.1,5.8
BEMSP,Mespelare,Mespelare,BE,51,4.06667
BEMSR,Maisières,Maisières,BE,50.48333,3.95
BEMSS,Monceau-sur-Sambre,Monceau-sur-Sambre,BE,50.41667,4.36667
BEMUI,Muizen,Muizen,BE,51.01667,4.51667
BEMZK,Moerzeke,Moerzeke,BE,51.06667,4.15
BENAM,Namur,Namur,BE,50.46667,4.86667
BENBA,Nimy,Nimy,BE,50.46667,3.95
BENFE,Neffe,Neffe,BE,50.23333,4.91667
BENHA,Neerharen,Neerharen,BE,50.91667,5.68333
BENHY,Neuville-sous-Huy,Neuville-sous-Huy,BE,50.53333,5.28333
BENIE,Nieuwpoort,Nieuwpoort,BE,51.13333,2.75
BENIL,Niel,Niel,BE,51.11667,4.33333
BENMC,Namêche,Namêche,BE,50.46667,5
BENNV,Ninove,Ninove,BE,50.83333,4.01667
BENRP,Neerpelt,Neerpelt,BE,51.21667,5.41667
BENRT,Neeroeteren,Neeroeteren,BE,51.08333,5.7
BENRY,Renory,Renory,BE,50.6,5.55
BENVH,Neder-Over-Heembeek,Neder-Over-Heembeek,BE,50.9,4.38333
BENVL,Nevele,Nevele,BE,51.03333,3.55
BENVN,Noeveren,Noeveren,BE,51.1,4.35
BENYL,Nijlen,Nijlen,BE,51.16667,4.65
BEOBG,Oudenburg,Oudenburg,BE,51.18333,3
BEOBR,Obourg,Obourg,BE,50.46667,4
BEOBT,Ombret-Rawsa,Ombret-Rawsa,BE,50.55,5.33333
BEODE,Oudergem (Auderghem)/Brussel (Bruxelles),Oudergem (Auderghem)/Brussel (Bruxelles),BE,50.81667,4.43333
BEOEL,Oelegem,Oelegem,BE,51.21667,4.58333
BEOEV,Oevel,Oevel,BE,51.13333,4.88333
BEOGS,Ollignies,Ollignies,BE,50.68333,3.85
BEOHN,Ophoven,Ophoven,BE,51.11667,5.8
BEOKG,Okegem,Okegem,BE,50.85,4.05
BEOKP,Oostkamp,Oostkamp,BE,51.15,3.23333
BEOLE,Overboelare,Overboelare,BE,50.75,3.85
BEOLN,Olen,Olen,BE,51.15,4.85
BEOOG,Ooigem,Ooigem,BE,50.88333,3.33333
BEOPI,Opitter,Opitter,BE,51.11667,5.65
BEOPY,Oupeye,Oupeye,BE,50.7,5.65
BEOQC,Oisquercq,Oisquercq,BE,50.66667,4.21667
BEORR,Orroir,Orroir,BE,50.75,3.46667
BEOSG,Oeselgem,Oeselgem,BE,50.93333,3.43333
BEOST,Ostend (Oostende),Ostend (Oostende),BE,51.2,2.91667
BEOTH,Oud-Turnhout,Oud-Turnhout,BE,51.31667,4.98333
BEOTK,Oostkerke,Oostkerke,BE,51.28333,3.28333
BEOTL,Oosterlo,Oosterlo,BE,51.11667,4.96667
BEOUD,Oudenaarde,Oudenaarde,BE,50.85,3.6
BEOUG,Ougrée,Ougrée,BE,50.6,5.53333
BEOVE,Overpelt,Overpelt,BE,51.21667,5.41667
BEOZL,Onkerzele,Onkerzele,BE,50.78333,3.9
BEPAL,Paal,Paal,BE,51.03333,5.18333
BEPCL,Pont-à-Celles,Pont-à-Celles,BE,50.5,4.35
BEPCQ,Pecq,Pecq,BE,50.68333,3.33333
BEPES,Péronnes,Péronnes,BE,50.55,3.43333
BEPFE,Profondeville,Profondeville,BE,50.38333,4.86667
BEPKH,Pollinkhove,Pollinkhove,BE,50.96667,2.73333
BEPLB,Péronnes/Binche,Péronnes/Binche,BE,50.43333,4.13333
BEPLO,Pont-de-Loup,Pont-de-Loup,BE,50.41667,4.53333
BEPLY,Petit-Lanaye,Petit-Lanaye,BE,50.78333,5.68333
BEPME,Pommeroeul,Pommeroeul,BE,50.45,3.7
BEPML,Pamel,Pamel,BE,50.83333,4.06667
BEPTP,Pijp Tabak,Pijp Tabak,BE,51.23333,4.35
BEPTS,Pottes,Pottes,BE,50.73333,3.4
BEPUU,Puurs,Puurs,BE,51.08333,4.28333
BERAR,La Roche-en-Ardenne,La Roche-en-Ardenne,BE,50.18333,5.58333
BERBE,Roesbrugge,Roesbrugge,BE,50.91667,2.61667
BERBX,Rebaix,Rebaix,BE,50.65,3.78333
BERCI,Ramegnies-Chin,Ramegnies-Chin,BE,50.65,3.31667
BERCL,Richelle,Richelle,BE,50.71667,5.68333
BERCT,Roucourt,Roucourt,BE,50.53333,3.58333
BEREK,Rekkem,Rekkem,BE,50.7861863,3.1627429
BEREQ,Erquelinnes,Erquelinnes,BE,50.3,4.11667
BERGE,Reninge,Reninge,BE,50.95,2.78333
BERHA,Roesbrugge-Haringe,Roesbrugge-Haringe,BE,50.91667,2.61667
BERIE,Rieme,Rieme,BE,51.16667,3.78333
BERIJ,Rijkevorsel,Rijkevorsel,BE,51.35,4.76667
BERIN,Beringen,Beringen,BE,51.05,5.21667
BERJT,Rocourt,Rocourt,BE,50.68333,5.55
BEROE,Roeselare,Roeselare,BE,50.95,3.13333
BEROS,Roselies,Roselies,BE,50.43333,4.58333
BEROU,Le Roeulx,Le Roeulx,BE,50.5,4.1
BEROX,Roux,Roux,BE,50.43333,4.38333
BERPM,Rupelmonde,Rupelmonde,BE,51.13333,4.28333
BERQS,Ronquières,Ronquières,BE,50.6,4.21667
BERTI,Retie,Retie,BE,51.26667,5.06667
BERUE,Ruien,Ruien,BE,50.76667,3.48333
BERUI,Ruisbroek,Ruisbroek,BE,50.78333,4.3
BERUS,Rumst,Rumst,BE,51.08333,4.41667
BERVE,Rivière,Rivière,BE,50.35,4.86667
BERVS,Ravels,Ravels,BE,51.36667,5
BESAN,Sint-Andries,Sint-Andries,BE,51.18333,3.18333
BESAS,Sint-Amands,Sint-Amands,BE,51.05,4.2
BESBE,Steenbrugge,Steenbrugge,BE,51.18333,3.23333
BESBG,Stambruges,Stambruges,BE,50.5,3.71667
BESCE,Schilde,Schilde,BE,51.23333,4.56667
BESCT,Schoten,Schoten,BE,51.25,4.5
BESDP,Steendorp,Steendorp,BE,51.13333,4.26667
BESDT,Soudromont,Soudromont,BE,50.51667,4.25
BESEN,Seneffe,Seneffe,BE,50.51667,4.25
BESES,Seilles,Seilles,BE,50.5,5.06667
BESGM,Stasegem,Stasegem,BE,50.83333,3.3
BESGX,Sclaigneaux,Sclaigneaux,BE,50.5,5
BESHB,Schellebelle,Schellebelle,BE,51.01667,3.93333
BESHL,Schelle,Schelle,BE,51.13333,4.33333
BESHR,Schelderode,Schelderode,BE,50.96667,3.71667
BESJG,Sint-Job-in-'t-Goor,Sint-Job-in-'t-Goor,BE,51.3,4.56667
BESJO,Sint-Jozef-Olen,Sint-Jozef-Olen,BE,51.18333,4.88333
BESJR,Sint-Joris,Sint-Joris,BE,51.13333,2.76667
BESKA,Sint Katelijne Waver,Sint Katelijne Waver,BE,51.0699542,4.532238
BESKR,Stokrooie,Stokrooie,BE,50.96667,5.26667
BESLJ,Sas-Slijkens,Sas-Slijkens,BE,51.21667,2.95
BESLN,Sint-Lenaarts,Sint-Lenaarts,BE,51.35,4.68333
BESLS,Salles,Salles,BE,50.05,4.25
BESLY,Sclayn,Sclayn,BE,50.48333,5.03333
BESML,Sint-Martens-Latem,Sint-Martens-Latem,BE,51.01667,3.63333
BESNE,Schoonaarde,Schoonaarde,BE,51,4.01667
BESPE,Scheepsdale,Scheepsdale,BE,51.21667,3.2
BESPI,Spiere (Espierres),Spiere (Espierres),BE,50.71667,3.35
BESSB,Solre-sur-Sambre,Solre-sur-Sambre,BE,50.3,4.13333
BESSK,Snaaskerke,Snaaskerke,BE,51.18333,2.93333
BESSN,Sclessin,Sclessin,BE,50.61667,5.55
BESSO,Samson,Samson,BE,50.46667,4.98333
BESTT,Statte,Statte,BE,50.53333,5.21667
BESVG,Ruisbroek,Ruisbroek,BE,51.08333,4.33333
BESVN,Stevensvennen,Stevensvennen,BE,51.21667,5.23333
BETBE,Tournebride,Tournebride,BE,50.9,5.68333
BETDK,Terdonk,Terdonk,BE,51.15,3.78333
BETER,Ternat,Ternat,BE,50.86667,4.18333
BETES,Tessenderlo,Tessenderlo,BE,51.06667,5.08333
BETET,Tertre,Tertre,BE,50.46667,3.8
BETFN,Teralfene,Teralfene,BE,50.9,4.1
BETGE,Tergnée,Tergnée,BE,50.43333,4.55
BETGL,Tongerlo,Tongerlo,BE,51.13333,5.66667
BETGN,Terhagen,Terhagen,BE,51.08333,4.4
BETHE,Thieu,Thieu,BE,50.46667,4.08333
BETHG,Tihange,Tihange,BE,50.53333,5.26667
BETHU,Thuin,Thuin,BE,50.33333,4.28333
BETIL,Tielrode,Tielrode,BE,51.11667,4.18333
BETIS,Tisselt,Tisselt,BE,51.03333,4.36667
BETLK,Tildonk,Tildonk,BE,50.95,4.63333
BETLR,Tilleur,Tilleur,BE,50.61667,5.53333
BETMS,Tamines,Tamines,BE,50.43333,4.6
BETOB,Thorntonbank,Thorntonbank,BE,51.63333,2.91667
BETRG,Thorembais-les-Beguines,Thorembais-les-Beguines,BE,50.6584082,4.8183242
BETRN,Tournai (Doornik),Tournai (Doornik),BE,50.6,3.38333
BETSE,Temse,Temse,BE,51.13333,4.21667
BETSL,Tourinnes-St-Lambert,Tourinnes-St-Lambert,BE,50.63333,4.71667
BETTJ,Heultje,Heultje,BE,51.0876789,4.8404549
BETUR,Turnhout,Turnhout,BE,51.31667,4.95
BEUIT,Uitbergen,Uitbergen,BE,51.01667,3.95
BEVBG,Verbrande Brug,Verbrande Brug,BE,50.95,4.41667
BEVEU,Veurne,Veurne,BE,51.06667,2.66667
BEVGL,Virginal-Samme,Virginal-Samme,BE,50.63333,4.18333
BEVHN,Vroenhoven,Vroenhoven,BE,50.81667,5.63333
BEVIL,Vilvoorde,Vilvoorde,BE,50.93333,4.43333
BEVIT,Sankt Vith,Sankt Vith,BE,50.2852371,6.1448516
BEVLX,Vaulx,Vaulx,BE,50.06667,4.36667
BEVSB,Val Saint-Lambert,Val Saint-Lambert,BE,50.58333,5.48333
BEVSH,Ville-sur-Haine,Ville-sur-Haine,BE,50.46667,4.05
BEVSL,Viersel,Viersel,BE,51.18333,4.63333
BEVVI,Viesville,Viesville,BE,50.48333,4.4
BEVWZ,Veldwezelt,Veldwezelt,BE,50.86667,5.63333
BEVZI,Vezin,Vezin,BE,50.5,5.01667
BEW5R,Awirs,Awirs,BE,50.6,5.4
BEWAA,Waasmunster,Waasmunster,BE,51.1,4.08333
BEWAH,Hoves,Hoves,BE,50.67,4.033
BEWAN,Wanze,Wanze,BE,50.53333,5.21667
BEWAR,Waregem,Waregem,BE,50.88333,3.41667
BEWBR,Maransart,Maransart,BE,50.66667,4.45
BEWCG,Warcoing,Warcoing,BE,50.7,3.33333
BEWDG,Wondelgem,Wondelgem,BE,51.08333,3.71667
BEWDM,Waardamme,Waardamme,BE,51.11667,3.21667
BEWEE,Wingene,Wingene,BE,51.06667,3.26667
BEWEL,Wellen,Wellen,BE,50.85,5.31667
BEWER,Wervik,Wervik,BE,50.78333,3.03333
BEWET,Wetteren,Wetteren,BE,51,3.88333
BEWEV,Wevelgem,Wevelgem,BE,50.8,3.16667
BEWGL,Wijgmaal,Wijgmaal,BE,50.93333,4.7
BEWHT,Blaregnies,Blaregnies,BE,50.35,3.88333
BEWIH,Wichelen,Wichelen,BE,51,3.98333
BEWIP,Wépion,Wépion,BE,50.41667,4.86667
BEWIR,Wiers,Wiers,BE,50.5,3.53333
BEWJG,Wijnegem,Wijnegem,BE,51.23333,4.53333
BEWLB,Willebroek,Willebroek,BE,51.06667,4.36667
BEWLM,Walem,Walem,BE,51.06667,4.46667
BEWLP,Wulpen,Wulpen,BE,51.1,2.7
BEWLT,Waulsort,Waulsort,BE,50.21667,4.86667
BEWND,Wandre,Wandre,BE,50.66667,5.65
BEWTH,Wintham,Wintham,BE,51.1,4.3
BEYRT,Ivoz-Ramet,Ivoz-Ramet,BE,50.58333,5.43333
BEYVO,Yvoir,Yvoir,BE,50.33333,4.88333
BEZBR,Zandbergen,Zandbergen,BE,50.8,3.96667
BEZEE,Zeebrugge,Zeebrugge,BE,51.33333,3.2
BEZEL,Zelzate,Zelzate,BE,51.2,3.81667
BEZER,Seraing,Seraing,BE,50.6,5.48333
BEZET,Zemst,Zemst,BE,50.98333,4.46667
BEZGM,Zingem,Zingem,BE,50.9,3.65
BEZLE,Zele,Zele,BE,51.06667,4.03333
BEZOD,Zolder,Zolder,BE,51.01667,5.3
BEZRM,Zomergem,Zomergem,BE,51.11667,3.55
BEZTL,Zutendaal,Zutendaal,BE,50.93333,5.56667
BEZUL,Zulte,Zulte,BE,50.91667,3.43333
BEZUN,Zuun (Zuen),Zuun (Zuen),BE,50.78333,4.26667
BEZVD,Zandvoorde,Zandvoorde,BE,51.2,2.96667
BEZVT,Zandvliet,Zandvliet,BE,51.36667,4.3
BEZWE,Zwevegem,Zwevegem,BE,50.8,3.33333
BEZWL,Zwijndrecht,Zwijndrecht,BE,51.21667,4.33333
BEZWN,Zwijnaarde,Zwijnaarde,BE,51,3.71667
BFOB2,Ziniaré,Ziniaré,BF,12.58333,-1.3
BG4IG,Ignatievo,Ignatievo,BG,43.25,27.76667
BGAKH,Akhtopol,Akhtopol,BG,42.1,27.95
BGBAL,Balchik,Balchik,BG,43.41667,28.16667
BGBOJ,Burgas,Burgas,BG,42.4936616,27.4721276
BGBSL,Byala Slatina,Byala Slatina,BG,43.46667,23.95
BGGUR,Gurkovo,Gurkovo,BG,42.65,25.78333
BGKUK,Kuklen,Kuklen,BG,42.03333,24.78333
BGMAB,Marchevo,Marchevo,BG,41.6,23.8
BGNES,Nessebar,Nessebar,BG,42.65,27.73333
BGNPO,Nikopol,Nikopol,BG,43.68333,24.88333
BGOKH,Oryakhovo,Oryakhovo,BG,43.73333,23.95
BGRDU,Ruse,Ruse,BG,43.85,25.96667
BGS3W,Straldzha,Straldzha,BG,42.6,26.68333
BGSLS,Silistra,Silistra,BG,44.118308,27.2600031
BGSOM,Somovit,Somovit,BG,43.6875949,24.7727985
BGSOZ,Sozopol,Sozopol,BG,42.41667,27.7
BGSVI,Svistov,Svistov,BG,43.6158817,25.3509536
BGVAR,Varna,Varna,BG,43.2073873,27.9166653
BGVAZ,Varna-Zapad,Varna-Zapad,BG,43.1927112,27.6490356
BGVID,Vidin,Vidin,BG,43.9857242,22.8772194
BGVT4,Byala Cherkva,Byala Cherkva,BG,43.2,25.3
BHAHD,Al Hidd,Al Hidd,BH,26.23333,50.65
BHGBQ,Al Muharraq,Al Muharraq,BH,26.25,50.6
BHKBS,Khalifa Bin Salman Port,Khalifa Bin Salman Port,BH,26.2,50.61667
BHMIN,Mina Sulman Port,Mina Sulman Port,BH,26.2,50.61667
BHSIT,Sitrah,Sitrah,BH,26.13333,50.61667
BICBK,Cibitoke,Cibitoke,BI,-3.33333,29.36667
BJCOO,Cotonou,Cotonou,BJ,6.3676953,2.4252507
BJPTN,Porto-Novo,Porto-Novo,BJ,6.48333,2.61667
BLSBH,Saint-Barthélemy,Saint-Barthélemy,BL,17.9,-62.85
BMBDA,Hamilton,Hamilton,BM,32.2942679,-64.7853167
BMFPT,Freeport,Freeport,BM,32.32,-64.84167
BMHBI,Harbour Island,Harbour Island,BM,25.5,-76.63333
BMKWF,Kings Wharf,Kings Wharf,BM,32.3241866,-64.8325666
BMSAN,Sandys,Sandys,BM,32.3,-64.86667
BMSEV,Devonshire,Devonshire,BM,32.3,-64.75
BMSGE,Saint George,Saint George,BM,32.38333,-64.68333
BMSOU,Southampton,Southampton,BM,32.25,-64.85
BNBWN,Bandar Seri Begawan,Bandar Seri Begawan,BN,4.88333,114.93333
BNKUB,Kuala Belait,Kuala Belait,BN,4.5845101,114.1932373
BNLUM,Lumut,Lumut,BN,4.660332,114.44212
BNMUA,Muara,Muara,BN,5.0262617,115.0702263
BNSER,Seria,Seria,BN,4.6141594,114.3301832
BNTAS,Tanjong Selirong,Tanjong Selirong,BN,4.9,115.11667
BOCPB,Copacabana,Copacabana,BO,-16.15,-69.08333
BOGUQ,Guaqui,Guaqui,BO,-16.58333,-68.86667
BOHTJ,Huatajata,Huatajata,BO,-16.16667,-68.73333
BOPBU,Puerto Busch,Puerto Busch,BO,-20.03333,-57.96667
BOPPR,Puerto Pérez,Puerto Pérez,BO,-16.26667,-68.63333
BOPSZ,Puerto Suárez,Puerto Suárez,BO,-18.95,-57.8
BOPTC,Puerto Carabuco,Puerto Carabuco,BO,-15.75,-69.06667
BOPUR,Puerto Rico,Puerto Rico,BO,-11.08333,-67.63333
BOQJR,Puerto Quijarro,Puerto Quijarro,BO,-19.0044088,-57.7157091
BORBQ,Rurrenabaque,Rurrenabaque,BO,-14.46667,-67.56667
BORIB,Riberalta,Riberalta,BO,-10.98333,-66.1
BOTDD,Trinidad,Trinidad,BO,-14.83333,-64.9
BQBON,Bonaire,Bonaire,BQ,12.11667,-68.26667
BQEUX,Sint Eustatius,Sint Eustatius,BQ,17.48333,-62.96667
BQGOT,Goto,Goto,BQ,12.21667,-68.38333
BQKRA,Kralendijk,Kralendijk,BQ,12.15,-68.26667
BQRIN,Dorp Rincón,Dorp Rincón,BQ,12.23333,-68.33333
BQSAB,Saba,Saba,BQ,17.63333,-63.23333
BRAAR,Acará,Acará,BR,-1.95,-48.2
BRABZ,Armação dos Búzios,Armação dos Búzios,BR,-22.75,-41.88333
BRACT,Alcântara,Alcântara,BR,-2.4,-44.41667
BRACX,Açu Pt / São João da Barra,Açu Pt / São João da Barra,BR,-21.81667,-41.01667
BRADR,Angra dos Reis,Angra dos Reis,BR,-23,-44.31667
BRAFU,Afuá,Afuá,BR,-0.15,-50.38333
BRAJU,Aracaju,Aracaju,BR,-10.9,-37.03333
BRALT,Alenquer,Alenquer,BR,-1.95,-54.73333
BRAMM,Almeirim,Almeirim,BR,-1.51667,-52.56667
BRANA,Ananindeua,Ananindeua,BR,-1.36667,-48.36667
BRANH,Anhembi,Anhembi,BR,-22.78333,-48.11667
BRANS,Araguatins,Araguatins,BR,-5.65,-48.11667
BRANT,Antonina,Antonina,BR,-25.41667,-48.7
BRARB,Aratu Pt / Candeias,Aratu Pt / Candeias,BR,-12.78333,-38.5
BRARE,Areia Branca,Areia Branca,BR,-4.95,-37.11667
BRARU,Araçatuba,Araçatuba,BR,-21.2,-50.43333
BRATM,Altamira,Altamira,BR,-3.2,-52.2
BRAUN,Aruanã,Aruanã,BR,-14.9,-51.06667
BRAUS,Autazes,Autazes,BR,-3.56667,-59.13333
BRBAC,Balneário Camboriú,Balneário Camboriú,BR,-26.98333,-48.63333
BRBAR,Barra dos Coqueiros,Barra dos Coqueiros,BR,-10.9,-37.03333
BRBAZ,Barcelos,Barcelos,BR,-0.96667,-62.91667
BRBCE,Bacabeira,Bacabeira,BR,-2.98333,-44.3
BRBCT,Benjamin Constant,Benjamin Constant,BR,-4.36667,-70.01667
BRBEA,Barreirinha,Barreirinha,BR,-2.78333,-57.06667
BRBEI,Beruri,Beruri,BR,-3.88333,-61.36667
BRBEL,Belém,Belém,BR,-1.45,-48.48333
BRBIR,Bariri,Bariri,BR,-22.06667,-48.73333
BRBLE,Belmonte,Belmonte,BR,-15.85,-38.86667
BRBOB,Borba,Borba,BR,-4.38333,-59.58333
BRBQQ,Barra,Barra,BR,-11.08333,-43.13333
BRBSS,Balsas,Balsas,BR,-7.51667,-46.03333
BRBVI,Benevides,Benevides,BR,-1.35,-48.23333
BRBVR,Boa Vista do Ramos,Boa Vista do Ramos,BR,-2.96667,-57.58333
BRBVS,Breves,Breves,BR,-1.68333,-50.46667
BRCAN,Canoas,Canoas,BR,-29.91667,-51.16667
BRCAR,Coari,Coari,BR,-4.08333,-63.13333
BRCCS,Conchas,Conchas,BR,-23,-48
BRCCX,Cáceres,Cáceres,BR,-16.06667,-57.66667
BRCCY,Caracaraí,Caracaraí,BR,1.8,-61.13333
BRCDA,Codajás,Codajás,BR,-3.83333,-62.05
BRCDO,Cabedelo Pt / João Pessoa,Cabedelo Pt / João Pessoa,BR,-6.96667,-34.83333
BRCFO,Cabo Frio,Cabo Frio,BR,-22.86667,-42.01667
BRCGA,Conceição do Araguaia,Conceição do Araguaia,BR,-8.25,-49.25
BRCGZ,Campos dos Goytacazes,Campos dos Goytacazes,BR,-21.75,-41.31667
BRCHE,Chaves,Chaves,BR,-0.15,-49.98333
BRCHI,Cachoeira do Arari,Cachoeira do Arari,BR,-1,-48.95
BRCLN,Carolina,Carolina,BR,-7.31667,-47.46667
BRCMA,Cametá,Cametá,BR,-2.23333,-49.48333
BRCMG,Corumbá,Corumbá,BR,-19,-57.63333
BRCPR,Cachoeira do Piriá,Cachoeira do Piriá,BR,-1.75,-46.53333
BRCQD,Charqueadas,Charqueadas,BR,-29.95,-51.61667
BRCRL,Caravelas,Caravelas,BR,-17.73333,-39.25
BRCRY,Carauari,Carauari,BR,-4.86667,-66.88333
BRCSL,Cachoeira do Sul,Cachoeira do Sul,BR,-30.03333,-52.88333
BRCTM,Canutama,Canutama,BR,-6.51667,-64.38333
BRCUO,Cubatão,Cubatão,BR,-23.88333,-46.41667
BRCVZ,Careiro da Várzea,Careiro da Várzea,BR,-3.18333,-59.81667
BRCZS,Cruzeiro do Sul,Cruzeiro do Sul,BR,-7.61667,-72.66667
BRDCS,Duque de Caxias,Duque de Caxias,BR,-22.78333,-43.3
BRERN,Eirunepé,Eirunepé,BR,-6.66667,-69.85
BRETA,Estrela,Estrela,BR,-29.5,-51.96667
BRFBA,Fonte Boa,Fonte Boa,BR,-2.5,-66.08333
BRFEN,Fernando de Noronha,Fernando de Noronha,BR,-3.85,-32.43333
BRFNO,Forno Pt / Arraial do Cabo,Forno Pt / Arraial do Cabo,BR,-22.96667,-42.01667
BRFOR,Fortaleza,Fortaleza,BR,-3.71667,-38.58333
BRGIA,Guaíra,Guaíra,BR,-24.08333,-54.23333
BRGIB,Guaíba,Guaíba,BR,-30.1,-51.3
BRGJM,Guajará-Mirim,Guajará-Mirim,BR,-10.76667,-65.31667
BRGJR,Guajará,Guajará,BR,-7.53333,-72.56667
BRGNS,Galinhos,Galinhos,BR,-5.08333,-36.26667
BRGRP,Gurupá,Gurupá,BR,-1.4,-51.63333
BRGUA,Guamaré,Guamaré,BR,-5.1,-36.31667
BRGUJ,Guarujá,Guarujá,BR,-23.98333,-46.23333
BRHMA,Humaitá,Humaitá,BR,-7.5,-63.01667
BRIAR,Itacoatiara,Itacoatiara,BR,-3.13333,-58.43333
BRIBB,Imbituba,Imbituba,BR,-28.23333,-48.66667
BRIBE,Ilhabela,Ilhabela,BR,-23.78333,-45.35
BRIBT,Ibotirama,Ibotirama,BR,-12.18333,-43.21667
BRIGU,Foz do Iguaçu,Foz do Iguaçu,BR,-25.53333,-54.58333
BRIIM,Itapemirim,Itapemirim,BR,-21,-40.83333
BRIMP,Imperatriz,Imperatriz,BR,-5.51667,-47.46667
BRIOA,Itapoá,Itapoá,BR,-26.1116267,-48.6056373
BRIOS,Ilhéus,Ilhéus,BR,-14.78333,-39.03333
BRIPG,Itapiranga,Itapiranga,BR,-2.73333,-58.03333
BRIQI,Itaqui Pt / São Luís,Itaqui Pt / São Luís,BR,-2.56667,-44.36667
BRIRB,Iranduba,Iranduba,BR,-3.26667,-60.18333
BRISA,Ilha Solteira,Ilha Solteira,BR,-20.41667,-51.33333
BRITB,Itaituba,Itaituba,BR,-4.25,-55.98333
BRITJ,Itajaí,Itajaí,BR,-26.9,-48.65
BRITQ,Itaqui,Itaqui,BR,-29.11667,-56.55
BRIXA,Ipixuna,Ipixuna,BR,-7.05,-71.68333
BRJAG,Jaguarão,Jaguarão,BR,-32.55,-53.36667
BRJAU,Jaú,Jaú,BR,-22.28333,-48.55
BRJUR,Juruti,Juruti,BR,-2.15,-56.08333
BRJZO,Juazeiro,Juazeiro,BR,-9.4,-40.5
BRLDR,Ladário,Ladário,BR,-19,-57.6
BRLJI,Laranjal do Jari,Laranjal do Jari,BR,-0.85,-52.53333
BRLRS,Linhares,Linhares,BR,-19.38333,-40.05
BRMAB,Marabá,Marabá,BR,-5.35,-49.13333
BRMAO,Manaus,Manaus,BR,-3.13333,-60.01667
BRMAR,Maragogipe,Maragogipe,BR,-12.76667,-38.91667
BRMAS,Maués,Maués,BR,-3.38333,-57.7
BRMCP,Santana Pt / Macapá,Santana Pt / Macapá,BR,-0.05,-51.16667
BRMCU,Macau,Macau,BR,-5.1,-36.63333
BRMCZ,Maceió,Maceió,BR,-9.65,-35.7
BRMDD,Madre de Deus,Madre de Deus,BR,-12.73333,-38.6
BRMEA,Macaé,Macaé,BR,-22.36667,-41.76667
BRMGT,Mangaratiba,Mangaratiba,BR,-22.95,-44.03333
BRMNV,Mundo Novo,Mundo Novo,BR,-23.93333,-54.26667
BRMNX,Manicoré,Manicoré,BR,-5.8,-61.28333
BRMOS,Mossoró,Mossoró,BR,-5.18333,-37.35
BRMOU,Moju,Moju,BR,-1.88333,-48.76667
BRMPR,Manacapuru,Manacapuru,BR,-3.28333,-60.61667
BRMQR,Manaquiri,Manaquiri,BR,-3.41667,-60.45
BRMRC,Maricá,Maricá,BR,-22.91667,-42.81667
BRMTE,Monte Alegre,Monte Alegre,BR,-2,-54.06667
BRNAA,Nhamundá,Nhamundá,BR,-2.18333,-56.71667
BRNAO,Novo Airão,Novo Airão,BR,-2.61667,-60.93333
BRNAT,Natal,Natal,BR,-5.75,-35.25
BRNON,Nova Olinda do Norte,Nova Olinda do Norte,BR,-3.88333,-59.08333
BRNOR,Praia Norte,Praia Norte,BR,-5.38333,-47.8
BRNTR,Niterói,Niterói,BR,-22.88333,-43.06667
BRNVP,Novo Aripuanã,Novo Aripuanã,BR,-5.11667,-60.36667
BRNVT,Navegantes,Navegantes,BR,-26.88333,-48.63333
BROBI,Óbidos,Óbidos,BR,-1.9,-55.5
BRORX,Oriximiná,Oriximiná,BR,-1.75,-55.85
BRPBD,Pato Bragado,Pato Bragado,BR,-24.61667,-54.21667
BRPBO,Porto Belo,Porto Belo,BR,-27.13333,-48.6
BRPDM,Porto de Moz,Porto de Moz,BR,-1.73333,-52.23333
BRPEC,Pecém Pt / São Gonçalo do Amarante,Pecém Pt / São Gonçalo do Amarante,BR,-3.51667,-38.86667
BRPEO,Presidente Epitácio,Presidente Epitácio,BR,-21.76667,-52.1
BRPET,Pelotas,Pelotas,BR,-31.71667,-52.33333
BRPIN,Parintins,Parintins,BR,-2.61667,-56.73333
BRPIP,Pirapora,Pirapora,BR,-17.33333,-44.95
BRPKY,Presidente Kennedy,Presidente Kennedy,BR,-21.1,-41.05
BRPMA,Ponta da Madeira Pt / São Luís,Ponta da Madeira Pt / São Luís,BR,-2.53333,-44.35
BRPMH,Porto Murtinho,Porto Murtinho,BR,-21.7,-57.88333
BRPNG,Paranaguá,Paranaguá,BR,-25.5,-48.51667
BRPNS,Pederneiras,Pederneiras,BR,-22.35,-48.76667
BRPNX,Panorama,Panorama,BR,-21.35,-51.85
BRPNZ,Petrolina,Petrolina,BR,-9.38333,-40.48333
BRPOA,Porto Alegre,Porto Alegre,BR,-30.01667,-51.21667
BRPOL,Portel,Portel,BR,-1.93333,-50.81667
BRPOU,Ponta do Ubu Pt / Anchieta,Ponta do Ubu Pt / Anchieta,BR,-20.76667,-40.56667
BRPPN,Pontal do Paraná,Pontal do Paraná,BR,-25.58333,-48.43333
BRPRH,Prainha,Prainha,BR,-1.8,-53.46667
BRPRM,Praia Mole Pt / Vitória,Praia Mole Pt / Vitória,BR,-20.3,-40.21667
BRPRU,Paracuru,Paracuru,BR,-3.4,-39.01667
BRPVH,Porto Velho,Porto Velho,BR,-8.76667,-63.81667
BRPWA,Porto Acre,Porto Acre,BR,-9.6,-67.53333
BRPWR,Porto Walter,Porto Walter,BR,-8.25,-72.73333
BRRBR,Rio Branco,Rio Branco,BR,-9.96667,-67.8
BRRCH,Barra do Riacho Pt / Aracruz,Barra do Riacho Pt / Aracruz,BR,-19.85,-40.03333
BRREC,Recife,Recife,BR,-8.05,-34.88333
BRRGC,Araguacema,Araguacema,BR,-8.8,-49.55
BRRIG,Rio Grande,Rio Grande,BR,-32.05,-52.08333
BRRIO,Rio de Janeiro,Rio de Janeiro,BR,-22.86667,-43.21667
BRRPO,Rio Pardo,Rio Pardo,BR,-29.98333,-52.36667
BRSEF,Senador José Porfírio,Senador José Porfírio,BR,-2.58333,-51.95
BRSER,Serra,Serra,BR,-20.15,-40.26667
BRSFS,São Francisco do Sul,São Francisco do Sul,BR,-26.23333,-48.63333
BRSGM,São Miguel do Guamá,São Miguel do Guamá,BR,-1.61667,-47.46667
BRSGO,São Gonçalo,São Gonçalo,BR,-22.81667,-43.01667
BRSIR,Santa Isabel do Rio Negro,Santa Isabel do Rio Negro,BR,-0.41667,-65.01667
BRSLV,Salvaterra,Salvaterra,BR,-0.75,-48.5
BRSMS,São Mateus,São Mateus,BR,-18.71667,-39.85
BRSNH,Santa Helena,Santa Helena,BR,-24.85,-54.33333
BRSPB,Itaguaí Pt = Sepetiba Pt / Itaguaí,Itaguaí Pt = Sepetiba Pt / Itaguaí,BR,-22.86667,-43.76667
BRSPD,São Pedro,São Pedro,BR,-22.53333,-47.9
BRSPV,São Paulo de Olivença,São Paulo de Olivença,BR,-3.45,-68.93333
BRSSA,Salvador,Salvador,BR,-13,-38.48333
BRSSB,São Sebastião do Uatumã,São Sebastião do Uatumã,BR,-2.56667,-57.86667
BRSSI,São Simão,São Simão,BR,-18.98333,-50.53333
BRSSO,São Sebastião,São Sebastião,BR,-23.8,-45.4
BRSSR,Santa Maria da Serra,Santa Maria da Serra,BR,-22.56667,-48.15
BRSSZ,Santos,Santos,BR,-23.93333,-46.31667
BRSTM,Santarém,Santarém,BR,-2.43333,-54.71667
BRSTU,Santa Terezinha de Itaipu,Santa Terezinha de Itaipu,BR,-25.43333,-54.38333
BRSUA,Suape Pt / Ipojuca,Suape Pt / Ipojuca,BR,-8.4,-34.96667
BRSUE,Soure,Soure,BR,-0.71667,-48.5
BRSVP,Santa Vitória do Palmar,Santa Vitória do Palmar,BR,-33.51667,-53.36667
BRTAQ,Taquari,Taquari,BR,-29.8,-51.85
BRTBT,Tabatinga,Tabatinga,BR,-4.21667,-69.93333
BRTFF,Tefé,Tefé,BR,-3.33333,-64.7
BRTFO,Triunfo,Triunfo,BR,-29.93333,-51.7
BRTLD,Tailândia,Tailândia,BR,-2.93333,-48.95
BRTLG,Três Lagoas,Três Lagoas,BR,-20.78333,-51.7
BRTMT,Porto Trombetas / Oriximiná,Porto Trombetas / Oriximiná,BR,-1.46667,-56.38333
BRTNS,Tonantins,Tonantins,BR,-2.85,-67.76667
BRTPW,Tapauá,Tapauá,BR,-5.61667,-63.18333
BRTRM,Tramandaí,Tramandaí,BR,-29.98333,-50.11667
BRTRO,Terra Roxa,Terra Roxa,BR,-24.16667,-54.08333
BRTST,Terra Santa,Terra Santa,BR,-2.1,-56.48333
BRTUB,Tubarão Pt / Vitória,Tubarão Pt / Vitória,BR,-20.26667,-40.21667
BRUBT,Ubatuba,Ubatuba,BR,-23.43333,-45.06667
BRURT,Urucurituba,Urucurituba,BR,-3.13333,-58.15
BRVDC,Vila do Conde Pt / Barcarena,Vila do Conde Pt / Barcarena,BR,-1.51667,-48.71667
BRVDX,Vitória do Xingu,Vitória do Xingu,BR,-2.88333,-52
BRVGR,Várzea Grande,Várzea Grande,BR,-15.65,-56.13333
BRVIE,Vila Bela da Santíssima Trindade,Vila Bela da Santíssima Trindade,BR,-15,-59.95
BRVIX,Vitória,Vitória,BR,-20.31667,-40.31667
BRVVE,Vila Velha,Vila Velha,BR,-20.33333,-40.28333
BRXAA,Xambioá,Xambioá,BR,-6.4,-48.51667
BRXQI,Xique-Xique,Xique-Xique,BR,-10.81667,-42.71667
BRYTR,Itamarati,Itamarati,BR,-6.43333,-68.23333
BSASD,"Andros Town, Andros Island","Andros Town, Andros Island",BS,24.721389,-77.789445
BSBKC,Bock Cay,Bock Cay,BS,23.81667,-76.16667
BSCBT,Cockburn Town,Cockburn Town,BS,24.03333,-74.51667
BSCCZ,"Chub Cay, Berry Islands","Chub Cay, Berry Islands",BS,25.4229957,-77.8403213
BSCEL,Cape Eleuthera,Cape Eleuthera,BS,24.81667,-76.35
BSCLP,Clifton Point,Clifton Point,BS,25,-77.53333
BSCOC,Little Stirrup Cay,Little Stirrup Cay,BS,25.81667,-77.93333
BSCOX,Congo Town,Congo Town,BS,24.15,-77.53333
BSCRI,Crooked Island,Crooked Island,BS,22.7486959,-74.2386163
BSELE,Eleuthera Island,Eleuthera Island,BS,25.0884534,-76.1345836
BSEXU,Great Exuma Island,Great Exuma Island,BS,23.53333,-75.83333
BSFPO,"Freeport, Grand Bahama","Freeport, Grand Bahama",BS,26.52,-78.66
BSGGT,"George Town, Great Exuma Island","George Town, Great Exuma Island",BS,23.504722,-75.769722
BSGHB,"Governors Harbour, Eleuthera","Governors Harbour, Eleuthera",BS,25.195278,-76.243055
BSGHC,Great Harbour Cay,Great Harbour Cay,BS,25.75,-77.83333
BSGOC,Gorda Cay,Gorda Cay,BS,26.08333,-77.53333
BSGSC,Great Stirrup Cay,Great Stirrup Cay,BS,25.83333,-77.9
BSGTC,Green Turtle Cay,Green Turtle Cay,BS,26.864648,-77.2799047
BSHBI,Harbour Island,Harbour Island,BS,25.5,-76.63333
BSHMC,Little San Salvador,Little San Salvador,BS,24.58333,-75.91667
BSIGA,Inagua,Inagua,BS,21.2325,-73.3096213
BSLUC,Lucaya,Lucaya,BS,26.51667,-78.63333
BSMAT,Matthew Town,Matthew Town,BS,20.9504006,-73.6726951
BSMHH,Marsh Harbour,Marsh Harbour,BS,26.53333,-76.96667
BSMYG,Mayaguana Island,Mayaguana Island,BS,22.3698426,-72.8876816
BSNAS,Nassau,Nassau,BS,25.08333,-77.35
BSOCE,Ocean Cay,Ocean Cay,BS,25.4208685,-79.2067427
BSRSD,Rock Sound,Rock Sound,BS,24.9,-76.2
BSSAQ,San Andros,San Andros,BS,25.06667,-78.05
BSSML,Stella Maris,Stella Maris,BS,23.6,-75.3
BSSRP,South Riding Point,South Riding Point,BS,26.616667,-78.216667
BSTBI,The Bight,The Bight,BS,22.4587341,-74.2107241
BSTCB,"Treasure Cay, Great Abaco Island","Treasure Cay, Great Abaco Island",BS,26.676375,-77.293539
BSWKR,Walker's Cay,Walker's Cay,BS,27.2592749,-78.4023743
BSWTD,West End,West End,BS,26.68333,-78.96667
BSZSA,San Salvador Island,San Salvador Island,BS,24.0343816,-74.4851373
BWDUK,Dukwi,Dukwi,BW,-20.58333,26.53333
BWMAH,Mahalapye,Mahalapye,BW,-23.1,26.83333
BYKLK,Kletsk,Kletsk,BY,53.05,26.61667
BYKYC,Kostyukovichi,Kostyukovichi,BY,53.35,32.05
BYPIK,Pinsk,Pinsk,BY,52.11667,26.08333
BYRYA,Rechytsa,Rechytsa,BY,52.35,30.4
BYSNM,Slonim,Slonim,BY,53.1,25.31667
BYVAW,Vawkavysk,Vawkavysk,BY,53.15,24.43333
BZBAR,Barranco,Barranco,BZ,16,-88.91667
BZBGK,Big Creek,Big Creek,BZ,16.51667,-88.4
BZBZE,Belize City,Belize City,BZ,17.5002768,-88.1988737
BZDGA,Dangriga,Dangriga,BZ,16.96667,-88.21667
CAAAB,Lac La Biche,Lac La Biche,CA,54.76667,-111.95
CAAAL,Alert Bay,Alert Bay,CA,50.5839307,-126.9277663
CAABL,Amberly,Amberly,CA,44.05,-81.71667
CAABR,Rocky View County,Rocky View County,CA,51.3699347,-114.014186
CAAGU,Aguathuna,Aguathuna,CA,48.55,-58.76667
CAAHL,Apple Hill,Apple Hill,CA,45.2209199,-74.7708721
CAALK,Adlavik,Adlavik,CA,54.9570678,-58.6908581
CAALO,L'Anse-au-Loup,L'Anse-au-Loup,CA,51.51667,-56.83333
CAALV,Atholville,Atholville,CA,47.98333,-66.71667
CAAMH,Amherstburg,Amherstburg,CA,42.1013313,-83.1086544
CAANZ,Anzac,Anzac,CA,56.43333,-111.03333
CAARB,Arctic Bay,Arctic Bay,CA,73.03333,-85.16667
CAARC,Arnold's Cove,Arnold's Cove,CA,47.76667,-53.98333
CAARI,Arichat,Arichat,CA,45.51667,-61.01667
CAASQ,Asquith,Asquith,CA,52.11667,-107.21667
CAAVO,Avondale,Avondale,CA,47.41667,-53.2
CAAVP,Avonport,Avonport,CA,45.1,-64.25
CABAA,Bala,Bala,CA,45,-79.6
CABAD,Baddeck,Baddeck,CA,46.0996814,-60.7535526
CABAM,Bamberton,Bamberton,CA,48.5832247,-123.5228113
CABAN,Barrington,Barrington,CA,43.56667,-65.56667
CABAT,Bathurst,Bathurst,CA,47.6208671,-65.6537546
CABAY,Bayside (St Roberts),Bayside (St Roberts),CA,45.128016,-67.10505
CABBB,Blubber Bay,Blubber Bay,CA,49.794875,-124.6219972
CABBU,Bay Bulls,Bay Bulls,CA,47.33333,-52.83333
CABBY,Blind Bay,Blind Bay,CA,50.8862728,-119.3977116
CABC2,Bow City,Bow City,CA,50.41667,-112.26667
CABCK,Brockville,Brockville,CA,44.5895925,-75.6843332
CABCO,Baie Comeau,Baie Comeau,CA,49.2118373,-68.1801406
CABCT,Bancroft,Bancroft,CA,45.0570769,-77.8537127
CABDF,Bedford,Bedford,CA,44.71667,-63.68333
CABDR,Bald Rock,Bald Rock,CA,44.46667,-63.56667
CABEA,Beaver Cove,Beaver Cove,CA,50.51667,-126.86667
CABEC,Bécancour,Bécancour,CA,46.33333,-72.43333
CABEH,Beaver Harbour,Beaver Harbour,CA,45.0731858,-66.7426785
CABEL,Belledune,Belledune,CA,47.8926616,-65.8237545
CABFR,Beresford,Beresford,CA,47.68333,-65.7
CABGT,Bagotville,Bagotville,CA,48.3407795,-70.8797721
CABIN,Burrard Inlet,Burrard Inlet,CA,49.3,-123.18333
CABJO,Baie-Johan-Beetz,Baie-Johan-Beetz,CA,50.3,-62.83333
CABKA,Brocket,Brocket,CA,49.55,-113.76667
CABKN,Brooklyn,Brooklyn,CA,44.0597128,-64.6809772
CABLC,Bella Coola,Bella Coola,CA,52.3723035,-126.7556778
CABLD,Belwood,Belwood,CA,43.76667,-80.33333
CABLH,Blacks Harbour,Blacks Harbour,CA,45.058501,-66.7900104
CABLK,Baker Lake,Baker Lake,CA,64.31667,-96.03333
CABLL,Beloeil,Beloeil,CA,45.5643183,-73.2040066
CABLR,Blind River,Blind River,CA,46.188388,-82.95639
CABLV,Belleville,Belleville,CA,44.1633264,-77.3852556
CABNI,Bowen Island,Bowen Island,CA,49.36667,-123.33333
CABOB,Bobcaygeon,Bobcaygeon,CA,44.53333,-78.55
CABOJ,Saint-Bruno-Lac-Saint-Jean,Saint-Bruno-Lac-Saint-Jean,CA,48.46667,-71.66667
CABOR,Borden,Borden,CA,46.25,-63.7
CABPO,Beach Point,Beach Point,CA,46.01667,-62.48333
CABRD,Brentwood Bay,Brentwood Bay,CA,48.58333,-123.45
CABRI,Britannia Beach,Britannia Beach,CA,49.626392,-123.206005
CABRL,Burlington,Burlington,CA,43.3248924,-79.7966835
CABRT,Broughton Is,Broughton Is,CA,67.5580224,-64.0168832
CABRW,Bridgewater,Bridgewater,CA,44.3774134,-64.5193946
CABSK,Blackstock,Blackstock,CA,44.1,-78.78333
CABST,"Bayside, Charlotte","Bayside, Charlotte",CA,45.13333,-67.11667
CABTH,Bath,Bath,CA,44.1830254,-76.7756561
CABTT,Britt,Britt,CA,45.7749186,-80.5562007
CABUA,Bull Arm,Bull Arm,CA,47.83333,-53.86667
CABUE,Bouctouche,Bouctouche,CA,46.46667,-64.71667
CABUI,Burin,Burin,CA,47.05,-55.18333
CABUK,Burks Falls,Burks Falls,CA,45.63333,-79.45
CABUO,Burgeo,Burgeo,CA,47.6,-57.63333
CABUS,Burnside,Burnside,CA,48.7,-53.8
CABVE,Baie Verte,Baie Verte,CA,49.91667,-56.18333
CABWD,Botwood,Botwood,CA,49.15,-55.36667
CABWV,Bowmanville,Bowmanville,CA,43.9122995,-78.6891675
CABYR,Bay Roberts,Bay Roberts,CA,47.58333,-53.3
CACAC,Cap-Chat,Cap-Chat,CA,49.08333,-66.68333
CACAH,Canso,Canso,CA,45.33333,-61
CACAM,Campbell River,Campbell River,CA,50.01667,-125.25
CACAQ,Caraquet,Caraquet,CA,47.7909581,-64.9491778
CACAT,Catalina,Catalina,CA,48.51667,-53.08333
CACAU,Coal Harbour,Coal Harbour,CA,50.6,-127.58333
CACBC,Come By Chance,Come By Chance,CA,47.85,-53.98333
CACBF,Campbellford,Campbellford,CA,44.3,-77.78333
CACBG,Cobourg,Cobourg,CA,43.96667,-78.16667
CACBK,Corner Brook,Corner Brook,CA,48.95,-57.93333
CACBY,Carberry,Carberry,CA,49.86667,-99.35
CACCB,Cowichan Bay,Cowichan Bay,CA,48.741701,-123.626404
CACCI,Crystal City,Crystal City,CA,49.13333,-98.95
CACCV,Comfort Cove,Comfort Cove,CA,49.33333,-54.86667
CACDN,Cardinal,Cardinal,CA,44.7877017,-75.3800984
CACDO,Cape Dorset,Cape Dorset,CA,64.2322773,-76.5432179
CACHA,Charlottetown,Charlottetown,CA,46.23333,-63.13333
CACHI,Chicoutimi,Chicoutimi,CA,48.4286352,-71.0637121
CACHM,Chemainus,Chemainus,CA,48.922499,-123.718414
CACHN,Chatham,Chatham,CA,47.0294425,-65.4625791
CACHR,Chandler,Chandler,CA,48.3491804,-64.6775915
CACHT,Chéticamp,Chéticamp,CA,46.61667,-61.01667
CACHV,Churchill,Churchill,CA,58.76667,-94.18333
CACIL,Change Islands,Change Islands,CA,49.66667,-54.41667
CACLB,Colborne,Colborne,CA,44.0050196,-77.8879789
CACLC,Clarke City,Clarke City,CA,50.1891105,-66.6323114
CACLE,Clarenville,Clarenville,CA,48.15,-53.96667
CACLH,Clark's Harbour,Clark's Harbour,CA,43.45,-65.63333
CACLR,Clyde River,Clyde River,CA,70.4736678,-68.5887193
CACLT,Carleton,Carleton,CA,48.101464,-66.1140521
CACMV,Carmanville,Carmanville,CA,49.36667,-54.26667
CACOC,Contrecoeur,Contrecoeur,CA,45.8573781,-73.2374307
CACOH,Country Harbour,Country Harbour,CA,45.197109,-61.722422
CACOL,Collingwood,Collingwood,CA,44.5027226,-80.2172379
CACOM,Campbellton,Campbellton,CA,48.0046634,-66.6765986
CACOP,Coppermine,Coppermine,CA,67.8260952,-115.1073221
CACOR,Corunna,Corunna,CA,42.8885911,-82.4533014
CACOU,Courtenay,Courtenay,CA,49.6894061,-124.9954959
CACOX,Comox,Comox,CA,49.6727575,-124.9276204
CACPB,Campobello,Campobello,CA,44.8861269,-66.918511
CACPT,Canaport,Canaport,CA,45.2132892,-65.9867822
CACPY,Cape Ray,Cape Ray,CA,47.63333,-59.3
CACQ5,Preissac,Preissac,CA,48.4,-78.36667
CACQA,Coteau du Lac,Coteau du Lac,CA,45.2963957,-74.1782005
CACQT,Conquitlam,Conquitlam,CA,49.23333,-122.81667
CACRA,Cranford,Cranford,CA,49.75,-112.35
CACRB,Carbonear,Carbonear,CA,47.73333,-53.25
CACRO,Crofton,Crofton,CA,48.8608608,-123.644812
CACRR,Courtright,Courtright,CA,42.8192716,-82.4737798
CACSC,Côte-Sainte-Catherine,Côte-Sainte-Catherine,CA,45.492222,-73.632778
CACSI,Cap-St-Ignace,Cap-St-Ignace,CA,47.03333,-70.45
CACSJ,Coniston,Coniston,CA,46.48333,-80.85
CACSN,Clarkson,Clarkson,CA,43.5110439,-79.6299343
CACST,Chester,Chester,CA,44.5413322,-64.2411853
CACTR,Chestermere,Chestermere,CA,51.03333,-113.81667
CACUM,Cumberland Bay,Cumberland Bay,CA,46.0452883,-65.872714
CACVA,Cleveland,Cleveland,CA,45.6771615,-61.2398531
CACWH,Cow Head,Cow Head,CA,49.9,-57.78333
CACWI,Cornwallis Is,Cornwallis Is,CA,75.133333,-95
CACWL,Cornwall,Cornwall,CA,45.0184417,-74.728703
CACWT,Clearwater,Clearwater,CA,51.65,-120.03333
CACYP,Coley's Point,Coley's Point,CA,47.58333,-53.26667
CADCS,Dorchester,Dorchester,CA,42.98333,-81.06667
CADEB,Deception Bay,Deception Bay,CA,62.1469564,-74.6992342
CADEI,Deer Island,Deer Island,CA,49.4342895,-92.2952521
CADEL,Delta,Delta,CA,49.08333,-123
CADHS,Dalhousie,Dalhousie,CA,48.0634448,-66.369555
CADIG,Digby,Digby,CA,44.6194028,-65.758575
CADIL,Dildo,Dildo,CA,47.55,-53.55
CADLN,Dublin,Dublin,CA,43.5,-81.28333
CADSA,Denman Island,Denman Island,CA,49.55,-124.8
CADWL,Dingwall,Dingwall,CA,46.9,-60.46667
CAEBY,English Bay,English Bay,CA,55.2260014,-105.3026532
CAEDC,Edwards Cove,Edwards Cove,CA,56.83333,-62.5
CAEDI,Grande-Digue,Grande-Digue,CA,46.28333,-64.55
CAEEK,Belleisle Creek,Belleisle Creek,CA,45.7450248,-65.7505836
CAEIW,Wellington,Wellington,CA,46.4540208,-64.0005669
CAEND,Endako,Endako,CA,54.08333,-125.01667
CAENE,Erieau,Erieau,CA,42.2606932,-81.9173021
CAESQ,Esquimalt,Esquimalt,CA,48.429995,-123.41359
CAETA,East Angus,East Angus,CA,45.48333,-71.66667
CAETN,Etang-du-Nord,Etang-du-Nord,CA,47.36667,-61.93333
CAETZ,Etzikom,Etzikom,CA,49.48333,-111.1
CAEWT,Newton,Newton,CA,49.93333,-98.06667
CAFAL,Fort Albany,Fort Albany,CA,52.2130217,-81.682452
CAFCM,Kuujjuaq,Kuujjuaq,CA,58.1,-68.4
CAFFS,Fort Frances,Fort Frances,CA,48.6,-93.4
CAFKN,Fort Franklin,Fort Franklin,CA,65.18333,-123.41667
CAFLR,Fall River,Fall River,CA,44.81667,-63.61667
CAFLY,Fort Langley,Fort Langley,CA,49.16667,-122.56667
CAFMA,Fort MacKay,Fort MacKay,CA,57.18333,-111.63333
CAFOG,Fogo,Fogo,CA,49.71667,-54.28333
CAFOR,Fortune,Fortune,CA,47.06667,-55.83333
CAFRE,Fredericton,Fredericton,CA,45.95,-66.65
CAFRR,Fraser River,Fraser River,CA,49.23333,-122.85
CAFRV,Forestville,Forestville,CA,48.739437,-69.088211
CAFSD,Fraser-Surrey Docks,Fraser-Surrey Docks,CA,49.11667,-122.73333
CAFSI,Fort Simpson,Fort Simpson,CA,61.8631427,-121.354276
CAFSM,Fort Smith,Fort Smith,CA,60.005852,-111.890259
CAFWL,Fort William,Fort William,CA,48.4,-89.23333
CAFWS,Fraser Wharves,Fraser Wharves,CA,50.96667,-119.2
CAGAN,Gander,Gander,CA,48.95,-54.55
CAGBT,Godbout,Godbout,CA,49.323332,-67.59613
CAGCA,Gros Cacouna,Gros Cacouna,CA,47.92914,-69.5111408
CAGGS,Ganges,Ganges,CA,48.8550232,-123.506725
CAGLB,Glace Bay,Glace Bay,CA,46.2,-59.96667
CAGLT,Galt,Galt,CA,43.35,-80.3
CAGMA,Grand Manan,Grand Manan,CA,44.7,-66.8
CAGNN,Rockport,Rockport,CA,44.3794699,-75.93284
CAGOH,Goderich,Goderich,CA,43.7430924,-81.7110949
CAGOO,Goose Bay,Goose Bay,CA,53.4,-60.16667
CAGOR,Gold River,Gold River,CA,49.7807549,-126.0473015
CAGPD,Port-Daniel - Gascons,Port-Daniel - Gascons,CA,48.16667,-64.91667
CAGPE,Gaspé,Gaspé,CA,48.83333,-64.48333
CAGRB,Grand Bank,Grand Bank,CA,47.1,-55.78333
CAGRS,Grindstone,Grindstone,CA,45.7234211,-64.6171521
CAHAB,Hall Beach,Hall Beach,CA,68.7927301,-81.2439606
CAHAL,Halifax,Halifax,CA,44.648618,-63.5859487
CAHAM,Hamilton,Hamilton,CA,43.2560802,-79.8728583
CAHAR,Harriet Harbour,Harriet Harbour,CA,52.3,-131.4
CAHBN,Hebron,Hebron,CA,58.2,-62.63333
CAHBR,Harbour Breton,Harbour Breton,CA,47.48333,-55.83333
CAHCC,Hacketts Cove,Hacketts Cove,CA,44.56667,-63.93333
CAHEB,Hébertville,Hébertville,CA,48.38333,-71.68333
CAHHB,Hants Harbour,Hants Harbour,CA,48.01667,-53.26667
CAHIB,Hibernia,Hibernia,CA,44.33333,-64.98333
CAHID,Hilda,Hilda,CA,50.4806568,-110.0347773
CAHLI,Herschel Island,Herschel Island,CA,69.56667,-139.06667
CAHMM,Hemmingford,Hemmingford,CA,45.05,-73.6
CAHMP,Hampden,Hampden,CA,49.53333,-56.86667
CAHOD,Holyrood,Holyrood,CA,47.38333,-53.13333
CAHON,Harwood,Harwood,CA,44.13333,-78.18333
CAHOP,Hopedale,Hopedale,CA,55.45,-60.21667
CAHPT,Hantsport,Hantsport,CA,45.0640411,-64.1808647
CAHRE,Harbour Grace,Harbour Grace,CA,47.68333,-53.25
CAHRF,Horsefly,Horsefly,CA,52.33333,-121.41667
CAHSP,Havre-Saint-Pierre,Havre-Saint-Pierre,CA,50.2463647,-63.6003951
CAHVR,Hanover,Hanover,CA,44.13333,-81.01667
CAHWS,Howe Sound,Howe Sound,CA,49.4801618,-123.4553751
CAIAM,Indian Arm,Indian Arm,CA,49.36667,-122.86667
CAIGL,Igloolik,Igloolik,CA,69.36667,-81.81667
CAIKM,Inkerman,Inkerman,CA,45.03333,-75.4
CAILS,L'Île-des-Soeurs (Nuns Island),L'Île-des-Soeurs (Nuns Island),CA,45.4601811,-73.548239
CAIOC,Ioco,Ioco,CA,49.3003639,-122.865693
CAION,Iona,Iona,CA,45.9620046,-60.8049985
CAIQL,Iqaluit,Iqaluit,CA,63.73333,-68.5
CAISL,Island Lake,Island Lake,CA,53.86667,-94.66667
CAIVM,Invermere,Invermere,CA,50.51667,-116.03333
CAIVN,Irvine,Irvine,CA,49.95,-110.26667
CAJAC,Jackson Arm,Jackson Arm,CA,49.86667,-56.8
CAJEG,Jemseg,Jemseg,CA,45.81667,-66.1
CAKEE,Keene,Keene,CA,44.25,-78.16667
CAKHO,Key Harbour,Key Harbour,CA,45.88333,-80.73333
CAKIN,Kingston,Kingston,CA,44.230687,-76.481323
CAKKR,Kinkora,Kinkora,CA,46.3227406,-63.6030984
CAKLO,Kaslo,Kaslo,CA,49.9,-116.91667
CAKLY,Killarney,Killarney,CA,45.971197,-81.513062
CAKNE,Kinnear's Mills,Kinnear's Mills,CA,46.21667,-71.38333
CAKOV,Kovik Bay,Kovik Bay,CA,61.55,-77.73333
CAKTM,Kitimat,Kitimat,CA,54.0535577,-128.6540519
CAKVL,Kingsville,Kingsville,CA,42.0378963,-82.7396606
CAKWI,King William Is,King William Is,CA,69.166667,-97.416667
CALAC,Lachine/Montreal,Lachine/Montreal,CA,45.435114,-73.6837987
CALAD,Ladysmith,Ladysmith,CA,48.9936579,-123.8157964
CALAW,Lakeview,Lakeview,CA,43.5675,-79.5822
CALAY,Lower Argyle,Lower Argyle,CA,43.73333,-65.83333
CALB3,L'Anse-à-Beaufils,L'Anse-à-Beaufils,CA,48.46667,-64.3
CALCH,Lachute,Lachute,CA,45.6560478,-74.3401388
CALCO,Lacolle,Lacolle,CA,45.0796837,-73.3736934
CALCP,Lockeport,Lockeport,CA,43.7,-65.11667
CALCV,Lower Cove,Lower Cove,CA,48.51667,-59
CALDN,Ladner,Ladner,CA,49.0975074,-123.07851
CALDS,Lansdowne,Lansdowne,CA,44.4057546,-76.0182686
CALDT,Lac-Drolet,Lac-Drolet,CA,45.71667,-70.85
CALEV,Lévis,Lévis,CA,46.8,-71.16667
CALIC,Little Current,Little Current,CA,45.9800486,-81.9267993
CALIN,Little Narrows,Little Narrows,CA,45.992096,-60.98349
CALIV,Liverpool,Liverpool,CA,44.036104,-64.7172992
CALLF,Clifford,Clifford,CA,43.96667,-80.96667
CALMD,Lomond,Lomond,CA,49.45,-57.76667
CALMN,Leamington,Leamington,CA,42.0531385,-82.5997722
CALMW,La Salle,La Salle,CA,49.7,-97.26667
CALNG,Langley,Langley,CA,49.1039289,-122.657047
CALOB,Lobo,Lobo,CA,43,-81.41667
CALOH,Long Harbour,Long Harbour,CA,47.43333,-53.8
CALOP,Long Pond,Long Pond,CA,47.5076745,-52.9756748
CALOU,Louisbourg,Louisbourg,CA,45.91667,-59.98333
CALSE,Lakeshore,Lakeshore,CA,42.28333,-82.73333
CALUN,Lunenburg,Lunenburg,CA,44.3774954,-64.3154816
CALVH,Laverlochère,Laverlochère,CA,47.41667,-79.28333
CALWB,Lowbanks,Lowbanks,CA,42.86667,-79.45
CALWH,Lower Woods Harbour,Lower Woods Harbour,CA,43.51667,-65.73333
CALWP,Lewisporte,Lewisporte,CA,49.23333,-55.06667
CALZV,Lantzville,Lantzville,CA,49.25,-124.08333
CAMAB,Mabou,Mabou,CA,46.06667,-61.38333
CAMAG,Magog,Magog,CA,45.26667,-72.15
CAMAR,Marathon,Marathon,CA,48.7209349,-86.371598
CAMBR,Main Brook,Main Brook,CA,51.18333,-56.01667
CAMDB,Meldrum Bay,Meldrum Bay,CA,45.9278936,-83.11452
CAMET,Meteghan,Meteghan,CA,44.1884125,-66.1614205
CAMFD,Meaford,Meaford,CA,44.6,-80.6
CAMGD,Magdalen Is,Magdalen Is,CA,47.448333,-61.752222
CAMGH,Merigomish,Merigomish,CA,45.61667,-62.41667
CAMGT,Sainte-Marguerite,Sainte-Marguerite,CA,46.5108351,-70.9373354
CAMHB,Mahone Bay,Mahone Bay,CA,44.4488931,-64.387173
CAMHN,Les Mechins,Les Mechins,CA,49,-66.96667
CAMIB,Mission,Mission,CA,49.13333,-122.3
CAMID,Midland,Midland,CA,44.750147,-79.885712
CAMIH,Michipicoten,Michipicoten,CA,47.9606096,-84.9254261
CAMIR,Miramichi,Miramichi,CA,47.0298004,-65.4704158
CAMLK,Millbank,Millbank,CA,47.05,-65.45
CAMNE,Matane,Matane,CA,48.8468883,-67.5295198
CAMNI,Milne Inlet Port,Milne Inlet Port,CA,71.88333,-80.91667
CAMNT,Moncton,Moncton,CA,46.0985679,-64.8004265
CAMOB,Morrisburg,Morrisburg,CA,44.8977043,-75.1829545
CAMOL,Mont-Louis,Mont-Louis,CA,49.21667,-65.75
CAMOU,Moosonee,Moosonee,CA,51.267071,-80.650635
CAMRE,Montréal-Est,Montréal-Est,CA,45.63333,-73.5
CAMRI,Maple Ridge,Maple Ridge,CA,49.2197345,-122.599707
CAMSS,Masset,Masset,CA,54.0124473,-132.1452236
CAMSV,Minesville,Minesville,CA,44.68333,-63.36667
CAMSW,Metiskow,Metiskow,CA,52.4,-110.63333
CAMTI,Malartic,Malartic,CA,48.13333,-78.11667
CAMTN,Marystown,Marystown,CA,47.16667,-55.16667
CAMTO,Minto,Minto,CA,46.08333,-66.06667
CAMTQ,Mactaquac,Mactaquac,CA,45.9415455,-66.8841326
CAMTR,Montreal,Montreal,CA,45.5031824,-73.5698065
CAMUL,Mulgrave,Mulgrave,CA,45.6063041,-61.3893897
CAMUS,Musquodoboit Harbour,Musquodoboit Harbour,CA,44.78333,-63.13333
CAMYO,Mindemoya,Mindemoya,CA,45.73333,-82.16667
CANAI,Nain,Nain,CA,56.55,-61.68333
CANAK,Nakusp,Nakusp,CA,50.23333,-117.8
CANAN,Nanticoke,Nanticoke,CA,42.8,-80.06667
CANBC,Notre-Dame-du-Bon-Conseil,Notre-Dame-du-Bon-Conseil,CA,46,-72.35
CANCT,Newcastle,Newcastle,CA,47.0007875,-65.5741695
CANCV,Norman's Cove,Norman's Cove,CA,47.55,-53.66667
CANDL,Notre-Dame-de-Lourdes,Notre-Dame-de-Lourdes,CA,49.53333,-98.55
CANGL,New Glasgow,New Glasgow,CA,45.5869474,-62.6483547
CANIA,Niagara Falls,Niagara Falls,CA,43.1065603,-79.0639039
CANLS,Nelson,Nelson,CA,49.48333,-117.3
CANMT,Naramata,Naramata,CA,49.6,-119.58333
CANNE,Nanoose Bay,Nanoose Bay,CA,49.271116,-124.1925699
CANNO,Nanaimo,Nanaimo,CA,49.163877,-123.938122
CANOL,Niagara-on-the-Lake,Niagara-on-the-Lake,CA,43.25,-79.06667
CANON,Shannon,Shannon,CA,46.8865709,-71.5166406
CANRB,North Bend,North Bend,CA,49.88333,-121.46667
CANRC,New Richmond,New Richmond,CA,48.1651194,-65.8655584
CANS3,Neil's Harbour,Neil's Harbour,CA,46.25,-60.55
CANSY,North Sydney,North Sydney,CA,46.2105845,-60.2470914
CANTR,Bantry,Bantry,CA,50.4852338,-111.9052979
CANVK,Nanisivik,Nanisivik,CA,73.034722,-84.536944
CANWE,New Westminster,New Westminster,CA,49.2067726,-122.9108818
CANWP,Argentia,Argentia,CA,47.3,-54
CAOAJ,Oakville,Oakville,CA,49.91667,-98
CAOAK,Oakville,Oakville,CA,43.447436,-79.666672
CAODE,Odessa,Odessa,CA,44.26667,-76.71667
CAOFA,Ocean Falls,Ocean Falls,CA,52.3528605,-127.6916482
CAOLS,Orléans,Orléans,CA,45.45,-75.53333
CAOON,Halton Hills,Halton Hills,CA,43.61667,-79.95
CAOPE,Port Hope,Port Hope,CA,43.9515755,-78.2939704
CAOSH,Oshawa,Oshawa,CA,43.8975558,-78.8635324
CAOTT,Ottawa,Ottawa,CA,45.4208777,-75.6901106
CAOVR,Oliver,Oliver,CA,49.16667,-119.55
CAOWS,Owen Sound,Owen Sound,CA,44.5678105,-80.9430094
CAPAB,Port Alberni,Port Alberni,CA,49.2343668,-124.8056517
CAPAC,Port Alice,Port Alice,CA,50.426893,-127.488098
CAPAF,Port-Alfred,Port-Alfred,CA,48.33333,-70.88333
CAPAP,Port au Port,Port au Port,CA,48.55,-58.71667
CAPAR,Parrsboro,Parrsboro,CA,45.4054809,-64.326059
CAPAS,Paspebiac,Paspebiac,CA,48.0294111,-65.2490836
CAPBQ,Channel-Port aux Basques,Channel-Port aux Basques,CA,47.56667,-59.15
CAPCA,Port-Cartier,Port-Cartier,CA,50.01667,-66.86667
CAPCO,Port Colborne,Port Colborne,CA,42.8862392,-79.2513905
CAPCR,Port Credit,Port Credit,CA,43.5538827,-79.583161
CAPDI,Pond Inlet,Pond Inlet,CA,72.6976743,-77.9574381
CAPDL,Port-Daniel,Port-Daniel,CA,48.18333,-64.98333
CAPDO,Saint-Pierre-de-l'Île-d'Orléans,Saint-Pierre-de-l'Île-d'Orléans,CA,46.8875461,-71.0748734
CAPDV,Port Dover,Port Dover,CA,42.7845713,-80.2005169
CAPEH,Pender Harbour,Pender Harbour,CA,49.625,-124.033
CAPEL,Port Elgin,Port Elgin,CA,46.03333,-64.08333
CAPEW,Point Edward,Point Edward,CA,43,-82.4
CAPFT,Pointe-Fortune,Pointe-Fortune,CA,45.56667,-74.36667
CAPHL,Philipsburg,Philipsburg,CA,45.03333,-73.06667
CAPHM,Pohénégamook,Pohénégamook,CA,47.48333,-69.28333
CAPHW,Port Hawkesbury,Port Hawkesbury,CA,45.6180851,-61.3574589
CAPHY,Port Hardy,Port Hardy,CA,50.7244402,-127.4976081
CAPIC,Picton,Picton,CA,44.0077067,-77.1411741
CAPMA,Port McNeill,Port McNeill,CA,50.58333,-127.1
CAPME,Port-Menier,Port-Menier,CA,49.81667,-64.35
CAPML,Port Mellon,Port Mellon,CA,49.5138243,-123.4959883
CAPMO,Port Moody/Vancouver,Port Moody/Vancouver,CA,49.2831,-122.832
CAPNE,Port Nelson,Port Nelson,CA,57.0547159,-92.6063826
CAPNO,Pointe Noire,Pointe Noire,CA,50.15,-66.48333
CAPNT,Pangnirtung,Pangnirtung,CA,66.1480197,-65.7172826
CAPOA,Port Arthur,Port Arthur,CA,48.4348261,-89.2194423
CAPOI,Pointe-Claire,Pointe-Claire,CA,45.43333,-73.73333
CAPOP,Pointe-au-Pic,Pointe-au-Pic,CA,47.6326873,-70.1433363
CAPOU,Pouce Coupe,Pouce Coupe,CA,55.714682,-120.1321911
CAPOW,Powell River,Powell River,CA,49.835676,-124.524412
CAPPC,Pointe au Pic,Pointe au Pic,CA,47.6326873,-70.1433363
CAPPT,Prospect,Prospect,CA,44.46667,-63.78333
CAPRE,Prescott,Prescott,CA,44.710417,-75.5128981
CAPRG,Prince George,Prince George,CA,53.9128645,-122.7453699
CAPRP,Port Perry,Port Perry,CA,44.1054151,-78.9425076
CAPRR,Prince Rupert,Prince Rupert,CA,54.3126572,-130.32549
CAPRS,Parry Sound,Parry Sound,CA,45.3436067,-80.0337392
CAPSI,Port Simpson,Port Simpson,CA,54.55458,-130.430605
CAPST,Port Stanley,Port Stanley,CA,42.6660437,-81.2121712
CAPSV,Pleasantville,Pleasantville,CA,44.33333,-64.43333
CAPTA,Tahsis,Tahsis,CA,49.9152219,-126.6634768
CAPTD,Portugal Cove,Portugal Cove,CA,47.63333,-52.85
CAPTE,Port Edward,Port Edward,CA,54.2246496,-130.2921229
CAPTH,Penetanguishene,Penetanguishene,CA,44.76667,-79.93333
CAPTN,Portneuf,Portneuf,CA,46.7,-71.8833
CAPTO,Pictou,Pictou,CA,45.6777203,-62.7082212
CAPTU,Point Tupper,Point Tupper,CA,45.6,-61.36667
CAPUG,Pugwash,Pugwash,CA,45.8498385,-63.6629818
CAPWE,Port Weller,Port Weller,CA,43.21667,-79.21667
CAPXT,Pointe-aux-Trembles,Pointe-aux-Trembles,CA,45.65,-73.48333
CAQCH,Queen Charlotte,Queen Charlotte,CA,53.25,-132.06667
CAQCS,Saint-Bernard-de-Michaudville,Saint-Bernard-de-Michaudville,CA,45.827364,-73.062172
CAQLE,Les Escoumins,Les Escoumins,CA,48.35,-69.41667
CAQTS,Quatsino,Quatsino,CA,50.5366569,-127.6357383
CAQUE,Quebec,Quebec,CA,46.8137431,-71.2084061
CARAM,Ramea,Ramea,CA,47.51667,-57.41667
CARBN,Robinsons,Robinsons,CA,48.25,-58.78333
CARBY,Red Bay,Red Bay,CA,51.73333,-56.41667
CARCD,Rockwood,Rockwood,CA,43.61667,-80.13333
CARDL,Rivière-du-Loup,Rivière-du-Loup,CA,47.83333,-69.53333
CAREB,Resolute Bay,Resolute Bay,CA,74.6975,-94.832222
CAREL,La Relance,La Relance,CA,50.15,-66.45
CARIM,Rimouski,Rimouski,CA,48.450155,-68.529968
CARIT,Rankin Inlet,Rankin Inlet,CA,62.81667,-92.06667
CAROD,Roddickton,Roddickton,CA,50.85,-56.11667
CARPO,Rossport,Rossport,CA,48.83333,-87.51667
CARRC,Red Rock,Red Rock,CA,48.95,-88.28333
CARRE,Château-Richer,Château-Richer,CA,46.96667,-71.01667
CARSV,Robertsonville,Robertsonville,CA,46.13333,-71.21667
CARTB,Robert's Bank,Robert's Bank,CA,49.06667,-123.16667
CARUS,Ruskin,Ruskin,CA,49.1897931,-122.4359068
CAS8A,Saint Albert,Saint Albert,CA,53.63333,-113.63333
CASAD,Saint-Andrews,Saint-Andrews,CA,45.0749302,-67.0516937
CASAG,Saguenay,Saguenay,CA,48.41667,-71.06667
CASAT,Saint-Anthony,Saint-Anthony,CA,51.38333,-55.6
CASAU,Saint-Augustin,Saint-Augustin,CA,51.23333,-58.65
CASBD,Saint-Bernard,Saint-Bernard,CA,46.498156,-71.137161
CASBH,Sandy Beach,Sandy Beach,CA,48.81667,-64.41667
CASBU,Shelburne,Shelburne,CA,43.7639539,-65.321384
CASCA,Saint-Catharines,Saint-Catharines,CA,43.16667,-79.23333
CASCP,Saint-Christophe-d'Arthabaska,Saint-Christophe-d'Arthabaska,CA,46.03333,-71.91667
CASCT,Sainte-Catherine,Sainte-Catherine,CA,45.4,-73.58333
CASDM,Sainte-Anne-des-Monts,Sainte-Anne-des-Monts,CA,49.11667,-66.48333
CASDN,Saint-Damien-de-Brandon,Saint-Damien-de-Brandon,CA,46.33333,-73.48333
CASDY,Sidney,Sidney,CA,48.6505788,-123.398324
CASEB,Seven Islands Bay,Seven Islands Bay,CA,59.41667,-63.75
CASED,Sedgewick,Sedgewick,CA,52.76667,-111.68333
CASEI,Sept-Iles,Sept-Iles,CA,50.2,-66.38333
CASEL,Selkirk,Selkirk,CA,50.146986,-96.880188
CASEM,Seldom,Seldom,CA,49.6,-54.16667
CASEU,Saint-Eustache,Saint-Eustache,CA,45.56667,-73.9
CASF2,Sanford,Sanford,CA,49.66667,-97.43333
CASFI,Sainte-Famille,Sainte-Famille,CA,46.96667,-70.96667
CASFR,Saint-François-du-Lac,Saint-François-du-Lac,CA,46.06667,-72.83333
CASFX,Saint-Félix-de-Valois,Saint-Félix-de-Valois,CA,46.16667,-73.4
CASHE,Shediac,Shediac,CA,46.219454,-64.5492146
CASHH,Sheet Harbour,Sheet Harbour,CA,44.93333,-62.53333
CASHP,Shippegan,Shippegan,CA,47.8567341,-64.5996309
CASHV,Shannonville,Shannonville,CA,44.1949014,-77.2274387
CASIC,Simcoe,Simcoe,CA,42.8372434,-80.3039146
CASID,Saint-Isidore,Saint-Isidore,CA,45.38561,-74.9057344
CASIM,Imperial,Imperial,CA,51.33333,-105.43333
CASIO,Sicamous,Sicamous,CA,50.83333,-118.98333
CASJB,Saint-John,Saint-John,CA,45.26667,-66.06667
CASJF,Saint-John's,Saint-John's,CA,47.56667,-52.73333
CASKE,Saint-Anne-de-Kent,Saint-Anne-de-Kent,CA,46.5155054,-64.758712
CASKI,Charlotte (Skidegate),Charlotte (Skidegate),CA,53.254788,-132.10273
CASKL,Lower Sackville,Lower Sackville,CA,44.7734627,-63.6884186
CASLB,Shelburne,Shelburne,CA,44.06667,-80.2
CASLK,Split Lake,Split Lake,CA,56.25,-96.1
CASLT,Saint-Lambert,Saint-Lambert,CA,45.48333,-73.5
CASLW,Saint-Lawrence,Saint-Lawrence,CA,48.0172106,-69.6610217
CASMS,Saint-Marys,Saint-Marys,CA,46.1338876,-66.5374185
CASMT,Stormont,Stormont,CA,45.21667,-61.73333
CASNI,Sarnia,Sarnia,CA,42.9743821,-82.403533
CASNV,Shaunavon,Shaunavon,CA,49.65,-108.4
CASOM,Sombra,Sombra,CA,42.7148268,-82.4764466
CASOO,Sooke,Sooke,CA,48.3825724,-123.731517
CASOR,Sorel,Sorel,CA,46.044404,-73.104744
CASOU,Souris,Souris,CA,46.3565288,-62.2504284
CASPA,Saint-Pascal,Saint-Pascal,CA,47.53333,-69.8
CASPD,Springdale,Springdale,CA,49.48333,-56.1
CASPI,Saint-Pierre,Saint-Pierre,CA,45.45,-73.63333
CASPN,Spaniards Bay,Spaniards Bay,CA,47.61667,-53.3
CASPR,Spragge,Spragge,CA,46.2086647,-82.6517529
CASQA,Squamish,Squamish,CA,49.6980743,-123.155861
CASRA,Saint-Roch-de-l'Achigan,Saint-Roch-de-l'Achigan,CA,45.85,-73.58333
CASRO,Saint-Romuald-d'Etchemin,Saint-Romuald-d'Etchemin,CA,46.75,-71.23333
CASRS,Saint-Peters,Saint-Peters,CA,45.6055921,-61.2963931
CASSM,Sault-Sainte-Marie,Sault-Sainte-Marie,CA,46.5126554,-84.3330301
CASSP,Sandspit,Sandspit,CA,53.2435323,-131.8281487
CASST,Saint-Shotts,Saint-Shotts,CA,46.63333,-53.6
CAST3,Saint-Félix-de-Kingsey,Saint-Félix-de-Kingsey,CA,45.8,-72.18333
CAST6,Sorel-Tracy,Sorel-Tracy,CA,46.0435235,-73.1165159
CASTC,Stoney Creek,Stoney Creek,CA,43.216389,-79.755
CASTD,Saint-Armand,Saint-Armand,CA,45.01667,-73.03333
CASTH,Saint-Thomas,Saint-Thomas,CA,46.0138485,-73.3508635
CASTK,Stockton,Stockton,CA,49.58333,-99.45
CASTS,Saint-Stephen,Saint-Stephen,CA,45.1926679,-67.2760077
CASTV,Stephenville,Stephenville,CA,48.55,-58.56667
CASTW,Stewart,Stewart,CA,55.9383088,-129.9911761
CASUD,Sudbury,Sudbury,CA,46.49272,-80.991211
CASUM,Summerside,Summerside,CA,46.394259,-63.7892386
CASUY,Surrey,Surrey,CA,49.1913033,-122.849143
CASVD,Sainte-Victoire-de-Sorel,Sainte-Victoire-de-Sorel,CA,46,-73.16667
CASYD,Sydney,Sydney,CA,46.1382112,-60.1941912
CASYI,Stoney Island,Stoney Island,CA,43.46667,-65.56667
CASYL,Sylvan Lake,Sylvan Lake,CA,52.31667,-114.08333
CASYW,Sayward,Sayward,CA,50.35,-125.91667
CASZT,Saint-Zotique,Saint-Zotique,CA,45.23333,-74.25
CATAD,Tadoussac,Tadoussac,CA,48.1433429,-69.7174574
CATAS,Tasu,Tasu,CA,52.7591567,-132.0382377
CATBY,Thornbury,Thornbury,CA,44.55,-80.45
CATCV,Tilt Cove,Tilt Cove,CA,49.88333,-55.61667
CATEX,Texada Island,Texada Island,CA,49.6525,-124.390833
CATHA,Thamesford,Thamesford,CA,43.05,-80.98333
CATHD,Thorold,Thorold,CA,43.1249127,-79.2005935
CATHH,Three Hills,Three Hills,CA,51.7,-113.26667
CATHL,Thornhill,Thornhill,CA,43.8161477,-79.4245925
CATHU,Thunder Bay,Thunder Bay,CA,48.406414,-89.259796
CATJN,Tring Jonction,Tring Jonction,CA,46.26667,-71
CATLB,Tilbury Is,Tilbury Is,CA,49.1439634,-123.01751
CATNG,Tingwick,Tingwick,CA,45.8813611,-71.9438505
CATOR,Toronto,Toronto,CA,43.6534817,-79.3839347
CATRC,Tracy,Tracy,CA,46.022543,-73.1473059
CATRO,Trochu,Trochu,CA,51.83333,-113.23333
CATRR,Trois-Rivieres (Three Rivers),Trois-Rivieres (Three Rivers),CA,46.3432325,-72.5428485
CATTC,Trenton,Trenton,CA,44.1019126,-77.57539
CATTL,Thetis Island,Thetis Island,CA,48.98333,-123.68333
CATUK,Tuktoyaktuk,Tuktoyaktuk,CA,69.4440189,-133.031904
CATWI,Twillingate,Twillingate,CA,49.65,-54.75
CATWN,Thawwassen,Thawwassen,CA,49,-123.06667
CAUCL,Ucluelet,Ucluelet,CA,48.93333,-125.51667
CAUPT,Upton,Upton,CA,45.63333,-72.68333
CAVAN,Vancouver,Vancouver,CA,49.2608724,-123.113952
CAVCH,Verchères,Verchères,CA,45.76667,-73.35
CAVIC,Victoria,Victoria,CA,48.43333,-123.35
CAVIH,Victoria Harbour,Victoria Harbour,CA,44.75,-79.76667
CAVLF,Valleyfield,Valleyfield,CA,45.25,-74.13333
CAVND,Vananda,Vananda,CA,49.758203,-124.557495
CAVOB,Voisey's Bay,Voisey's Bay,CA,56.25,-61.85
CAVOS,Prévost,Prévost,CA,45.86667,-74.08333
CAW4C,Saint-Gédéon,Saint-Gédéon,CA,48.48333,-71.78333
CAWAI,Watson Is,Watson Is,CA,54.2376569,-130.2948756
CAWAL,Wallaceburg,Wallaceburg,CA,42.5928652,-82.3873866
CAWDR,Windsor,Windsor,CA,44.98333,-64.13333
CAWEL,Welland,Welland,CA,42.9922181,-79.2484192
CAWEP,Welshpool,Welshpool,CA,44.8606735,-66.9515299
CAWEY,Weymouth,Weymouth,CA,44.4048147,-65.9992442
CAWHF,Whitefish,Whitefish,CA,46.3782527,-81.3163397
CAWHH,Whiffen Head,Whiffen Head,CA,47.75,-54.03333
CAWHI,Whitby,Whitby,CA,43.87982,-78.9421751
CAWIG,Wingham,Wingham,CA,43.886245,-81.31275
CAWND,Windsor,Windsor,CA,42.3167397,-83.0373389
CAWNP,Winnipeg,Winnipeg,CA,49.8955367,-97.1384584
CAWOO,Woodfibre,Woodfibre,CA,49.6663031,-123.2526923
CAWTN,Walton,Walton,CA,45.21667,-64.01667
CAWTO,Westport,Westport,CA,44.68333,-76.4
CAWVR,West Vancouver,West Vancouver,CA,49.33333,-123.15
CAWWO,Wildwood,Wildwood,CA,53.61667,-115.23333
CAXJH,Saint-Joseph-de-Beauce,Saint-Joseph-de-Beauce,CA,46.3,-70.86667
CAXVX,Emerald Park,Emerald Park,CA,50.4391247,-104.386894
CAXZC,Saint-Isidore d'Auckland,Saint-Isidore d'Auckland,CA,45.26667,-71.51667
CAYCB,Cambridge Bay,Cambridge Bay,CA,69.11667,-105.08333
CAYCS,Chesterfield Inlet,Chesterfield Inlet,CA,63.33333,-90.7
CAYDH,Daniels Harbour,Daniels Harbour,CA,50.23333,-57.58333
CAYEK,Arviat,Arviat,CA,61.1,-94.05
CAYGZ,Grise Fiord,Grise Fiord,CA,76.41667,-82.95
CAYHK,Gjoa Haven,Gjoa Haven,CA,68.61667,-95.83333
CAYKT,Klemtu,Klemtu,CA,52.588032,-128.520813
CAYMD,Mould Bay,Mould Bay,CA,76.23333,-119.35
CAYMH,Mary's Harbour,Mary's Harbour,CA,52.31667,-55.83333
CAYRH,Yarmouth,Yarmouth,CA,43.8372648,-66.1157
CAYWM,Williams Harbour,Williams Harbour,CA,52.55,-55.78333
CAYXN,Whale Cove,Whale Cove,CA,62.16667,-92.58333
CAYZS,Coral Harbour,Coral Harbour,CA,64.13333,-83.16667
CAZCR,Saint-Charles-sur-Richelieu,Saint-Charles-sur-Richelieu,CA,45.68333,-73.18333
CAZEB,Zeballos,Zeballos,CA,49.9824012,-126.8463439
CAZFT,Forest,Forest,CA,43.1,-82
CAZTI,Saint-Tite,Saint-Tite,CA,46.73333,-72.56667
CAZYE,Yamachiche,Yamachiche,CA,46.28333,-72.83333
CCCCK,Cocos Islands,Cocos Islands,CC,-12,96.83333
CDBNW,Banana,Banana,CD,-6.0062686,12.4002815
CDBOA,Boma,Boma,CD,-5.85,13.05
CDFIH,Kinshasa,Kinshasa,CD,-4.32171,15.3122511
CDMAT,Matadi,Matadi,CD,-5.8256559,13.4609047
CDMHB,Moho Bilondo,Moho Bilondo,CD,-5.91667,10.25
CDMKL,Makala,Makala,CD,2.81667,24.71667
CFTOG,Togo,Togo,CF,5.8803981,20.5730942
CGDJE,Djeno Terminal,Djeno Terminal,CG,-4.92012,11.92808
CGMOS,Mossaka,Mossaka,CG,-1.21667,16.8
CGNKO,N'Kossa Terminal,N'Kossa Terminal,CG,-5.23333,11.6
CGOUE,Ouesso,Ouesso,CG,1.610396,16.0509346
CGOYO,Oyo,Oyo,CG,-1.1603788,15.9735205
CGPNR,Pointe Noire,Pointe Noire,CG,-4.8,11.85
CGYOM,Yombo,Yombo,CG,-4.45,11.1
CHBA8,Ballwil,Ballwil,CH,47.15,8.31667
CHBIB,Biberist,Biberist,CH,47.18333,7.56667
CHBIR,Birrwil,Birrwil,CH,47.28333,8.2
CHBLY,Blonay,Blonay,CH,46.46667,6.9
CHBRU,Brunnen,Brunnen,CH,46.98333,8.6
CHBRZ,Bad Ragaz,Bad Ragaz,CH,47,9.5
CHBSL,Basel,Basel,CH,47.5581077,7.5878261
CHBSM,Bretigny-sur-Morrens,Bretigny-sur-Morrens,CH,46.6,6.63333
CHBTT,Brutten,Brutten,CH,47.46667,8.66667
CHBUR,Bursinel,Bursinel,CH,46.43333,6.28333
CHCBL,Collonge-Bellerive,Collonge-Bellerive,CH,46.25,6.2
CHCHE,Chevenez,Chevenez,CH,47.38333,7
CHCHS,Chesieres,Chesieres,CH,46.3,7.05
CHCOP,Coppet,Coppet,CH,46.31667,6.2
CHCVT,Couvet,Couvet,CH,46.91667,6.63333
CHDOT,Döttingen,Döttingen,CH,47.56667,8.25
CHDSF,Epalinges,Epalinges,CH,46.55,6.66667
CHEPS,Epesses,Epesses,CH,46.48333,6.73333
CHERB,Erlenbach,Erlenbach,CH,47.3,8.6
CHFEM,Feldmeilen,Feldmeilen,CH,47.28333,8.61667
CHFLA,Fläsch,Fläsch,CH,47.01667,9.51667
CHGEL,Lancy,Lancy,CH,46.18333,6.13333
CHGRG,Gorgier,Gorgier,CH,46.9,6.76667
CHGTT,Güttingen,Güttingen,CH,47.6,9.28333
CHHBG,Herrliberg,Herrliberg,CH,47.28333,8.61667
CHHHM,Cham,Cham,CH,47.18333,8.46667
CHHTE,Hauterive,Hauterive,CH,47.01667,6.96667
CHJJO,Melide,Melide,CH,45.9544353,8.9476217
CHK3L,Kollbrunn,Kollbrunn,CH,47.45,8.78333
CHKPP,Koppigen,Koppigen,CH,47.13333,7.6
CHKRZ,Kreuzlingen,Kreuzlingen,CH,47.6464362,9.1725621
CHKSS,Kussnacht,Kussnacht,CH,47.08385,8.4386308
CHLDO,Le Landeron,Le Landeron,CH,47.05,7.06667
CHLLU,Le Lieu,Le Lieu,CH,46.65,6.26667
CHMAU,Maur,Maur,CH,47.33333,8.66667
CHMDF,Männedorf,Männedorf,CH,47.253174,8.6918153
CHMIG,Miege,Miege,CH,46.31667,7.55
CHMLN,Meilen,Meilen,CH,47.28333,8.63333
CHMWA,Meisterschwanden,Meisterschwanden,CH,47.28333,8.23333
CHN66,Choindez,Choindez,CH,47.31667,7.38333
CHNDB,Niederbipp,Niederbipp,CH,47.26667,7.68333
CHNEF,Näfels,Näfels,CH,47.1,9.06667
CHODB,Oberried am Brienzersee,Oberried am Brienzersee,CH,46.73333,7.95
CHPOR,Porto Ronco,Porto Ronco,CH,46.13333,8.73333
CHRGT,Rougemont,Rougemont,CH,46.48333,7.21667
CHRGU,Klingnau,Klingnau,CH,47.58333,8.25
CHRMH,Romanshorn,Romanshorn,CH,47.56667,9.38333
CHRNB,Reichenbach,Reichenbach,CH,46.61667,7.68333
CHRRN,Raron,Raron,CH,46.3,7.8
CHSAS,Saint-Aubin-Sauges,Saint-Aubin-Sauges,CH,46.88333,6.76667
CHSEN,Schenkon,Schenkon,CH,47.16667,8.13333
CHSMK,Schmerikon,Schmerikon,CH,47.23333,8.93333
CHSSV,Saint-Sulpice,Saint-Sulpice,CH,46.51667,6.56667
CHSTA,Stansstad,Stansstad,CH,46.96667,8.33333
CHSTI,Steinhausen,Steinhausen,CH,47.2,8.46667
CHTAN,Twann,Twann,CH,47.1,7.15
CHTTG,Salenstein,Salenstein,CH,47.66667,9.05
CHTZE,Utzenstorf,Utzenstorf,CH,47.13333,7.55
CHUKS,Uetikon am See,Uetikon am See,CH,47.26667,8.66667
CHVAU,Vaumarcus,Vaumarcus,CH,46.86667,6.75
CHVS5,Villaz-Saint-Pierre,Villaz-Saint-Pierre,CH,46.71667,6.96667
CHVSX,Versoix,Versoix,CH,46.28333,6.16667
CHVZU,Vitznau,Vitznau,CH,47.01667,8.48333
CHWCW,Walchwil,Walchwil,CH,47.1,8.51667
CHWLO,Würenlos,Würenlos,CH,47.45,8.36667
CHXRE,Aeugst am Albis,Aeugst am Albis,CH,47.26667,8.48333
CHXZX,Ibach,Ibach,CH,47.01667,8.65
CIABJ,Abidjan,Abidjan,CI,5.33333,-4.01667
CIASS,Assinie-Mafia,Assinie-Mafia,CI,5.11667,-3.28333
CIBAO,Baobab Terminal,Baobab Terminal,CI,4.95,-4.55
CIDAB,Dabou,Dabou,CI,5.31667,-4.36667
CIESP,Espoir,Espoir,CI,5.06667,-4.38333
CIFRE,Fresco,Fresco,CI,5.08333,-5.56667
CIGBA,Gbabam,Gbabam,CI,5.46667,-5.58333
CIGLU,Grand Lahou,Grand Lahou,CI,5.13333,-5.01667
CIJAC,Jacqueville,Jacqueville,CI,5.2,-4.41667
CIKOS,Kosagi,Kosagi,CI,8.21667,-8.1
CIPBT,Port-Bouët,Port-Bouët,CI,5.25,-3.96667
CISPY,San-Pédro,San-Pédro,CI,4.73333,-6.61667
CIZSS,Sassandra,Sassandra,CI,4.9490007,-6.0921667
CKAIT,Aitutaki,Aitutaki,CK,-18.8880292,-159.7842813
CKAIU,Atiu,Atiu,CK,-19.9163579,-158.1971981
CKARU,Arutunga,Arutunga,CK,-18.866667,-159.8
CKMGS,Mangaia,Mangaia,CK,-21.9250288,-157.9180686
CKMOI,Mitiaro Island,Mitiaro Island,CK,-19.8684593,-157.701548
CKRAR,Rarotonga,Rarotonga,CK,-21.2368312,-159.7774744
CLACH,Achao,Achao,CL,-42.45,-73.51667
CLANF,Antofagasta,Antofagasta,CL,-23.63333,-70.38333
CLARA,Arauco,Arauco,CL,-37.25,-73.31667
CLARI,Arica,Arica,CL,-18.48333,-70.31667
CLAYA,Ayacara,Ayacara,CL,-42.3,-72.78333
CLBAG,Bahía San Gregorio,Bahía San Gregorio,CL,-52.61667,-70.13333
CLBAR,Barquito,Barquito,CL,-26.35,-70.63333
CLBLR,Bahia Laredo,Bahia Laredo,CL,-52.96667,-70.8
CLCAA,Calderilla,Calderilla,CL,-27.08333,-70.85
CLCAL,Caleta Patillos,Caleta Patillos,CL,-20.75,-70.2
CLCBC,Calbuco,Calbuco,CL,-41.75,-73.13333
CLCCA,Chacao,Chacao,CL,-41.83333,-73.53333
CLCCP,Concepción,Concepción,CL,-36.81667,-73.05
CLCDV,Curaco de Vélez,Curaco de Vélez,CL,-42.43333,-73.56667
CLCGR,Cruz Grande,Cruz Grande,CL,-29.45,-71.3
CLCHB,Chacabuco,Chacabuco,CL,-45.48333,-72.81667
CLCHI,Chiguayante,Chiguayante,CL,-36.91667,-73.01667
CLCHO,Chonchi,Chonchi,CL,-42.6,-73.8
CLCHR,Cabo de Hornos,Cabo de Hornos,CL,-55.1750834,-68.6589206
CLCIS,Puerto Cisnes,Puerto Cisnes,CL,-44.73333,-72.7
CLCLD,Caldera,Caldera,CL,-27.03333,-70.8
CLCLR,Caleta Clarencia,Caleta Clarencia,CL,-52.88333,-70.1
CLCNL,Coronel,Coronel,CL,-37.01667,-73.15
CLCNR,Chañaral,Chañaral,CL,-26.35,-70.61667
CLCNX,Cabo Negro,Cabo Negro,CL,-52.96667,-70.85
CLCOL,Caleta Coloso,Caleta Coloso,CL,-23.75,-70.46667
CLCPO,Copiapó,Copiapó,CL,-27.35,-70.33333
CLCQQ,Coquimbo,Coquimbo,CL,-29.96667,-71.33333
CLCRH,Carahue,Carahue,CL,-38.7115844,-73.1651699
CLCRR,Corral,Corral,CL,-39.86667,-73.43333
CLCST,Constitución,Constitución,CL,-35.33333,-72.41667
CLDCH,Dalcahue,Dalcahue,CL,-42.38333,-73.66667
CLEDE,Puerto Edén,Puerto Edén,CL,-49.15,-74.45
CLGUA,Guaitecas,Guaitecas,CL,-43.917431,-73.9078915
CLGYC,Guayacán,Guayacán,CL,-29.98333,-71.36667
CLHSO,Huasco,Huasco,CL,-28.45,-71.21667
CLHUH,Hualaihué,Hualaihué,CL,-42.1948455,-72.3377589
CLIPC,Isla de Pascua,Isla de Pascua,CL,-27.15,-109.41667
CLIQQ,Iquique,Iquique,CL,-20.21667,-70.13333
CLISG,Isla Guarello,Isla Guarello,CL,-50.3675412,-75.3373201
CLJFZ,Juan Fernández,Juan Fernández,CL,-33.6444501,-78.8262238
CLKNA,Viña del Mar,Viña del Mar,CL,-32.98333,-71.55
CLLEB,Lebu,Lebu,CL,-37.6,-73.65
CLLIA,Llanquihue,Llanquihue,CL,-41.25,-73
CLLLI,Llico,Llico,CL,-37.2,-73.56667
CLLOH,Paso Lago O'Higgins/O'Higgins,Paso Lago O'Higgins/O'Higgins,CL,-48.86667,-72.66667
CLLOS,Los Vilos,Los Vilos,CL,-31.9,-71.5
CLLQN,Lirquén,Lirquén,CL,-36.7,-72.98333
CLLSC,La Serena,La Serena,CL,-29.88333,-71.23333
CLLTA,Lota,Lota,CL,-37.08333,-73.15
CLLVT,Los Vientos,Los Vientos,CL,-22.4862689,-68.8224943
CLMIC,Michilla,Michilla,CL,-22.73333,-70.26667
CLMJS,Mejillones,Mejillones,CL,-23.1,-70.45
CLMLI,Melinka,Melinka,CL,-43.86667,-73.75
CLMLL,Maullín,Maullín,CL,-41.61667,-73.58333
CLNAL,Nueva Aldea,Nueva Aldea,CL,-36.65,-72.45
CLOHI,O'Higgins,O'Higgins,CL,-48.46667,-72.56667
CLOVL,Ovalle,Ovalle,CL,-30.58333,-71.2
CLPAG,Puerto Angamos,Puerto Angamos,CL,-23.08333,-70.45
CLPAN,Panguipulli,Panguipulli,CL,-39.63333,-72.33333
CLPAT,Puerto Patache,Puerto Patache,CL,-20.8,-70.2
CLPCH,Puerto Chacabuco,Puerto Chacabuco,CL,-45.48333,-72.83333
CLPCK,Pecket,Pecket,CL,-52.95,-71.18333
CLPEO,Penco,Penco,CL,-36.71667,-72.98333
CLPGA,Pargua,Pargua,CL,-41.8,-73.43333
CLPIS,Pisagua,Pisagua,CL,-19.6,-70.2
CLPMC,Puerto Montt,Puerto Montt,CL,-41.46667,-72.95
CLPNT,Puerto Natales,Puerto Natales,CL,-51.71667,-72.5
CLPOC,Puerto Octay,Puerto Octay,CL,-40.96667,-72.9
CLPOS,Posesión,Posesión,CL,-29.9,-70.06667
CLPPD,Punta Padrones,Punta Padrones,CL,-27.0542732,-70.8417502
CLPPY,Puerto Percy,Puerto Percy,CL,-52.9,-70.26667
CLPQD,Puqueldón,Puqueldón,CL,-42.58333,-73.63333
CLPTC,Punta Chungo,Punta Chungo,CL,-31.86667,-71.5
CLPTE,Quellón (Puerto Quellón),Quellón (Puerto Quellón),CL,-43.1,-73.61667
CLPTI,Patillos,Patillos,CL,-20.75,-70.18333
CLPUQ,Punta Arenas,Punta Arenas,CL,-53.13333,-70.93333
CLPVS,Puerto Varas,Puerto Varas,CL,-41.31667,-72.98333
CLQCO,Quinchao,Quinchao,CL,-42.51667,-73.4
CLQLN,Queilén,Queilén,CL,-42.86667,-73.46667
CLQMC,Quemchi,Quemchi,CL,-42.13333,-73.48333
CLQTV,Quintero,Quintero,CL,-32.76667,-71.53333
CLQUV,Quellón Viejo,Quellón Viejo,CL,-43.13333,-73.66667
CLRAF,Rauco,Rauco,CL,-42.53333,-73.78333
CLSAA,Saavedra,Saavedra,CL,-38.8304315,-73.284873
CLSAI,San Antonio,San Antonio,CL,-33.6,-71.6
CLSVE,San Vicente,San Vicente,CL,-36.7,-73.13333
CLTAL,Talcahuano,Talcahuano,CL,-36.73333,-73.11667
CLTLX,Talca,Talca,CL,-35.41667,-71.65
CLTOM,Tomé,Tomé,CL,-36.6,-72.95
CLTON,Tongoy,Tongoy,CL,-30.25,-71.48333
CLTOQ,Tocopilla,Tocopilla,CL,-22.08333,-70.18333
CLTOR,Tortel,Tortel,CL,-47.83333,-73.56667
CLTPT,Tres Puentes,Tres Puentes,CL,-53.11667,-70.88333
CLTTC,Taltal,Taltal,CL,-25.4,-70.46667
CLVAP,Valparaiso,Valparaiso,CL,-33.03333,-71.63333
CLVIL,Villarrica,Villarrica,CL,-39.26667,-72.21667
CLVNT,Ventanas,Ventanas,CL,-32.73333,-71.48333
CLWCA,Castro,Castro,CL,-42.46667,-73.76667
CLWCH,Chaitén,Chaitén,CL,-42.91667,-72.7
CLWPA,Puerto Aisén,Puerto Aisén,CL,-45.38333,-72.7
CLWPU,Puerto Williams,Puerto Williams,CL,-54.91667,-67.61667
CLZAL,Valdivia,Valdivia,CL,-39.81667,-73.21667
CLZOS,Osorno,Osorno,CL,-40.56667,-73.15
CLZUD,Ancud,Ancud,CL,-41.85,-73.83333
CMDLA,Douala,Douala,CM,4.0429389,9.7062018
CMGOU,Garoua,Garoua,CM,9.3,13.4
CMKBI,Kribi,Kribi,CM,2.9434098,9.9126989
CMKOL,Kole Terminal,Kole Terminal,CM,4.25,8.55
CMKUM,Kumba,Kumba,CM,4.63333,9.43333
CMLIM,Limbe,Limbe,CM,4.01667,9.21667
CMLIT,Limboh Terminal,Limboh Terminal,CM,3.983333,9.15
CMMOU,Moudi Terminal,Moudi Terminal,CM,4.11667,8.48333
CMTKC,Tiko,Tiko,CM,4.075571,9.3650187
CNAIN,Huaiyin,Huaiyin,CN,33.63333,119.01667
CNAJG,Aojiang Pt,Aojiang Pt,CN,27.58333,120.45
CNANG,Huangxian,Huangxian,CN,25.7739,109.203
CNANQ,Anqiu,Anqiu,CN,36.41667,119.18333
CNANT,Anting,Anting,CN,31.3,121.15
CNAPP,Anpu,Anpu,CN,21.4590863,110.0297212
CNAQG,Anqing,Anqing,CN,30.51667,117.03333
CNASW,Aoshanwei,Aoshanwei,CN,36.35,120.66667
CNBAH,Bahe,Bahe,CN,30.4291252,115.0234905
CNBAU,Baxu,Baxu,CN,24.9221801,107.716638
CNBCG,Baiceng,Baiceng,CN,25.43333,105.8
CNBCO,Bacao,Bacao,CN,25.46667,105.78333
CNBDG,Badong,Badong,CN,31.03333,110.38333
CNBEI,Beilun,Beilun,CN,29.93333,121.88333
CNBHE,Buhe,Buhe,CN,30.2894152,112.2335968
CNBHT,Tieshan,Tieshan,CN,30.2056586,114.8865998
CNBHX,Binhai,Binhai,CN,33.9933605,119.8146913
CNBIC,Beicun,Beicun,CN,22.8138459,113.2492912
CNBIH,Beihai Pt,Beihai Pt,CN,21.46667,109.11667
CNBIJ,Beijiao,Beijiao,CN,22.91667,113.2
CNBIY,Beiyao,Beiyao,CN,34.6967254,112.4911297
CNBLG,Beilun Pt,Beilun Pt,CN,29.8867861,122.041139
CNBLI,Bali,Bali,CN,25.1273872,112.8785056
CNBLO,Bailuo,Bailuo,CN,29.5501316,113.2003309
CNBLX,Honghai Pt,Honghai Pt,CN,23.16667,114.26667
CNBMJ,Baimajing,Baimajing,CN,19.7,109.21667
CNBSD,Baoshan Pt,Baoshan Pt,CN,31.41667,121.48333
CNBSE,Baise,Baise,CN,23.9053605,106.6148824
CNBSI,Baishi,Baishi,CN,27.4685593,112.8959325
CNBSP,Basuo Pt,Basuo Pt,CN,19,108.61667
CNBYA,Bayan,Bayan,CN,46.08333,127.4
CNBYG,Baiyang,Baiyang,CN,30.43333,111.51667
CNBYN,Binyang,Binyang,CN,23.1729928,108.9397846
CNBYQ,Bayuquan,Bayuquan,CN,40.2241925,122.1152742
CNBZG,Bozhong,Bozhong,CN,38.45,118.43333
CNCAH,Changhua,Changhua,CN,19.3311602,108.6772033
CNCBG,Chen Barag,Chen Barag,CN,49.6259048,119.6438062
CNCBI,Chibi,Chibi,CN,29.72817,113.8951222
CNCDH,Changdianhekou,Changdianhekou,CN,40.41667,124.8
CNCFD,Caofeidian Pt,Caofeidian Pt,CN,38.95,118.53333
CNCFF,Suidong,Suidong,CN,47.4169874,132.1001999
CNCGJ,Changjing,Changjing,CN,31.7493772,120.4775487
CNCGM,Chongming,Chongming,CN,31.63333,121.4
CNCGS,Changshu Pt,Changshu Pt,CN,31.65,120.71667
CNCGW,Cangwu,Cangwu,CN,23.869229,111.5423435
CNCGZ,Chongzuo,Chongzuo,CN,22.38,107.360909
CNCHI,Chizhou,Chizhou,CN,30.65,117.46667
CNCHQ,Chongqing Pt,Chongqing Pt,CN,29.6344731,106.385384
CNCHS,Chuanshan,Chuanshan,CN,30.5146915,105.5899669
CNCHU,Chaohu,Chaohu,CN,31.6,117.85
CNCHX,Chengxi,Chengxi,CN,36.6281274,101.7638946
CNCHY,Chaoyang Pt,Chaoyang Pt,CN,23.26667,116.6
CNCHZ,Chuzhou,Chuzhou,CN,32.31667,118.28333
CNCIG,Chenjiagang,Chenjiagang,CN,34.3804222,119.8068708
CNCIV,Civet / Guandong,Civet / Guandong,CN,22.26667,113.06667
CNCIX,Cixi,Cixi,CN,30.16667,121.23333
CNCJA,Congjiang,Congjiang,CN,25.7573061,108.9012557
CNCJG,Caojing,Caojing,CN,30.78333,121.4
CNCJI,Chengjiang,Chengjiang,CN,31.9020315,120.2825762
CNCLJ,Chenglingji Pt,Chenglingji Pt,CN,29.43333,113.15
CNCNG,Chengde,Chengde,CN,40.96667,117.93333
CNCNX,Xinxu,Xinxu,CN,22.869734,114.330441
CNCOZ,Chaozhou,Chaozhou,CN,23.66667,116.63333
CNCQI,Chongqing,Chongqing,CN,29.58333,106.55
CNCSH,Changsha,Changsha,CN,28.2,112.98333
CNCSJ,Changshou,Changshou,CN,29.8605673,107.0779121
CNCSL,Laiwu,Laiwu,CN,22.6719896,113.9891008
CNCSO,Changshou,Changshou,CN,29.8605673,107.0779121
CNCUM,Chumen,Chumen,CN,28.2197971,121.2932448
CNCUN,Chencun,Chencun,CN,22.95,113.23333
CNCWN,Chiwan Pt,Chiwan Pt,CN,22.48333,113.88333
CNCYH,Haimen,Haimen,CN,23.1845063,116.6141798
CNCZX,Changzhou,Changzhou,CN,31.78333,119.96667
CNDAA,Dagang,Dagang,CN,33.18896,120.10461
CNDAG,Dalian Pt,Dalian Pt,CN,38.9130495,121.6098013
CNDAL,Dalian,Dalian,CN,38.91667,121.6
CNDAN,Daan,Daan,CN,45.5055354,124.2787614
CNDAS,Dashihuagang,Dashihuagang,CN,38.9,121.6
CNDAX,Daxie Pt,Daxie Pt,CN,29.88333,121.95
CNDAY,Dayawan,Dayawan,CN,36.7562324,101.8166303
CNDBG,Dongbang,Dongbang,CN,31.6495651,120.9290941
CNDBX,Bohe,Bohe,CN,21.4916076,111.2260795
CNDCB,DA CHAN BAY,DA CHAN BAY,CN,22.53333,113.86667
CNDCG,Ducheng,Ducheng,CN,30.5387546,114.8958484
CNDDD,Dadeng I.,Dadeng I.,CN,24.53333,118.31667
CNDDG,Dandong,Dandong,CN,40.1237658,124.3821748
CNDDK,Dadukou,Dadukou,CN,30.4875317,117.0499006
CNDDP,Didu,Didu,CN,23.4503376,116.5503488
CNDDW,Dongdaiwan,Dongdaiwan,CN,26.23333,119.61667
CNDDZ,Dandong,Dandong,CN,40.13333,124.36667
CNDEF,Defeng,Defeng,CN,26.21667,109.11667
CNDEZ,Dezhou,Dezhou,CN,37.43333,116.28333
CNDFA,Dongfang,Dongfang,CN,19.0979286,108.6482353
CNDFG,Dafeng,Dafeng,CN,33.18333,120.46667
CNDFN,Dongfeng,Dongfeng,CN,36.6882968,117.0755004
CNDGG,Dongguan,Dongguan,CN,23.03333,113.75
CNDGN,Donggang,Donggang,CN,39.88333,124.13333
CNDGP,Dongping,Dongping,CN,21.71667,112.21667
CNDGU,Donggu,Donggu,CN,26.72628,115.3917203
CNDHD,Douhudi,Douhudi,CN,30.0613764,112.2270901
CNDHU,Danzhou,Danzhou,CN,25.36667,109.43333
CNDIA,Digang,Digang,CN,31.1137515,118.012073
CNDIZ,Dadingzi,Dadingzi,CN,42.157078,123.521678
CNDJA,Dongjiakou,Dongjiakou,CN,35.6,119.76667
CNDJI,Dajing,Dajing,CN,28.40939,121.15363
CNDJK,Dongjiangkou,Dongjiangkou,CN,35.58333,119.78333
CNDJO,Daojiao,Daojiao,CN,23.0075756,113.6705871
CNDJT,Dongjiaotou Pt,Dongjiaotou Pt,CN,20.33333,110.41667
CNDLD,Dalu Island,Dalu Island,CN,39.73333,123.71667
CNDLI,Dongliu,Dongliu,CN,30.211593,116.9138189
CNDMJ,Jingan,Jingan,CN,22.2016988,113.2933193
CNDMY,Damaiyu,Damaiyu,CN,28.08333,121.15
CNDNG,Donghai,Donghai,CN,22.95,115.63333
CNDNT,Dantu,Dantu,CN,32.132661,119.4284497
CNDOU,Doumen Pt,Doumen Pt,CN,22.2,113.28333
CNDOX,Dongxing,Dongxing,CN,21.48333,107.98333
CNDOZ,Dongzhang,Dongzhang,CN,25.7131852,119.2463969
CNDPG,Dapeng,Dapeng,CN,22.6,114.5
CNDQD,Daqindao,Daqindao,CN,38.3025584,120.8149123
CNDSA,Dasha,Dasha,CN,31.8526609,107.7181175
CNDSH,Dongshi,Dongshi,CN,24.66667,118.46667
CNDSI,Dongshi,Dongshi,CN,31.7571982,116.5236553
CNDSN,Dongshan Pt,Dongshan Pt,CN,23.75,117.516667
CNDSO,Dasong,Dasong,CN,23.0039,109.025
CNDTZ,Dataizi,Dataizi,CN,42.4360137,121.0343613
CNDWN,Dawan,Dawan,CN,27.6787,105.051
CNDXU,Daxu,Daxu,CN,25.1890954,110.4223779
CNDYI,Dayi,Dayi,CN,32.5398261,119.2366229
CNDYN,Dongying,Dongying,CN,37.41667,118.68333
CNDYW,Dayaowan,Dayaowan,CN,39.0024586,121.8588318
CNEBA,Erba,Erba,CN,31.3573406,118.3216325
CNECG,Echeng,Echeng,CN,30.4032944,114.8863775
CNEGN,Ergun,Ergun,CN,51.67179,120.781386
CNENP,Hengban,Hengban,CN,22.2,112.31667
CNEZH,Ezhou,Ezhou,CN,30.4,114.81667
CNFAG,Fugang,Fugang,CN,23.967101,111.9397424
CNFAN,Fangcheng Pt,Fangcheng Pt,CN,21.76667,108.35
CNFCH,Fengcheng,Fengcheng,CN,36.7,121.23333
CNFDU,Fengdu,Fengdu,CN,29.8664538,107.7257729
CNFJE,Fengjie,Fengjie,CN,31.0232647,109.4056235
CNFKI,Fengkai,Fengkai,CN,23.521183,111.6979967
CNFKJ,Jiangkou,Jiangkou,CN,23.45,111.5
CNFLG,Fuling,Fuling,CN,29.7,107.33333
CNFNG,Fuyong,Fuyong,CN,22.65,113.78333
CNFQX,Xialong,Xialong,CN,24.948913,117.303279
CNFSA,Fushan,Fushan,CN,31.7999372,120.7589005
CNFSI,Fusui,Fusui,CN,22.5172522,107.8085335
CNFUC,Fucheng,Fucheng,CN,22.7850795,111.5637252
CNFUJ,Fujin,Fujin,CN,47.25,132.03333
CNFUY,Fuyuan,Fuyuan,CN,48.35,134.3
CNFWN,Fuwan,Fuwan,CN,22.9992403,112.8231719
CNFXG,Fuxing,Fuxing,CN,29.9049666,116.4150028
CNFZG,Fuzhou Pt,Fuzhou Pt,CN,26.09,119.226
CNFZH,Fuzhou,Fuzhou,CN,26.08333,119.3
CNFZL,Dantou,Dantou,CN,36.583555,111.0510384
CNGAO,Gaogang,Gaogang,CN,32.3,119.85
CNGCH,Guancheng,Guancheng,CN,23.0409518,113.7439866
CNGDI,Gedian,Gedian,CN,30.5392103,114.6434823
CNGGK,Gongkou,Gongkou,CN,25.137936,118.316789
CNGGN,Gongan,Gongan,CN,29.1958103,103.0180466
CNGGU,Gongguan,Gongguan,CN,21.7952191,109.6050406
CNGGZ,Guangzhou,Guangzhou,CN,23.13333,113.23333
CNGHI,Guanghai Pt,Guanghai Pt,CN,21.96667,112.8
CNGIS,Guishan,Guishan,CN,22.13333,113.81667
CNGLG,Gaoleng,Gaoleng,CN,35.1039609,104.5868331
CNGLI,Guangli,Guangli,CN,23.1857691,112.6126599
CNGLN,Gaolan,Gaolan,CN,36.31667,103.93333
CNGNA,Guang'ao,Guang'ao,CN,23.23333,116.76667
CNGNG,Guangning,Guangning,CN,23.6348923,112.4317972
CNGNI,Guangning,Guangning,CN,41.5809325,121.7827627
CNGOG,Gongming,Gongming,CN,22.78333,113.86667
CNGOM,Gaoming Pt,Gaoming Pt,CN,22.88333,112.83333
CNGON,Gaolan,Gaolan,CN,21.91667,113.25
CNGPG,Guiping,Guiping,CN,23.3916357,110.074064
CNGSA,Cangshan,Cangshan,CN,34.85,118.05
CNGSH,Gaosha,Gaosha,CN,23.0925084,115.3316516
CNGUG,Guigang,Guigang,CN,23.1,109.6
CNGUI,Guilin,Guilin,CN,25.26667,110.28333
CNGUT,Guangdong Terminal,Guangdong Terminal,CN,22.56667,114.43333
CNGYN,Nanan,Nanan,CN,23.033749,112.4523854
CNGYO,Guanyao,Guanyao,CN,30.1479004,115.2811268
CNGZE,Guzhen,Guzhen,CN,22.6,113.16667
CNGZG,Guangzhou Pt,Guangzhou Pt,CN,23.13333,113.23333
CNHAQ,Huangqi/Nanhai,Huangqi/Nanhai,CN,23.118948,113.1757462
CNHAS,Heshan,Heshan,CN,23.7965273,108.9291517
CNHCN,Huachuan,Huachuan,CN,47.01667,130.7
CNHDG,Huadu Pt,Huadu Pt,CN,23.3505231,113.1287489
CNHDN,Haidian,Haidian,CN,20.0616153,110.3524572
CNHEK,Heihe,Heihe,CN,50.23333,127.48333
CNHGA,Honghua,Honghua,CN,31.0120002,115.9420455
CNHGJ,Huangjiang,Huangjiang,CN,21.7494653,108.2090449
CNHHT,Haitian Terminal/ Xiamen,Haitian Terminal/ Xiamen,CN,27.1,120.3
CNHID,Huidong Pt,Huidong Pt,CN,22.5629283,114.8899236
CNHIG,Haikou Pt,Haikou Pt,CN,20.0490438,110.330118
CNHIJ,Huaiji,Huaiji,CN,23.9228747,112.1616895
CNHIK,Huikou,Huikou,CN,29.8183,116.245
CNHJI,Huangjiang,Huangjiang,CN,22.918405,113.9986358
CNHKO,Haikou,Haikou,CN,20.03333,110.33333
CNHKU,Hukou,Hukou,CN,29.7332458,116.2473706
CNHLE,Hulan Ergi,Hulan Ergi,CN,47.2074162,123.6294983
CNHLI,Huailai,Huailai,CN,40.36667,115.5
CNHLJ,Jinghai,Jinghai,CN,23.0182633,116.5234927
CNHME,Haimen,Haimen,CN,28.66667,121.43333
CNHMN,Humen Pt,Humen Pt,CN,22.83333,113.66667
CNHNH,Huanghua,Huanghua,CN,38.366667,117.333333
CNHNI,Hengli,Hengli,CN,23.16667,114.61667
CNHNS,Huanshi,Huanshi,CN,22.6236129,113.0640737
CNHOD,Hongdu,Hongdu,CN,23.9442452,108.6120449
CNHOH,Honghu,Honghu,CN,29.8287906,113.4706905
CNHOQ,Hongqi,Hongqi,CN,21.6672535,110.8974686
CNHOU,Houjie,Houjie,CN,22.93333,113.63333
CNHRN,Harbin,Harbin,CN,45.73333,126.6
CNHSC,Shaoguan New Pt,Shaoguan New Pt,CN,24.8,113.61667
CNHSI,Huangshi Pt,Huangshi Pt,CN,30.2,115.1
CNHSK,Huangsangkou,Huangsangkou,CN,30.0093558,115.3309431
CNHSN,Heshan Pt,Heshan Pt,CN,22.76667,112.95
CNHST,Heishantou,Heishantou,CN,50.2,119.38333
CNHTG,Hetang,Hetang,CN,22.65,113.13333
CNHTO,Haitou,Haitou,CN,34.9485997,119.1881554
CNHUA,Huangpu Pt,Huangpu Pt,CN,23.093865,113.437786
CNHUD,Huludao,Huludao,CN,40.75,120.85
CNHUE,Huchen,Huchen,CN,29.32865,121.6725343
CNHUH,Huanghua Pt,Huanghua Pt,CN,38.35,117.35
CNHUI,Huizhou,Huizhou,CN,23.08333,114.36667
CNHUL,Hulin,Hulin,CN,45.78333,132.95
CNHUM,Huma,Huma,CN,51.7,126.65
CNHUN,Huangpu New Port,Huangpu New Port,CN,23.08333,113.5
CNHUP,Huo Pt,Huo Pt,CN,44.2118646,80.4029952
CNHUS,Huashi,Huashi,CN,31.83079,120.46545
CNHUY,Huayang,Huayang,CN,30.09375,116.74938
CNHXE,Haoxue,Haoxue,CN,30.0328992,112.4087405
CNHXG,Haikou New Pt,Haikou New Pt,CN,20.049935,110.319144
CNHYN,Huangyan,Huangyan,CN,28.63333,121.25
CNHZH,Huzhou,Huzhou,CN,30.86667,120.1
CNHZO,Huangzhou,Huangzhou,CN,30.4369576,114.8750766
CNHZU,Houzhu,Houzhu,CN,31.8766531,117.9899498
CNIMA,Baimao,Baimao,CN,35.01667,118.6
CNING,Xinyang,Xinyang,CN,32.13333,114.05
CNJAA,Jiang'an,Jiang'an,CN,28.733351,105.068298
CNJAX,Jiaxing,Jiaxing,CN,30.76667,120.75
CNJAY,Jiayin,Jiayin,CN,48.86667,130.36667
CNJBI,Jianbi,Jianbi,CN,32.169454,119.5698572
CNJCH,Jiangcheng,Jiangcheng,CN,21.8647999,111.9499162
CNJCN,Jiangchuan,Jiangchuan,CN,24.320726,102.7544429
CNJDR,Quxi,Quxi,CN,23.58333,116.43333
CNJES,Jieshi,Jieshi,CN,22.8199625,115.8259338
CNJGJ,Jiangjin,Jiangjin,CN,29.3226898,106.260551
CNJGU,Jinguzhou,Jinguzhou,CN,22.51667,113.01667
CNJGY,Jiangyin,Jiangyin,CN,25.46667,119.3
CNJHA,Jinhua,Jinhua,CN,29.11667,119.65
CNJIA,Jiangyin Pt,Jiangyin Pt,CN,31.9,120.28333
CNJIJ,Jingjiang,Jingjiang,CN,32.03333,120.28333
CNJIP,Jiangping,Jiangping,CN,21.5888867,108.1298651
CNJIS,Jiangshan Pt,Jiangshan Pt,CN,21.63333,108.26667
CNJIU,Jiujiang,Jiujiang,CN,29.71667,115.96667
CNJIZ,Jiazi,Jiazi,CN,22.86667,116.05
CNJKO,Jiangkou,Jiangkou,CN,31.5640466,107.0978205
CNJLI,Jianli,Jianli,CN,29.83187,112.9009393
CNJMN,Jiangmen,Jiangmen,CN,22.58333,113.06667
CNJMS,Jiamusi Pt,Jiamusi Pt,CN,46.80808,130.36531
CNJMU,Jimusi,Jimusi,CN,46.80808,130.36531
CNJNH,Jinhaian,Jinhaian,CN,22.5173713,113.9236391
CNJNL,Jinli,Jinli,CN,23.0871773,112.7782293
CNJNZ,Jinzhou Pt,Jinzhou Pt,CN,41.11667,121.15
CNJOG,Jinghong,Jinghong,CN,22.01667,100.8
CNJOK,Jiaokou,Jiaokou,CN,22.4222459,112.7593911
CNJPU,Jiangpu,Jiangpu,CN,32.0547957,118.6270674
CNJRG,Jurong,Jurong,CN,31.91667,119.16667
CNJTG,Jingtang Pt,Jingtang Pt,CN,39.208889,119.001944
CNJTO,Jiantiao,Jiantiao,CN,29.0451986,121.6226794
CNJUJ,Jiujiang,Jiujiang,CN,22.83333,113
CNJUL,Jiuli,Jiuli,CN,34.303604,117.1299077
CNJUZ,Jiuzhen,Jiuzhen,CN,24.03333,117.7
CNJXN,Jiao Xin,Jiao Xin,CN,22.735423,114.2271486
CNJZK,Jingzhou Pt,Jingzhou Pt,CN,30.3,112.26667
CNJZU,Jiuzhou Pt,Jiuzhou Pt,CN,22.233333,113.583333
CNKFG,Kaifeng,Kaifeng,CN,34.78333,114.33333
CNKMN,Kanmen,Kanmen,CN,28.0839153,121.2687953
CNLAL,Laolong,Laolong,CN,24.1029446,115.2512016
CNLDK,Laodukou,Laodukou,CN,27.3903383,103.0254547
CNLFN,Lufeng,Lufeng,CN,22.95,115.63333
CNLGA,Long'an,Long'an,CN,23.1038568,107.6946613
CNLGI,Longhai,Longhai,CN,26.46667,113.26667
CNLGU,Longguan,Longguan,CN,40.76667,115.56667
CNLGW,Longwu,Longwu,CN,31.0956505,121.4584177
CNLGY,Longyan Pt,Longyan Pt,CN,37.43333,122.63333
CNLID,Lidao,Lidao,CN,37.225736,122.582007
CNLIH,Lianhuashan Pt,Lianhuashan Pt,CN,23.01667,115.26667
CNLIJ,Lijiang,Lijiang,CN,26.8595868,100.2249797
CNLIU,Liuyang,Liuyang,CN,28.166416,113.6375778
CNLIZ,Lianzhou,Lianzhou,CN,24.76667,112.35
CNLJD,Liujiadu,Liujiadu,CN,31.0191802,114.4296905
CNLJN,Liujing,Liujing,CN,22.257934,110.530704
CNLJQ,Qianyu,Qianyu,CN,29.5030338,102.5916248
CNLJY,Yingzai,Yingzai,CN,21.4860039,109.9221721
CNLKU,Longkou Pt,Longkou Pt,CN,37.65,120.35
CNLLI,Liling,Liling,CN,27.66667,113.48333
CNLMG,Wenling Longmen Port,Wenling Longmen Port,CN,28.41667,121.98333
CNLMN,Longmen,Longmen,CN,22.8976029,107.3130167
CNLNH,Linhai,Linhai,CN,28.85,121.11667
CNLNN,Lunan,Lunan,CN,32.5577363,116.9259619
CNLNS,Lanshi,Lanshi,CN,21.524087,110.82833
CNLOH,Luohuang,Luohuang,CN,29.3164997,106.4634886
CNLOZ,Longzhou,Longzhou,CN,22.4360306,106.8719711
CNLPG,Mouping,Mouping,CN,28.6539594,104.8761188
CNLQI,Luoqi,Luoqi,CN,29.7306786,106.926955
CNLSH,Lushun New Pt,Lushun New Pt,CN,38.68333,121.18333
CNLSN,Lanshan Pt,Lanshan Pt,CN,35.06667,119.36667
CNLSX,Xincun,Xincun,CN,18.4150085,109.9670767
CNLUB,Luobei,Luobei,CN,47.56667,130.81667
CNLUD,Liudu,Liudu,CN,23.06667,112
CNLUH,Lü-hua Shan,Lü-hua Shan,CN,29.4085772,121.813488
CNLUI,Lisui,Lisui,CN,40.06667,116.75
CNLUN,Lu'an,Lu'an,CN,31.73333,116.48333
CNLUS,Lusi,Lusi,CN,28.9285347,117.3220043
CNLUZ,Luzhou,Luzhou,CN,28.9,105.4
CNLXI,Lanxi,Lanxi,CN,29.2,119.46667
CNLYG,Lianyungang,Lianyungang,CN,34.71667,119.43333
CNLZH,Liuzhou,Liuzhou,CN,24.3284746,109.4239676
CNLZI,Luzhai,Luzhai,CN,24.4758562,109.7459829
CNLZL,Liusha,Liusha,CN,24.5510228,110.4550307
CNLZO,Laizhou Pt,Laizhou Pt,CN,37.16667,119.95
CNMAA,Ma'anshan,Ma'anshan,CN,31.71667,118.46667
CNMAC,Macun,Macun,CN,19.95,110.01667
CNMAJ,Majistan/Zhoushan,Majistan/Zhoushan,CN,30.01667,122.1
CNMAW,Mawei Pt,Mawei Pt,CN,25.98333,119.45
CNMAY,Mayong,Mayong,CN,24.7857,105.187
CNMBI,Mabian Island,Mabian Island,CN,22.673056,114.646667
CNMHG,Minxing,Minxing,CN,31.1147666,121.3769429
CNMIY,Miyun,Miyun,CN,40.36667,116.83333
CNMJD,Majiadian,Majiadian,CN,30.4313971,111.7356053
CNMJS,Maji Shan,Maji Shan,CN,30.66667,122.4
CNMLG,Maoling,Maoling,CN,21.8635561,108.4531896
CNMLI,Meilin,Meilin,CN,24.6990742,117.0647636
CNMOG,Maogang,Maogang,CN,21.6855679,111.1614359
CNMOH,Mohe,Mohe,CN,53.01667,122.45
CNMOT,Miaotou,Miaotou,CN,22.0449829,112.9805767
CNMSA,Meisha Pt,Meisha Pt,CN,24.7,117.06667
CNMSN,Meishan,Meishan,CN,31.0994995,119.7365471
CNMWN,Mawan Pt,Mawan Pt,CN,22.45,113.88333
CNMZU,Muzhou,Muzhou,CN,22.4554406,113.1569834
CNNAD,Nandu,Nandu,CN,22.8539757,110.8291673
CNNAH,Nanhai Pt,Nanhai Pt,CN,23.01667,113.15
CNNAN,Nanao Pt,Nanao Pt,CN,23.43333,117.68333
CNNBG,Ningbo Pt,Ningbo Pt,CN,29.91667,121.66667
CNNBO,Ningbo,Ningbo,CN,29.86667,121.55
CNNCA,Nicha,Nicha,CN,31.1813765,117.9819183
CNNDE,Ningde,Ningde,CN,26.6695006,119.5432715
CNNDS,Shacheng,Shacheng,CN,27.1664894,120.4166071
CNNEG,Neigang,Neigang,CN,23.1,113.41667
CNNHN,Wuhan,Wuhan,CN,30.58333,114.28333
CNNIN,Nanning,Nanning,CN,22.8,108.31667
CNNJG,Nanjing Pt,Nanjing Pt,CN,32.168889,118.95
CNNJI,Nanjing,Nanjing,CN,32.05,118.76667
CNNJK,Nanjiangkou,Nanjiangkou,CN,23.11667,111.8
CNNMI,Ningming,Ningming,CN,22.0232738,107.2828661
CNNNX,Nanxi,Nanxi,CN,28.8492149,104.966609
CNNSA,Nansha Pt,Nansha Pt,CN,22.63591,113.6782041
CNNTG,Nantong,Nantong,CN,32.01667,120.85
CNNTN,Niutoushan,Niutoushan,CN,30.4844811,117.2326135
CNNUD,Nudao,Nudao,CN,36.38333,120.86667
CNNXI,Nanxiang,Nanxiang,CN,22.5213876,109.2083703
CNPAJ,Panjin,Panjin,CN,41.11667,122.05
CNPDG,Pudong/Shanghai,Pudong/Shanghai,CN,31.23333,121.5
CNPGN,Pingnan,Pingnan,CN,23.5422149,110.3878006
CNPGZ,Pingzhou,Pingzhou,CN,22.0927678,112.7155208
CNPHB,Bijia,Bijia,CN,22.61667,114.85
CNPIL,Pingle,Pingle,CN,24.5646129,110.8153125
CNPJO,Pojiao,Pojiao,CN,26.0644117,105.5093709
CNPJS,Pizhou,Pizhou,CN,34.33333,118.01667
CNPKO,Pikou,Pikou,CN,39.4011306,122.3363204
CNPLI,Penglai Pt,Penglai Pt,CN,37.8,120.75
CNPNT,Pantang,Pantang,CN,30.997701,114.8894297
CNPNY,Shiqiao,Shiqiao,CN,22.95,113.36667
CNPQA,Puqian,Puqian,CN,20.0273831,110.5772707
CNPQI,Puqi,Puqi,CN,28.166573,121.052157
CNPSH,Pingsha,Pingsha,CN,22.1078721,113.1827798
CNPTJ,Jinjing,Jinjing,CN,25.5,119.78333
CNPTN,Pingtan,Pingtan,CN,25.5,119.71667
CNPTS,Sanjiangkou,Sanjiangkou,CN,25.442957,119.115676
CNPUT,Putian,Putian,CN,25.4557366,119.0029034
CNPXI,Puxi,Puxi,CN,35.1977754,114.6338022
CNPXM,Pingshaxinmatou,Pingshaxinmatou,CN,22.1,113.16667
CNPYG,Puyang,Puyang,CN,35.7,115
CNPZE,Pengze,Pengze,CN,29.8795555,116.5593278
CNPZO,Paizhou,Paizhou,CN,30.2094442,113.9277467
CNQAW,Qianwan,Qianwan,CN,36.05,120.21667
CNQDG,Qingdao Pt,Qingdao Pt,CN,36.0099235,120.1923864
CNQDL,Qindeli,Qindeli,CN,47.9715147,133.1549389
CNQGG,Qingge,Qingge,CN,28.519356,100.897764
CNQGS,Qingshi,Qingshi,CN,41.36667,126.51667
CNQGY,Qingyuan,Qingyuan,CN,23.7,113.01667
CNQHE,Qinghe,Qinghe,CN,47.7772792,132.810939
CNQIG,Qingguji / Shangqiu,Qingguji / Shangqiu,CN,34.68333,115.76667
CNQIN,Qingdao,Qingdao,CN,36.05,120.31667
CNQJG,Qinjiang,Qinjiang,CN,26.3292594,116.3375498
CNQJI,Qingjiang,Qingjiang,CN,28.2760811,121.1027635
CNQJO,Qiangjiao,Qiangjiao,CN,29.4606828,121.5266683
CNQKE,Qike,Qike,CN,49.5685967,128.4691505
CNQKU,Qukou,Qukou,CN,31.1393511,108.4779423
CNQLN,Qinglan Pt,Qinglan Pt,CN,19.55,110.81667
CNQMN,Qimen,Qimen,CN,29.8581772,117.5827045
CNQNH,Tanmen,Tanmen,CN,19.243559,110.611507
CNQSA,Qisha Pt,Qisha Pt,CN,21.58333,108.46667
CNQSE,Qingshuihe/Shenzhen,Qingshuihe/Shenzhen,CN,22.5824603,114.1046752
CNQSN,Qianshan/Zhuhai,Qianshan/Zhuhai,CN,22.23333,113.51667
CNQUG,"Quangang,Quanzhou","Quangang,Quanzhou",CN,25.13333,118.91667
CNQXT,Qixingtai,Qixingtai,CN,30.413547,111.887388
CNQYA,Qingyang,Qingyang,CN,31.765227,120.2709305
CNQZC,Chongwu,Chongwu,CN,24.8994339,118.9129694
CNQZH,Qinzhou,Qinzhou,CN,21.9647835,108.620787
CNQZL,Quanzhou,Quanzhou,CN,24.93333,118.6
CNQZO,Qizhou,Qizhou,CN,30.0752968,115.338138
CNRAG,Ruichang,Ruichang,CN,29.6765809,115.676396
CNRCG,Rongcheng,Rongcheng,CN,37.15,122.38333
CNRCH,Rongcheng,Rongcheng,CN,29.818753,112.8895426
CNRGA,Rong'an,Rong'an,CN,25.2275571,109.3928237
CNRGC,Rongcheng,Rongcheng,CN,23.5278913,116.3623373
CNRIA,Ruian,Ruian,CN,27.7809878,120.6511821
CNRJG,Rongjiang,Rongjiang,CN,25.9350244,108.5176298
CNRJN,Runjiang,Runjiang,CN,31.1106053,121.2548694
CNROH,Raohe,Raohe,CN,46.8,134
CNROQ,Rongqi Pt,Rongqi Pt,CN,22.78333,113.26667
CNRPG,Raoping,Raoping,CN,23.66667,117
CNRSI,Rongshui,Rongshui,CN,25.0722218,109.2489315
CNRSN,Rushankou,Rushankou,CN,36.870804,121.5045832
CNRUG,Rugao,Rugao,CN,32.3734658,120.5697741
CNRZH,Rizhao,Rizhao,CN,35.38333,119.53333
CNSAA,Sanhua,Sanhua,CN,30.2494712,115.0970686
CNSAM,Sanming / Shanming Shi,Sanming / Shanming Shi,CN,26.23333,117.61667
CNSAN,Shiwan,Shiwan,CN,23.139868,113.853031
CNSAP,Shaping,Shaping,CN,22.521374,108.961455
CNSAT,Shadi,Shadi,CN,21.7514027,112.3654715
CNSAW,Shanwai,Shanwai,CN,28.05,121.2
CNSBM,Sanbaimen,Sanbaimen,CN,23.5667595,117.0979979
CNSBN,Suibin,Suibin,CN,47.3,131.85
CNSDG,Shuidong Pt,Shuidong Pt,CN,21.51667,111
CNSDP,Sandouping,Sandouping,CN,30.8345798,111.0666198
CNSEY,Sheyang,Sheyang,CN,33.76667,120.25
CNSEZ,Shahezi,Shahezi,CN,44.4444528,127.6113699
CNSGH,Shanghai,Shanghai,CN,31.23333,121.48333
CNSGJ,Songjiang,Songjiang,CN,31.01667,121.23333
CNSGU,Shangyu,Shangyu,CN,30,120.86667
CNSHD,Shidao Pt,Shidao Pt,CN,36.86667,122.43333
CNSHG,Shanghai Pt,Shanghai Pt,CN,30.63333,122.06667
CNSHH,Shishi,Shishi,CN,24.73333,118.63333
CNSHK,Shekou Pt,Shekou Pt,CN,22.48333,113.91667
CNSHL,Shuolong,Shuolong,CN,22.8,106.8
CNSHM,Mafang,Mafang,CN,40.0592368,117.0053845
CNSHO,Shajiao,Shajiao,CN,23.0706114,112.9365225
CNSHP,Qinhuangdao Pt,Qinhuangdao Pt,CN,39.91667,119.58333
CNSHQ,Shiqi,Shiqi,CN,22.532815,113.3760613
CNSHT,Shating,Shating,CN,23.05,113.43333
CNSHX,Xinan,Xinan,CN,23.1577246,112.8830733
CNSIG,Sanjiang,Sanjiang,CN,25.7870306,109.6031323
CNSIJ,Shijing,Shijing,CN,24.61667,118.43333
CNSIK,Shuikou,Shuikou,CN,22.23333,110.93333
CNSIQ,Saiqi,Saiqi,CN,26.96667,119.68333
CNSIU,Shizhu,Shizhu,CN,30.0019376,108.1091155
CNSIZ,Suizhong,Suizhong,CN,40.3194445,120.0218793
CNSJQ,Sanshui,Sanshui,CN,23.16667,112.86667
CNSJU,Shijiu Pt,Shijiu Pt,CN,36.36667,119.55
CNSKS,Sikuaishi,Sikuaishi,CN,39.28333,122.56667
CNSLG,Shiliugang,Shiliugang,CN,31.179685,115.302419
CNSLO,Shilou,Shilou,CN,23.01667,113.5
CNSMN,Songmen,Songmen,CN,28.343707,121.5968223
CNSNA,Sanyang,Sanyang,CN,30.0251284,118.7886286
CNSNH,Shenhu,Shenhu,CN,24.61667,118.66667
CNSNN,Suining,Suining,CN,30.53333,105.53333
CNSNS,Sansha,Sansha,CN,26.93333,120.21667
CNSNW,Shenwan,Shenwan,CN,22.3015179,113.3581491
CNSNZ,Shenzhen,Shenzhen,CN,22.55,114.11667
CNSOG,Songgai,Songgai,CN,29.0557105,105.8847486
CNSON,Songxia Pt,Songxia Pt,CN,25.68333,119.58333
CNSPA,Shapa,Shapa,CN,21.5,111.48333
CNSPI,Shipai,Shipai,CN,30.4164276,116.6474597
CNSQN,Shenquan,Shenquan,CN,22.9688856,116.3183182
CNSSN,Shashan,Shashan,CN,28.1724411,121.241528
CNSSP,Shuangshui,Shuangshui,CN,22.433487,113.000606
CNSTB,Shitoubu Pt,Shitoubu Pt,CN,21.58333,109.55
CNSTG,Shantou,Shantou,CN,23.3563921,116.6775856
CNSTI,Shatian,Shatian,CN,22.91667,113.6
CNSUD,Shunde Pt,Shunde Pt,CN,22.7660266,113.0994904
CNSUW,Sunwu,Sunwu,CN,49.41667,127.31667
CNSWE,Shanwei,Shanwei,CN,22.78333,115.35
CNSWI,Shiwei,Shiwei,CN,51.3,119.91667
CNSXB,Beitan,Beitan,CN,20.32793,110.1182
CNSXJ,Shanshan,Shanshan,CN,42.86667,90.16667
CNSYA,Sanya Pt,Sanya Pt,CN,33.78333,120.25
CNSYG,Shiyang,Shiyang,CN,31.9427506,118.2798189
CNSYM,Simao,Simao,CN,22.8,100.96667
CNSZA,Sanzao,Sanzao,CN,22.05,113.35
CNSZG,Suzhou Pt,Suzhou Pt,CN,31.799391,120.859222
CNSZH,Suzhou,Suzhou,CN,31.31667,120.61667
CNSZO,Sanzhou,Sanzhou,CN,29.545944,112.9401064
CNSZP,Shenzhen Pt,Shenzhen Pt,CN,22.5,113.88333
CNTAC,Taicang Pt,Taicang Pt,CN,31.45,121.1
CNTAP,Taiping,Taiping,CN,21.03333,110.16667
CNTAZ,Taizhou Pt,Taizhou Pt,CN,28.6856,121.45
CNTFG,Tuanfeng,Tuanfeng,CN,30.6460528,114.8671587
CNTGG,Tanggu,Tanggu,CN,39.01667,117.65
CNTGS,Tangshan Pt,Tangshan Pt,CN,39.6,118.18333
CNTID,Tiandong,Tiandong,CN,23.5995314,107.1272702
CNTIS,Taishan,Taishan,CN,22.0638475,112.7128587
CNTIY,Tianyang,Tianyang,CN,23.7380833,106.9125394
CNTJA,Tangjia,Tangjia,CN,20.8425,109.84694
CNTJG,Taijiang,Taijiang,CN,26.0559339,119.3091467
CNTNC,Lintao,Lintao,CN,35.3932527,103.8569193
CNTNG,Tianjin Pt,Tianjin Pt,CN,38.98333,117.75
CNTNJ,Tianjin,Tianjin,CN,39.03333,117.2
CNTNO,Tanggou,Tanggou,CN,31.327994,118.1742402
CNTOH,Tonghe,Tonghe,CN,45.9786526,128.7472619
CNTOJ,Tongjiang,Tongjiang,CN,47.65,132.5
CNTOL,Tongling,Tongling,CN,30.93333,117.8
CNTOX,Tongxing,Tongxing,CN,30.63598,106.1859
CNTPW,Taipingwan,Taipingwan,CN,40.3354356,124.722028
CNTQO,Tuqiao,Tuqiao,CN,33.3848166,116.6703402
CNTSG,Gongyi,Gongyi,CN,22.3465631,112.7084076
CNTXG,Tianjin Xingang Pt,Tianjin Xingang Pt,CN,38.98333,117.7
CNTXZ,Tongxiang,Tongxiang,CN,30.63333,120.56667
CNTZE,Tianzhen,Tianzhen,CN,29.9143888,115.418746
CNTZO,Taizhou,Taizhou,CN,32.48333,119.9
CNTZU,Taizhou,Taizhou,CN,32.5,119.9
CNUBU,Lubu,Lubu,CN,23.1806492,112.2894399
CNUIA,"Hui'an,Quanzhou","Hui'an,Quanzhou",CN,25.0340507,118.7919514
CNWAS,Wanshan Pt,Wanshan Pt,CN,21.93333,113.71667
CNWAX,Wanxian,Wanxian,CN,23.7991031,99.9863858
CNWAZ,Wanzai,Wanzai,CN,22.18333,113.51667
CNWCH,Huangpo,Huangpo,CN,21.3403619,110.5960222
CNWEF,Weifang,Weifang,CN,36.71667,119.1
CNWEG,Weihai Pt,Weihai Pt,CN,37.5,122.16667
CNWEH,Weihai Dashuipo Apt,Weihai Dashuipo Apt,CN,37.186944,122.228889
CNWEI,Weihai,Weihai,CN,37.51667,122.11667
CNWGQ,Waigaoqiao Pt,Waigaoqiao Pt,CN,31.3678516,121.570207
CNWHE,Wuhe,Wuhe,CN,23.4645462,112.3500087
CNWHG,Wuhan Pt,Wuhan Pt,CN,30.5135208,114.8383301
CNWHI,Wuhu,Wuhu,CN,31.31667,118.36667
CNWHR,Rushan,Rushan,CN,36.9199831,121.5346952
CNWHU,Wuchuan,Wuchuan,CN,21.45,110.75
CNWHZ,Zhangjiabu,Zhangjiabu,CN,40.4407001,115.2516661
CNWIG,Waigang,Waigang,CN,31.365291,121.1583417
CNWIH,Waihai,Waihai,CN,22.58333,113.13333
CNWIT,Weitou,Weitou,CN,24.53333,118.6
CNWJG,Wangjiang,Wangjiang,CN,30.1309811,116.7013688
CNWJI,Wujin,Wujin,CN,31.7020406,119.9377542
CNWNZ,Wenzhou,Wenzhou,CN,27.9963899,120.695345
CNWSA,Wusha,Wusha,CN,30.6490911,117.2969007
CNWSH,Wenshan,Wenshan,CN,23.36667,104.25
CNWSN,Wushan,Wushan,CN,31.077446,109.8754021
CNWUC,Wu Chong Kou,Wu Chong Kou,CN,32.1715361,119.7729769
CNWUG,Wusong Pt,Wusong Pt,CN,3.2,121.48333
CNWUK,Wukan,Wukan,CN,22.85,115.65
CNWUZ,Wuzhou,Wuzhou,CN,23.48333,111.33333
CNWXA,Wuxuan,Wuxuan,CN,23.5965829,109.6583496
CNWXS,Wuxi,Wuxi,CN,31.56667,120.3
CNWYK,Weiyuankou,Weiyuankou,CN,30.1396294,115.2394424
CNWYP,Wuyapao,Wuyapao,CN,45.9738,128.859
CNWZH,Wanzhou,Wanzhou,CN,30.8101669,108.4034084
CNWZO,Wenzhou Pt,Wenzhou Pt,CN,28.01667,120.65
CNXAM,Xiamen,Xiamen,CN,24.45,118.1
CNXAN,"Xiang'an, Xiamen","Xiang'an, Xiamen",CN,24.63333,118.25
CNXAO,Xiaolan,Xiaolan,CN,22.66667,113.21667
CNXAS,Xiashan,Xiashan,CN,21.1941363,110.3933516
CNXCE,Xingcheng,Xingcheng,CN,40.5621218,120.4793038
CNXCI,Xiaochi,Xiaochi,CN,29.7534017,115.9920605
CNXCU,Xiaocuo Pt,Xiaocuo Pt,CN,25.2,119.95
CNXDI,Xindian,Xindian,CN,45.9168637,127.8281363
CNXDU,Xindu,Xindu,CN,23.9941972,111.7212934
CNXEX,Xiexu,Xiexu,CN,22.736,109.376
CNXGA,Xingang,Xingang,CN,23.1027363,113.2900262
CNXGD,Xingdong,Xingdong,CN,47.770556,126.813551
CNXGK,Xiangkou,Xiangkou,CN,31.4457512,117.7609057
CNXGZ,Xiangzhou,Xiangzhou,CN,22.2694222,113.5382573
CNXHH,Hekou,Hekou,CN,23.17984,115.60292
CNXHK,Xinhekou,Xinhekou,CN,29.4334,112.513
CNXHO,Xiaohudao,Xiaohudao,CN,22.8541558,113.5288919
CNXHT,Xilin Hot,Xilin Hot,CN,43.96667,116.03333
CNXIA,Xian,Xian,CN,34.28333,108.95
CNXID,Xindi,Xindi,CN,29.811697,113.4609389
CNXIH,Xiahai,Xiahai,CN,27.485358,101.409408
CNXIJ,Xijiang,Xijiang,CN,21.28333,114.86667
CNXIK,Xinkai,Xinkai,CN,29.81246,115.810456
CNXIN,Xinhui Pt,Xinhui Pt,CN,22.53333,113.01667
CNXIP,Xingang,Xingang,CN,31.1890543,118.0647674
CNXIT,Xintang Pt,Xintang Pt,CN,23.11667,113.61667
CNXJD,Xuejiadao,Xuejiadao,CN,35.9601597,120.2044319
CNXMG,Xiamen Pt,Xiamen Pt,CN,24.35,118.2
CNXMH,"Haicang, Xiamen","Haicang, Xiamen",CN,24.5296342,117.9698174
CNXNA,Xinsha,Xinsha,CN,22.70887,113.35234
CNXNG,Xianing,Xianing,CN,28.3162,112.939
CNXNI,Xinxing,Xinxing,CN,33.4544443,120.0789035
CNXOT,Xiaotang,Xiaotang,CN,23.08333,112.98333
CNXSI,Xiangshui,Xiangshui,CN,34.2011121,119.5722532
CNXSP,Shipu,Shipu,CN,29.2062161,121.9271788
CNXTA,Xiangtan,Xiangtan,CN,27.85,112.9
CNXTI,Xidi,Xidi,CN,29.9061111,117.9912865
CNXTN,Xiantan,Xiantan,CN,28.820705,106.1898932
CNXTO,Xitou,Xitou,CN,21.65,111.78333
CNXUA,Xiahua,Xiahua,CN,35.74112,110.6301204
CNXUK,Xunke,Xunke,CN,49.55,128.46667
CNXUL,Xiulin,Xiulin,CN,29.7205575,112.4080217
CNXWH,Haian,Haian,CN,22.496818,113.9309783
CNXXY,Xiangyu Terminal/ Xiamen,Xiangyu Terminal/ Xiamen,CN,27.1,120.31667
CNXYG,Xiuyu Pt,Xiuyu Pt,CN,25.23333,118.95
CNXYI,Xinying,Xinying,CN,19.894145,109.5285186
CNXYN,Xiaying,Xiaying,CN,37.0662718,119.477262
CNXZI,Xiangzhi,Xiangzhi,CN,24.76667,118.76667
CNXZU,Xiangzhou,Xiangzhou,CN,24.0402845,109.7653662
CNYAT,Yantai,Yantai,CN,37.46667,121.38333
CNYCA,Yingchuan,Yingchuan,CN,34.1464754,113.4799477
CNYFU,Yongfu,Yongfu,CN,24.98333,109.98333
CNYGD,Yingde,Yingde,CN,24.2079886,113.3962832
CNYGK,Yangkou,Yangkou,CN,37.2620482,118.8586021
CNYGN,Yongan,Yongan,CN,25.9441979,117.3599501
CNYGO,Yaogou,Yaogou,CN,31.1515698,117.8921974
CNYGX,Yangxi,Yangxi,CN,21.7555785,111.6127492
CNYHG,Yuecheng,Yuecheng,CN,23.091064,112.126983
CNYIB,Yibin,Yibin,CN,28.7555245,104.6406023
CNYIK,Yinkou,Yinkou,CN,40.65,122.21667
CNYIZ,Yizheng,Yizheng,CN,32.26667,119.16667
CNYJA,Yanjia,Yanjia,CN,25.0626063,105.9506081
CNYJC,Yangjiachang,Yangjiachang,CN,30.0618723,112.2875905
CNYJI,Yangjiang,Yangjiang,CN,21.83333,111.96667
CNYKG,Yangkou Pt,Yangkou Pt,CN,32.55,121.4
CNYLA,Yuelai,Yuelai,CN,47.0202135,130.7157022
CNYLI,Yangli,Yangli,CN,24.7956,106.001
CNYLO,Yonglong,Yonglong,CN,25.420258,115.931118
CNYNG,Yangzhong,Yangzhong,CN,32.21667,119.81667
CNYNN,Yongning,Yongning,CN,22.5907161,108.6185632
CNYPE,Yangpeng,Yangpeng,CN,22.6861,109.171
CNYPG,Yangpu Pt,Yangpu Pt,CN,19.7,109.2
CNYSA,Yangshan,Yangshan,CN,30.583333,122.066667
CNYSH,Yuanshi,Yuanshi,CN,37.7605206,114.5215285
CNYSN,Yangshan,Yangshan,CN,24.468328,112.6360737
CNYSO,Yangshuo,Yangshuo,CN,24.8630286,110.4871831
CNYTG,Yantai Pt,Yantai Pt,CN,37.55,121.41667
CNYTI,Yongtai,Yongtai,CN,23.2302132,113.2987778
CNYTN,Yantian Pt,Yantian Pt,CN,22.6,114.3
CNYUH,Yuhuan,Yuhuan,CN,28.13333,121.23333
CNYXS,Yixing,Yixing,CN,31.3495972,119.817253
CNYYA,Yueyang,Yueyang,CN,29.36667,113.1
CNYZH,Yangzhou,Yangzhou,CN,32.38333,119.43333
CNYZU,Yuzhu,Yuzhu,CN,23.1,113.41667
CNZAG,Zhanghu,Zhanghu,CN,30.3486337,116.8889908
CNZCG,Zhicheng,Zhicheng,CN,30.2956727,111.5044495
CNZDO,Zhaodong,Zhaodong,CN,46.06667,125.98333
CNZEL,Zhelin,Zhelin,CN,23.58333,117.1
CNZGS,Zhangshan,Zhangshan,CN,27.185595,115.0432672
CNZGT,Zhongtang,Zhongtang,CN,23.08333,113.65
CNZGW,Zhangwan,Zhangwan,CN,26.7,119.58333
CNZHE,Zhenjiang,Zhenjiang,CN,32.18333,119.45
CNZHG,Zhaogang,Zhaogang,CN,31.8689791,117.5567292
CNZHH,Zhuanghe Pt,Zhuanghe Pt,CN,39.68333,122.96667
CNZHI,Zhenhai Pt,Zhenhai Pt,CN,29.95481,121.70961
CNZHY,Zhaoyuan,Zhaoyuan,CN,45.5221839,125.0883344
CNZJB,Zhangjiabian,Zhangjiabian,CN,22.55,113.45
CNZJG,Zhangjiagang,Zhangjiagang,CN,31.86667,120.53333
CNZLO,Zhuliao,Zhuliao,CN,23.36667,113.33333
CNZNG,Zhanjiang Pt,Zhanjiang Pt,CN,21.1770596,110.4151779
CNZNZ,Naozhou,Naozhou,CN,20.91667,110.58333
CNZOS,Zhoushan,Zhoushan,CN,29.9873344,122.2030363
CNZPG,zhengpugang Pt,zhengpugang Pt,CN,31.63333,118.38333
CNZPI,Zhaoping,Zhaoping,CN,24.1726751,110.8064961
CNZPO,Zhapo,Zhapo,CN,21.56667,111.85
CNZPU,Zhapu Pt,Zhapu Pt,CN,30.58333,121.08333
CNZQG,Zhaoqing,Zhaoqing,CN,23.05,112.45
CNZSM,Shima,Shima,CN,24.4484486,117.8124744
CNZSN,Zhongshan,Zhongshan,CN,22.51667,113.36667
CNZUH,Zhuhai,Zhuhai,CN,22.28333,113.56667
CNZUS,Zhushan,Zhushan,CN,22.8454,109.142
CNZUY,Zhuyang,Zhuyang,CN,29.0627731,105.9363518
CNZXI,Zhexiang,Zhexiang,CN,24.9700878,106.1474771
CNZXN,Zhongxian,Zhongxian,CN,25.950907,118.369889
CNZXZ,Xiazhai,Xiazhai,CN,24.3495156,117.171057
CNZYG,Zongyang,Zongyang,CN,30.7078486,117.2448908
CNZYO,Zhuangyuanao,Zhuangyuanao,CN,27.88333,121.11667
CNZZG,Zhouzhuang,Zhouzhuang,CN,31.1317907,120.8355975
CNZZU,Zhangzhou,Zhangzhou,CN,24.51667,117.65
COACM,Arica,Arica,CO,-2.11667,-71.73333
COBAL,Balboa,Balboa,CO,2.03333,-77.21667
COBAQ,Barranquilla,Barranquilla,CO,10.9938599,-74.7926118
COBUN,Buenaventura,Buenaventura,CO,3.8881929,-77.0738324
COCNR,Contecar,Contecar,CO,10.38333,-75.51667
COCOV,Covenas Offshore Terminal,Covenas Offshore Terminal,CO,9.5,-75.73333
COCRC,Cartago,Cartago,CO,4.7465494,-75.9121234
COCTG,Cartagena,Cartagena,CO,10.4265566,-75.5441671
COEBQ,El Bosque,El Bosque,CO,10.4,-75.53333
COEJA,Barrancabermeja,Barrancabermeja,CO,7.0673313,-73.8525627
COENV,Envigado,Envigado,CO,6.1701348,-75.587415
COLET,Leticia,Leticia,CO,-4.21667,-69.93333
COMAM,Mamonal,Mamonal,CO,10.31667,-75.5
COMAU,Manaure,Manaure,CO,11.76667,-72.43333
COMIN,Mingueo,Mingueo,CO,11.2,-73.4
COPBE,Puerto Berrio,Puerto Berrio,CO,6.4899205,-74.4020634
COPBO,Puerto Bolívar,Puerto Bolívar,CO,12.255556,-71.966944
COPCR,Puerto Carreño,Puerto Carreño,CO,6.18333,-67.48333
COPNM,Puerto Limón,Puerto Limón,CO,1.05,-76.5
COPOC,Pozos Colorados,Pozos Colorados,CO,11.1410961,-74.2247635
COPSB,Simon Bolivar,Simon Bolivar,CO,3.4419685,-76.5178196
COPUC,Puerto Colombia,Puerto Colombia,CO,11,-74.95
COPUL,Puerto Limón,Puerto Limón,CO,9.38333,-76.18333
COPUU,Puerto Asís,Puerto Asís,CO,0.51667,-76.5
COPYA,Puerto Boyaca,Puerto Boyaca,CO,5.9756376,-74.5882837
CORCH,Riohacha,Riohacha,CO,11.5449387,-72.9150522
CORCO,Rio Cordoba,Rio Cordoba,CO,11.0247449,-74.2058748
COSMR,Santa Marta,Santa Marta,CO,11.2320944,-74.1950916
COSPC,Sociedad Portuaria Regional Cartagena,Sociedad Portuaria Regional Cartagena,CO,10.4,-75.53333
COTCO,Tumaco,Tumaco,CO,1.8062887,-78.7649814
COTLU,Tolú,Tolú,CO,9.53333,-75.58333
COTRB,Turbo,Turbo,CO,8.08333,-76.71667
COYMB,Yumbo,Yumbo,CO,3.58333,-76.46667
CRABG,Abangares,Abangares,CR,10.28333,-84.95
CRBAT,Batan,Batan,CR,10.1016385,-83.3359476
CRCAB,Cabo Blanco,Cabo Blanco,CR,9.93333,-85
CRCAI,Caimital,Caimital,CR,10.06667,-85.46667
CRCAL,Caldera,Caldera,CR,9.95,-84.71667
CRCDN,Neily,Neily,CR,8.65,-82.93333
CRCIR,Ciruelas,Ciruelas,CR,10.0136543,-84.2038513
CRCOM,Chomes,Chomes,CR,10.05,-84.91667
CRCRR,Curridabat,Curridabat,CR,9.91667,-84.03333
CRCTC,Moravia,Moravia,CR,9.85,-83.43333
CRCUT,Cutris,Cutris,CR,10.68333,-84.36667
CRCYL,Coyol,Coyol,CR,10,-84.25
CRFIL,Filadelfia,Filadelfia,CR,10.45,-85.56667
CRFPN,Fraijanes,Fraijanes,CR,10.15,-84.2
CRGDA,Guardia,Guardia,CR,10.56667,-85.6
CRGDP,Golfo de Papagayo,Golfo de Papagayo,CR,10.6,-85.68333
CRGLF,Golfito,Golfito,CR,8.65,-83.15
CRGUA,Guatuso,Guatuso,CR,9.8198826,-83.9477701
CRHSA,Horluetas/Sarapiqui,Horluetas/Sarapiqui,CR,10.48333,-84.01667
CRJIC,Jicaral,Jicaral,CR,9.96667,-85.11667
CRLAF,La Fortuna,La Fortuna,CR,10.48333,-84.65
CRLIO,Puerto Limón,Puerto Limón,CR,10,-83.03333
CRMAT,Matina,Matina,CR,10.0768951,-83.2905227
CRMOB,Moín,Moín,CR,10,-83.08333
CRMTZ,San Marcos de Tarrazu,San Marcos de Tarrazu,CR,9.66667,-84.03333
CRMUE,Muelle de San Carlos,Muelle de San Carlos,CR,10.46667,-84.46667
CRNAN,Nandayure,Nandayure,CR,9.9013315,-85.3300334
CRNAR,Naranjo,Naranjo,CR,9.5953789,-83.9563781
CRORO,Orotina,Orotina,CR,9.9,-84.53333
CRPAN,Palmar Norte,Palmar Norte,CR,8.96667,-83.46667
CRPAR,Parrita,Parrita,CR,9.51667,-84.31667
CRPAS,Puntarenas,Puntarenas,CR,9.96667,-84.83333
CRPIT,Pital,Pital,CR,10.4535768,-84.274504
CRPMN,Puerto Moin,Puerto Moin,CR,10.0066192,-83.0757848
CRPOA,Poas,Poas,CR,10.0760251,-84.2446265
CRPTC,Puerto Caldera,Puerto Caldera,CR,9.95,-84.71667
CRPUM,Punta Morales,Punta Morales,CR,10.06667,-84.96667
CRQGG,Quebrada Grande,Quebrada Grande,CR,10.43333,-84.95
CRRCD,Río Cuarto,Río Cuarto,CR,10.35,-84.23333
CRRIO,Río Frío,Río Frío,CR,9.78333,-85.18333
CRRJI,Rio Jimenez,Rio Jimenez,CR,10.25,-83.6
CRROX,Roxana,Roxana,CR,10.26667,-83.75
CRSAM,Sámara,Sámara,CR,9.88333,-85.53333
CRSAN,San Ignacio de Acosta,San Ignacio de Acosta,CR,9.8,-84.16667
CRSIX,Sixaola/Talamanca,Sixaola/Talamanca,CR,9.51667,-82.61667
CRSJO,San José,San José,CR,9.93333,-84.08333
CRSMP,Santa Maria/Pocosol,Santa Maria/Pocosol,CR,10.61667,-84.51667
CRSPI,Sarapiquí,Sarapiquí,CR,10.2966747,-84.1780652
CRSRG,San Rafael Guatuso,San Rafael Guatuso,CR,10.66667,-84.81667
CRSRI,Sarchí,Sarchí,CR,10.08333,-84.35
CRSRP,Santa Rosa/Pocosol,Santa Rosa/Pocosol,CR,10.6228132,-84.5293854
CRSSP,San Pedro de Poas,San Pedro de Poas,CR,10.08333,-84.25
CRTIG,La Tigra,La Tigra,CR,9.93333,-85.15
CRTRE,Tres Ríos,Tres Ríos,CR,9.9,-85.18333
CRTUA,Turrubares,Turrubares,CR,9.7475327,-84.5282903
CRVDT,Puerto Viejo,Puerto Viejo,CR,9.65,-82.76667
CRXQP,Quepos (Puerto Quepos),Quepos (Puerto Quepos),CR,9.4321244,-84.162504
CRZAR,Zarcero / Naranjo,Zarcero / Naranjo,CR,10.18333,-84.4
CUBAN,Banes,Banes,CU,20.96667,-75.71667
CUBCA,Baracoa,Baracoa,CU,20.3477869,-74.4968647
CUBHO,Bahía Honda,Bahía Honda,CU,22.9,-83.16667
CUBOG,Boca Grande,Boca Grande,CU,21.58333,-78.66667
CUBUF,Bufadero,Bufadero,CU,21.56667,-77.23333
CUCAB,Cabañas,Cabañas,CU,22.98333,-82.91667
CUCAI,Caibarién,Caibarién,CU,22.51667,-79.46667
CUCAR,Cárdenas,Cárdenas,CU,23.03333,-81.2
CUCAS,Casilda,Casilda,CU,21.76667,-80
CUCEI,Ceiba Hueca,Ceiba Hueca,CU,20.21667,-77.33333
CUCFG,Cienfuegos,Cienfuegos,CU,22.1459864,-80.4530775
CUCMW,Camagüey,Camagüey,CU,21.38333,-77.91667
CUGER,Nueva Gerona,Nueva Gerona,CU,21.884696,-82.8038411
CUGIB,Gibara,Gibara,CU,21.1,-76.13333
CUGUB,Guantanamo Bay,Guantanamo Bay,CU,19.9185556,-75.1593258
CUGYB,Guayabal,Guayabal,CU,20.7,-77.6167
CUHAV,La Habana,La Habana,CU,23.11667,-82.35
CUICR,Nicaro,Nicaro,CU,20.7013246,-75.5469707
CUIDS,Isabela de Sagua,Isabela de Sagua,CU,22.9408332,-80.0107908
CUJUC,Júcaro,Júcaro,CU,21.63333,-78.85
CUMAR,Mariel,Mariel,CU,23,-82.75
CUMEL,Media Luna,Media Luna,CU,20.15,-77.43333
CUMNT,Puerto Manatí,Puerto Manatí,CU,21.36667,-76.83333
CUMZO,Manzanillo,Manzanillo,CU,20.3454054,-77.1201225
CUNIQ,Niquero,Niquero,CU,20.05,-77.58333
CUNVT,Nuevitas,Nuevitas,CU,21.55,-77.26667
CUPAL,Palo Alto,Palo Alto,CU,21.6,-78.96667
CUPAS,Puerto de Pastelillo,Puerto de Pastelillo,CU,21.55,-77.21667
CUPPA,Puerto Padre,Puerto Padre,CU,21.2,-76.6
CUPTA,Puerto Tarafa,Puerto Tarafa,CU,21.56667,-77.25
CUQCO,Colon,Colon,CU,22.7162013,-80.9052014
CUQMA,Matanzas,Matanzas,CU,23.0469236,-81.5783032
CURSL,Sagua la Grande,Sagua la Grande,CU,22.8,-80.06667
CUSCS,Santa Cruz del Sur,Santa Cruz del Sur,CU,20.7160432,-77.9959965
CUSCU,Santiago de Cuba,Santiago de Cuba,CU,20.0214263,-75.8294928
CUSDT,Sagua de Tánamo,Sagua de Tánamo,CU,20.58333,-75.23333
CUSNU,Santa Clara,Santa Clara,CU,22.406628,-79.9651013
CUTDZ,Tunas de Zaza,Tunas de Zaza,CU,21.63333,-79.55
CUVIT,Puerto da Vita,Puerto da Vita,CU,21.08333,-75.96667
CVGRA,Porto Grande,Porto Grande,CV,16.86667,-25
CVMIN,Mindelo,Mindelo,CV,16.88333,-25
CVRAI,Praia,Praia,CV,14.9162811,-23.5095095
CVVXE,Sao Vicente,Sao Vicente,CV,16.8494412,-24.9718792
CWBUB,Bullenbaai,Bullenbaai,CW,12.16667,-69
CWCRB,Caracas Baai,Caracas Baai,CW,12.06667,-68.85
CWCUR,Curaçao,Curaçao,CW,12.16667,-69
CWFUI,Fuikbaai,Fuikbaai,CW,12.05,-68.81667
CWSMB,Sint Michielsbaai,Sint Michielsbaai,CW,12.15,-68.98333
CWWIL,Willemstad,Willemstad,CW,12.1,-68.91667
CXFFC,Flying Fish Cove,Flying Fish Cove,CX,-10.41667,105.71667
CYAKT,Akrotiri,Akrotiri,CY,34.6,32.95
CYANM,Ayia Napa,Ayia Napa,CY,34.98333,34
CYDHK,Dhekelia,Dhekelia,CY,34.98333,33.75
CYFMG,Famagusta,Famagusta,CY,35.1,33.95
CYKAR,Karavostasi,Karavostasi,CY,35.13333,32.83333
CYKYR,Kyrenia,Kyrenia,CY,35.33333,33.33333
CYLAT,Latchi,Latchi,CY,35.03333,32.4
CYLCA,Larnaca,Larnaca,CY,34.91667,33.61667
CYLMS,Limassol,Limassol,CY,34.68333,33.05
CYMOI,Moni,Moni,CY,34.73333,33.2
CYNIC,Nicosia,Nicosia,CY,35.16667,33.36667
CYPFO,Paphos,Paphos,CY,34.76667,32.41667
CYVAS,Vasilikos,Vasilikos,CY,34.71667,33.31667
CYZYY,Zyyi,Zyyi,CY,34.73333,33.33333
CZBAR,Bartosovice,Bartosovice,CZ,49.66667,18.05
CZBBC,Babice,Babice,CZ,49.1729776,16.3581686
CZBBE,Dolní Berkovice,Dolní Berkovice,CZ,50.38333,14.43333
CZBDC,Bohdalice,Bohdalice,CZ,49.212596,17.0280945
CZBLN,Bílina,Bílina,CZ,50.55,13.76667
CZBOL,Bolatice,Bolatice,CZ,49.9518373,18.0834921
CZBRA,Stribrna Skalice,Stribrna Skalice,CZ,49.9,14.85
CZBTC,Boretice,Boretice,CZ,49.4960637,15.1099465
CZBUB,Bubovice,Bubovice,CZ,49.9701104,14.1667377
CZBYS,Bysice,Bysice,CZ,50.3102226,14.6115734
CZC7V,Cervená Voda,Cervená Voda,CZ,50.03333,16.75
CZCCN,Chocen,Chocen,CZ,50,16.23333
CZCEP,Cepi,Cepi,CZ,49.98333,15.7
CZCEV,Ceská Ves,Ceská Ves,CZ,50.25,17.23333
CZCHU,Chudobín,Chudobín,CZ,49.6887854,17.0374793
CZCHZ,Chrustenice,Chrustenice,CZ,50.0060405,14.1522167
CZCRS,Smilovice,Smilovice,CZ,49.66667,18.58333
CZCUL,Chrastava,Chrastava,CZ,50.81667,14.96667
CZDCB,Decín,Decín,CZ,50.78333,14.21667
CZDDD,Dobroviz,Dobroviz,CZ,50.1130584,14.2177331
CZDEK,Hradek,Hradek,CZ,49.71667,13.65
CZDIS,Divisov,Divisov,CZ,49.7885743,14.8756851
CZDIV,Divisov,Divisov,CZ,49.78333,14.88333
CZDKV,Drzkov,Drzkov,CZ,50.68333,15.31667
CZDOB,Dolní Benesov,Dolní Benesov,CZ,49.91667,18.11667
CZDOH,Destne v Orlickych Horach,Destne v Orlickych Horach,CZ,50.3049142,16.3505997
CZDOL,Dolní Lhota,Dolní Lhota,CZ,49.13333,17.81667
CZDRN,Drnholec,Drnholec,CZ,48.85,16.5
CZDRO,Dobromerice,Dobromerice,CZ,50.36667,13.8
CZDRS,Dobris,Dobris,CZ,49.78333,14.16667
CZG44,Chvalatice,Chvalatice,CZ,48.9480243,15.7505244
CZHLP,Hlubocepy,Hlubocepy,CZ,50.0416665,14.3956321
CZHLU,Hluk,Hluk,CZ,48.98333,17.51667
CZHOT,Hostomice,Hostomice,CZ,49.8252575,14.0456045
CZHRN,Hradesin,Hradesin,CZ,50.03333,14.75
CZHRU,Hrusky/Breclav,Hrusky/Breclav,CZ,48.78333,16.98333
CZHSA,Hrensko,Hrensko,CZ,50.8739272,14.2402549
CZHST,Hostinne,Hostinne,CZ,50.5409308,15.723285
CZHTV,Horni Tresnovec,Horni Tresnovec,CZ,49.9392227,16.6025357
CZJAB,Jablonné nad Orlicí,Jablonné nad Orlicí,CZ,50.03333,16.6
CZJEN,Jencice,Jencice,CZ,50.48333,14.01667
CZJIE,Jevisovice,Jevisovice,CZ,48.98333,16
CZJK6,Sakvice,Sakvice,CZ,48.9,16.7
CZKAD,Kadan,Kadan,CZ,50.38333,13.26667
CZKKA,Kyselka,Kyselka,CZ,50.2588112,13.0002774
CZKNV,Kralupy nad Vltavou,Kralupy nad Vltavou,CZ,50.23333,14.31667
CZKOQ,Kosor,Kosor,CZ,49.9869962,14.3269237
CZKOR,Korycany,Korycany,CZ,49.1087288,17.1645488
CZKRB,Dobruska,Dobruska,CZ,50.2921062,16.1605457
CZKSL,Kostelec nad Labem,Kostelec nad Labem,CZ,50.23333,14.6
CZKUV,Karolinka,Karolinka,CZ,49.35,18.25
CZLBC,Lubenec,Lubenec,CZ,50.1320738,13.313189
CZLCC,Lulec,Lulec,CZ,49.2534925,16.9286484
CZLEC,Lechovice,Lechovice,CZ,48.8645416,16.2129088
CZLOB,Lobodice,Lobodice,CZ,49.4,17.28333
CZLOD,Lodenice,Lodenice,CZ,49.0106067,16.4497105
CZLOE,Letovice,Letovice,CZ,49.5467115,16.5738843
CZLUK,Lochovice,Lochovice,CZ,49.85,13.98333
CZMCE,Cimelice,Cimelice,CZ,49.4655743,14.0692229
CZMIB,Milotice nad Becvou,Milotice nad Becvou,CZ,49.53333,17.83333
CZMNV,Michnov,Michnov,CZ,49.6,16.88333
CZMOR,Moravicany,Moravicany,CZ,49.7569362,16.9604209
CZMRA,Moravsky Pisek,Moravsky Pisek,CZ,48.9901643,17.3326865
CZMYT,Myto/Cesky Krumlov,Myto/Cesky Krumlov,CZ,48.78333,14.16667
CZNEH,Nehvizdy,Nehvizdy,CZ,50.13333,14.73333
CZNET,Netolice,Netolice,CZ,49.05,14.2
CZNKN,Sedlec,Sedlec,CZ,49.16667,14.33333
CZNRT,Neratovice,Neratovice,CZ,50.26667,14.51667
CZNVV,Nový Vestec,Nový Vestec,CZ,50.18333,14.71667
CZOCX,Opocno,Opocno,CZ,50.26667,16.11667
CZODO,Odolena Voda,Odolena Voda,CZ,50.2334117,14.4107808
CZOSI,Osice,Osice,CZ,50.15,15.68333
CZOVK,Smrzovka,Smrzovka,CZ,50.73333,15.25
CZOVV,Novy Knin,Novy Knin,CZ,49.7871435,14.2907781
CZPAO,Osik,Osik,CZ,49.8435464,16.2846656
CZPAU,Plana u Marianskych Lazni,Plana u Marianskych Lazni,CZ,49.86667,12.75
CZPNA,Polna,Polna,CZ,49.4873383,15.7188513
CZPNJ,Police nad Metují,Police nad Metují,CZ,50.53333,16.23333
CZPOP,Popuvky,Popuvky,CZ,49.1773947,16.4877634
CZRAJ,Rajhrad,Rajhrad,CZ,49.0890629,16.6030548
CZRAU,Radonice,Radonice,CZ,50.1376638,14.6098751
CZRDN,Radonice,Radonice,CZ,50.1376638,14.6098751
CZRNH,Kralice na Hané,Kralice na Hané,CZ,49.45,17.18333
CZSDO,Sviadnov,Sviadnov,CZ,49.7,18.35
CZSEM,Semcice,Semcice,CZ,50.3684014,15.0067462
CZSK5,Dolní Jircany,Dolní Jircany,CZ,49.95,14.53333
CZSKJ,Dehtary,Dehtary,CZ,50.6394103,15.0448547
CZSMO,Smíchov,Smíchov,CZ,50.06667,14.4
CZSPC,Stary Plzenec,Stary Plzenec,CZ,49.6978507,13.4735561
CZSTA,Slatina,Slatina,CZ,49.0165114,16.023131
CZSTE,Stechovice,Stechovice,CZ,49.85,14.4
CZSTT,Stetí,Stetí,CZ,50.45,14.38333
CZTIS,Tisnov,Tisnov,CZ,49.35,16.43333
CZTNN,Blatna,Blatna,CZ,49.4239848,13.8840972
CZTOM,Touzim,Touzim,CZ,50.06667,12.98333
CZTUC,Tuchomerice,Tuchomerice,CZ,50.13333,14.28333
CZTVA,Tanvald,Tanvald,CZ,50.73333,15.3
CZULN,Ustí nad Labem,Ustí nad Labem,CZ,50.66667,14.03333
CZVAA,Veverská Bityska,Veverská Bityska,CZ,49.28333,16.45
CZVES,Velika Ves,Velika Ves,CZ,50.2436149,14.4550778
CZVKA,Trnavka,Trnavka,CZ,50.03333,15.46667
CZVRY,Volary,Volary,CZ,48.9095977,13.8883971
CZXUY,Prague-Vinohrady,Prague-Vinohrady,CZ,50.06667,14.45
CZZLY,Kvasice,Kvasice,CZ,49.25,17.46667
DE23A,Leinatal,Leinatal,DE,50.9,10.63333
DE2RO,Rödersheim,Rödersheim,DE,49.43333,8.25
DE3L4,Hoppegarten,Hoppegarten,DE,52.51667,13.66667
DE64Z,Niendorf Ostsee,Niendorf Ostsee,DE,54,10.81667
DE69S,Wittdün,Wittdün,DE,54.63333,8.4
DE6NK,Langsur,Langsur,DE,49.71667,6.5
DE73A,Langballig,Langballig,DE,54.8,9.63333
DEAAD,Landkreis Ammerland,Landkreis Ammerland,DE,53.21667,8.01667
DEAAH,Aachen,Aachen,DE,50.76667,6.08333
DEABF,Abbenfleth,Abbenfleth,DE,53.66667,9.48333
DEABH,Abbehausen,Abbehausen,DE,53.48333,8.43333
DEABL,Abbesbüttel,Abbesbüttel,DE,52.35,10.56667
DEABO,Alt Bork,Alt Bork,DE,52.18333,12.86667
DEABR,Abenberg,Abenberg,DE,49.2335534,10.9320562
DEADT,Weinstadt,Weinstadt,DE,48.81667,9.36667
DEAEB,Babelsberg,Babelsberg,DE,52.38333,13.11667
DEAGB,Augsburg,Augsburg,DE,48.3690341,10.8979522
DEAGE,Wangerooge,Wangerooge,DE,53.8,7.9
DEAHC,Ahlbeck,Ahlbeck,DE,53.66667,14.2
DEAHH,Walderbach,Walderbach,DE,49.1860553,12.3787878
DEAHO,Ahlhorn,Ahlhorn,DE,52.8999525,8.2161456
DEAHU,Am Hund,Am Hund,DE,51.0627444,6.0754238
DEAIT,Aitrach,Aitrach,DE,47.95,10.08333
DEALF,Alfeld/Leine,Alfeld/Leine,DE,51.9869477,9.8253376
DEALT,Altena,Altena,DE,51.2990263,7.6734841
DEAMB,Amberg,Amberg,DE,49.43333,11.86667
DEAML,Amelsbüren,Amelsbüren,DE,51.88333,7.6
DEAMR,Achmer,Achmer,DE,52.4,7.93333
DEAND,Andernach,Andernach,DE,50.43333,7.4
DEANE,Wanne-Eickel,Wanne-Eickel,DE,51.53333,7.16667
DEANK,Anklam,Anklam,DE,53.8560526,13.688091
DEANR,Altenbruch Reede,Altenbruch Reede,DE,53.85,8.8
DEAPE,Apen,Apen,DE,53.21667,7.8
DEAPN,Apensen,Apensen,DE,53.4352841,9.6163207
DEAQ2,Pförring,Pförring,DE,48.81667,11.68333
DEAQF,Alf,Alf,DE,50.05,7.11667
DEARL,Ammerland,Ammerland,DE,47.9,11.33333
DEARN,Arnsberg,Arnsberg,DE,51.38333,8.08333
DEASC,Aschaffenburg,Aschaffenburg,DE,49.9738133,9.1446665
DEASE,Arendsee,Arendsee,DE,52.88333,11.48333
DEASR,Babelsberg,Babelsberg,DE,52.3922047,13.1080127
DEASS,Assel,Assel,DE,53.6909025,9.4350989
DEATL,Altenlingen,Altenlingen,DE,52.55,7.3
DEAUG,Augustfehn,Augustfehn,DE,53.21667,7.76667
DEAUL,Aulendorf,Aulendorf,DE,47.9528162,9.6409331
DEAUO,Audorf,Audorf,DE,54.31667,9.71667
DEAUR,Aurich,Aurich,DE,53.46667,7.48333
DEAWI,Zwiefalten,Zwiefalten,DE,48.2331643,9.4614966
DEAWR,Achterwehr,Achterwehr,DE,54.31667,9.96667
DEAXB,Alsleben,Alsleben,DE,51.7,11.66667
DEB85,Schwindegg,Schwindegg,DE,48.26667,12.25
DEBAM,Bamberg,Bamberg,DE,49.8916044,10.8868478
DEBAS,Basbeck,Basbeck,DE,53.68333,9.18333
DEBBG,Brandenburg,Brandenburg,DE,52.41667,12.55
DEBBH,Barth,Barth,DE,54.3690547,12.7258585
DEBBI,Bietigheim-Bissingen,Bietigheim-Bissingen,DE,48.9493243,9.1364229
DEBBV,Bad Bevensen,Bad Bevensen,DE,53.08333,10.58333
DEBCO,Bockholdt,Bockholdt,DE,52.886579,10.783262
DEBCT,Borschütz,Borschütz,DE,51.4078187,13.2188727
DEBCW,Brachwitz,Brachwitz,DE,51.53333,11.86667
DEBDA,Brodenbach,Brodenbach,DE,50.21667,7.45
DEBDF,Bendorf/Rhein,Bendorf/Rhein,DE,50.41667,7.56667
DEBDS,Bad Schandau,Bad Schandau,DE,50.9247388,14.2153046
DEBEI,Beidenfleth,Beidenfleth,DE,53.8788485,9.4141734
DEBEK,Bernkastel-Kues,Bernkastel-Kues,DE,49.9157398,7.0708181
DEBEN,Bensersiel,Bensersiel,DE,53.68333,7.58333
DEBER,Berlin,Berlin,DE,52.51667,13.38333
DEBES,Bad Essen,Bad Essen,DE,52.31667,8.33333
DEBEU,Bullenhausen,Bullenhausen,DE,53.45,10.08333
DEBEV,Beverungen,Beverungen,DE,51.6676535,9.3759072
DEBEZ,Bahlingen,Bahlingen,DE,48.11667,7.73333
DEBFF,Boffzen,Boffzen,DE,51.75,9.38333
DEBFH,Bad Friedrichshall,Bad Friedrichshall,DE,49.2280136,9.2101479
DEBFL,Borsfleth,Borsfleth,DE,53.826641,9.4307214
DEBGL,Bergisch Gladbach,Bergisch Gladbach,DE,50.98333,7.13333
DEBGO,Bad Godesberg,Bad Godesberg,DE,50.6850682,7.156323
DEBHE,Bad Hersfeld,Bad Hersfeld,DE,50.8681341,9.7068481
DEBIN,Bingen am Rhein,Bingen am Rhein,DE,49.96667,7.88333
DEBIW,Bindow,Bindow,DE,52.28333,13.75
DEBKE,Brake,Brake,DE,53.33333,8.48333
DEBKF,Biedenkopf,Biedenkopf,DE,50.91958,8.53771
DEBKW,Beeskow,Beeskow,DE,52.16667,14.23333
DEBLD,Burglengenfeld,Burglengenfeld,DE,49.2,12.03333
DEBLM,Blumenthal/Bremen,Blumenthal/Bremen,DE,53.18333,8.58333
DEBMK,Borkum,Borkum,DE,53.58333,6.66667
DEBMN,Bermatingen,Bermatingen,DE,47.73333,9.33333
DEBMO,Börgemoor,Börgemoor,DE,53.01667,7.5
DEBMR,Baltrum,Baltrum,DE,53.73333,7.36667
DEBMV,Bremervörde,Bremervörde,DE,53.48333,9.13333
DEBNK,Brink,Brink,DE,52.43333,9.73333
DEBOC,Bockhorst,Bockhorst,DE,52.0743773,8.2026583
DEBOE,Böblingen,Böblingen,DE,48.684969,9.0113444
DEBOF,Berndshof,Berndshof,DE,53.7335668,14.0964302
DEBOI,Boizenburg,Boizenburg,DE,53.38333,10.71667
DEBOK,Bokel,Bokel,DE,53.38333,8.76667
DEBON,Bonn,Bonn,DE,50.7352621,7.1024635
DEBOT,Bottrop,Bottrop,DE,51.521581,6.929204
DEBOY,Bad Oeynhausen,Bad Oeynhausen,DE,52.2014399,8.7981244
DEBQ2,Birklar,Birklar,DE,50.5,8.81667
DEBRA,Bramel,Bramel,DE,53.55,8.7
DEBRB,Brunsbüttel,Brunsbüttel,DE,53.8972549,9.1395423
DEBRE,Bremen,Bremen,DE,53.0758196,8.8071646
DEBRG,Burg/Dithmarschen,Burg/Dithmarschen,DE,54,9.266667
DEBRI,Brilon,Brilon,DE,51.3955721,8.5677743
DEBRK,Barnkrug,Barnkrug,DE,53.68333,9.46667
DEBRM,Bramsche,Bramsche,DE,52.4075184,7.9791742
DEBRN,Börnsen,Börnsen,DE,53.4762007,10.2840403
DEBRO,Brohl-Lützing,Brohl-Lützing,DE,50.4836789,7.3276038
DEBRT,Breitenberg,Breitenberg,DE,48.703893,13.7940027
DEBRV,Bremerhaven,Bremerhaven,DE,53.53333,8.6
DEBSA,Bad Säckingen,Bad Säckingen,DE,47.5527459,7.9410556
DEBSH,Breisach,Breisach,DE,48.0226167,7.6040544
DEBSI,Bubsheim,Bubsheim,DE,48.11667,8.81667
DEBSK,Burgstaaken/Fehmarn,Burgstaaken/Fehmarn,DE,54.424167,11.191111
DEBTA,Bortfeld,Bortfeld,DE,52.3,10.4
DEBTC,Bodenteich,Bodenteich,DE,52.85,10.66667
DEBTF,Brahlstorf,Brahlstorf,DE,53.7,11.55
DEBTI,Bertingen,Bertingen,DE,52.35,11.83333
DEBUL,Bühl,Bühl,DE,48.68333,8.13333
DEBUM,Büsum,Büsum,DE,54.1298489,8.8586989
DEBUT,Butjadingen,Butjadingen,DE,53.58333,8.36667
DEBUX,Buxtehude,Buxtehude,DE,53.45,9.7
DEBUZ,Bützfleth,Bützfleth,DE,53.66667,9.48333
DEBWE,Braunschweig,Braunschweig,DE,52.26667,10.5
DEBWJ,Niebelsbach,Niebelsbach,DE,48.88333,8.56667
DEBWQ,Birkweiler,Birkweiler,DE,49.2,8.03333
DEBXB,Boxberg,Boxberg,DE,49.48333,9.63333
DEBYT,Borgstedt,Borgstedt,DE,54.33333,9.71667
DEBYW,Weissenbrunn,Weissenbrunn,DE,50.1915675,11.3407037
DEBZQ,Burgstädt,Burgstädt,DE,50.91667,12.81667
DEBZR,Binz,Binz,DE,54.4,13.6
DEBZS,Beddingen,Beddingen,DE,52.18333,10.41667
DECAR,Carolinensiel,Carolinensiel,DE,53.7,7.8
DECCC,Leimbach,Leimbach,DE,50.0247623,6.2562458
DECGN,Köln,Köln,DE,50.95,6.93333
DECH5,Niederkaina,Niederkaina,DE,51.2,14.48333
DECHI,Chiemsee,Chiemsee,DE,47.8741947,12.426273
DECHL,Schulau,Schulau,DE,53.58333,9.7
DECKH,Blankenheim,Blankenheim,DE,50.43333,6.65
DECKK,Bockenem,Bockenem,DE,52.01667,10.13333
DECKL,Kiel Canal,Kiel Canal,DE,54.2081189,9.5721775
DECOC,Cochem,Cochem,DE,50.1483916,7.1663195
DECPZ,Copitz,Copitz,DE,50.96667,13.93333
DECRL,Castrop-Rauxel,Castrop-Rauxel,DE,51.55,7.3
DECRR,Crossen an der Elster,Crossen an der Elster,DE,50.96667,11.96667
DECUM,Cumlosen,Cumlosen,DE,53.01667,11.65
DECUX,Cuxhaven,Cuxhaven,DE,53.88333,8.7
DECWN,Schwaan,Schwaan,DE,53.95,12.11667
DECYN,Castell,Castell,DE,49.7410709,10.3511276
DEDAD,Daaden,Daaden,DE,50.7391746,7.96766
DEDAG,Dagebüll,Dagebüll,DE,54.7306651,8.7130636
DEDAN,Dangast,Dangast,DE,53.45,8.11667
DEDAP,Damp,Damp,DE,54.583368,10.0227108
DEDAT,Datteln,Datteln,DE,51.651468,7.3385906
DEDCH,Bacharach,Bacharach,DE,50.05,7.76667
DEDDD,Letmathe,Letmathe,DE,51.36667,7.6
DEDE3,Dombühl,Dombühl,DE,49.25,10.28333
DEDE8,Laubenheim,Laubenheim,DE,49.91667,7.9
DEDEB,Deuben,Deuben,DE,51.11667,12.06667
DEDEE,Senden,Senden,DE,51.8549598,7.4883046
DEDEG,Deggendorf,Deggendorf,DE,48.8333535,12.96205
DEDEO,Oberthal,Oberthal,DE,49.51667,7.1
DEDEU,Dernau,Dernau,DE,50.53333,7.03333
DEDFN,Dettighofen,Dettighofen,DE,47.6240598,8.4851391
DEDFX,Niederdollendorf,Niederdollendorf,DE,50.7,7.18333
DEDGA,Deggenau,Deggenau,DE,48.81667,12.98333
DEDHM,Diersheim,Diersheim,DE,48.65,7.88333
DEDIA,Dierhagen,Dierhagen,DE,54.3,12.36667
DEDIN,Dinslaken,Dinslaken,DE,51.5623618,6.7345106
DEDIT,Ditzum,Ditzum,DE,53.31667,7.28333
DEDMG,Dormagen,Dormagen,DE,51.08333,6.81667
DEDMN,Demmin,Demmin,DE,53.9,13.03333
DEDNR,Derenburg,Derenburg,DE,51.86667,10.91667
DEDNT,Dorenthe,Dorenthe,DE,52.21667,7.68333
DEDOB,Dornbusch,Dornbusch,DE,53.734048,9.3463287
DEDON,Dorsten,Dorsten,DE,51.66667,6.96667
DEDOW,Donauwörth,Donauwörth,DE,48.7180364,10.7807299
DEDR5,Drebber,Drebber,DE,52.65,8.43333
DEDRA,Dranske,Dranske,DE,54.6306404,13.2296614
DEDRO,Drochtersen,Drochtersen,DE,53.7,9.38333
DEDRP,Dörpen,Dörpen,DE,52.95,7.31667
DEDRS,Dresden,Dresden,DE,51.0493286,13.7381437
DEDSB,Diesbar,Diesbar,DE,51.25,13.41667
DEDSC,Dinkelscherben,Dinkelscherben,DE,48.35,10.58333
DEDSU,Dersum,Dersum,DE,52.96667,7.28333
DEDT8,Dittersdorf,Dittersdorf,DE,50.75,12.11667
DEDTM,Dortmund,Dortmund,DE,51.5,7.48333
DEDUI,Duisburg,Duisburg,DE,51.46667,6.75
DEDUL,Dusslingen,Dusslingen,DE,48.45,9.05
DEDUS,Düsseldorf,Düsseldorf,DE,51.23333,6.78333
DEDVE,Dörverden,Dörverden,DE,52.85,9.23333
DEDWD,Dannenwalde,Dannenwalde,DE,53.08333,13.18333
DEEAM,Erlenbach am Main,Erlenbach am Main,DE,49.8,9.16667
DEEAU,Erlau,Erlau,DE,51.01667,12.93333
DEEAX,Effeldorf,Effeldorf,DE,49.8,10.08333
DEEBB,Eberbach,Eberbach,DE,49.46667,8.98333
DEEBI,Ehrenbreitstein,Ehrenbreitstein,DE,50.35,7.61667
DEECK,Eckernförde,Eckernförde,DE,54.4716456,9.8374947
DEEDD,Eiderdeich,Eiderdeich,DE,54.28333,9.4
DEEDI,Edingen,Edingen,DE,49.43333,8.6
DEEEM,Leimersheim,Leimersheim,DE,49.1240387,8.3454283
DEEFE,Gräfenhainichen,Gräfenhainichen,DE,51.71667,12.45
DEEGC,Eching/Landshut,Eching/Landshut,DE,48.51667,12.06667
DEEGJ,Eggermühlen,Eggermühlen,DE,52.56667,7.81667
DEEGL,Eggenstein-Leopoldshafen,Eggenstein-Leopoldshafen,DE,49.088332,8.4003114
DEEHI,Ehingen,Ehingen,DE,48.28333,9.73333
DEEHM,Senheim,Senheim,DE,50.08333,7.2
DEEHS,Eisenhüttenstadt,Eisenhüttenstadt,DE,52.15,14.65
DEELB,Ellerbek,Ellerbek,DE,54.33333,10.18333
DEELF,Elsenfeld,Elsenfeld,DE,49.83333,9.15
DEELG,Belgern,Belgern,DE,51.48333,13.11667
DEELM,Elmshorn,Elmshorn,DE,53.7532486,9.6524559
DEELS,Elsfleth,Elsfleth,DE,53.23333,8.46667
DEEM4,Emersacker,Emersacker,DE,48.5,10.66667
DEEME,Emden,Emden,DE,53.36667,7.21667
DEEMM,Emmerich,Emmerich,DE,51.8322137,6.2428283
DEEOM,Eggolsheim,Eggolsheim,DE,49.76667,11.05
DEERA,Watzerath,Watzerath,DE,50.18333,6.35
DEERX,Biere,Biere,DE,51.96667,11.65
DEERY,Ering,Ering,DE,48.3,13.15
DEESF,Estorf/Weser,Estorf/Weser,DE,52.5884139,9.1416519
DEESS,Essen,Essen,DE,51.4582235,7.0158171
DEESU,Emmelsum,Emmelsum,DE,51.6,6.6
DEETN,Elten,Elten,DE,51.86667,6.15
DEETY,Ettal,Ettal,DE,47.56667,11.1
DEEUT,Eutin,Eutin,DE,54.1364642,10.6159077
DEEZH,Elzach,Elzach,DE,48.16667,8.06667
DEEZN,Lenzen,Lenzen,DE,53.08333,11.43333
DEFBR,Falkenberg,Falkenberg,DE,52.8053764,13.9560526
DEFDH,Friedrichshafen,Friedrichshafen,DE,47.6500279,9.4800858
DEFER,Neu-Kupfer,Neu-Kupfer,DE,49.1805976,9.6938736
DEFES,Freistett,Freistett,DE,48.66667,7.95
DEFFO,Frankfurt/Oder,Frankfurt/Oder,DE,52.35,14.55
DEFHE,Frielendorf,Frielendorf,DE,50.98333,9.33333
DEFHL,Friedrichsfeld,Friedrichsfeld,DE,51.63333,6.65
DEFHM,Fellheim,Fellheim,DE,48.06667,10.15
DEFLF,Flensburg,Flensburg,DE,54.7833021,9.4333264
DEFNW,Fritzdorf,Fritzdorf,DE,50.6,7.1
DEFRA,Frankfurt am Main,Frankfurt am Main,DE,50.11667,8.68333
DEFRE,Fresenburg,Fresenburg,DE,52.88333,7.3
DEFRI,Friedrichstadt,Friedrichstadt,DE,54.3760004,9.0897716
DEFRR,Frauenau,Frauenau,DE,48.98333,13.3
DEFSH,Framersheim,Framersheim,DE,49.75,8.16667
DEFWH,Friedrich-Wilhelmshutte,Friedrich-Wilhelmshutte,DE,50.8,7.15
DEFYE,Friesoythe,Friesoythe,DE,53.01667,7.85
DEGAO,Gau Odernheim,Gau Odernheim,DE,49.78333,8.18333
DEGBX,Barbing,Barbing,DE,49,12.2
DEGDO,Godorf,Godorf,DE,50.85,6.96667
DEGDZ,Gudderath,Gudderath,DE,51.11667,6.43333
DEGEK,Gelsenkirchen,Gelsenkirchen,DE,51.51667,7.11667
DEGEL,Gelting,Gelting,DE,54.7468969,9.8969663
DEGEM,Gemünden,Gemünden,DE,50.064477,9.6933753
DEGER,Germersheim,Germersheim,DE,49.2222749,8.36659
DEGEV,Geversdorf,Geversdorf,DE,53.7954754,9.0781994
DEGFD,Gersfeld,Gersfeld,DE,50.45,9.95
DEGFF,Grafschaft,Grafschaft,DE,50.58333,7.06667
DEGHM,Gernsheim,Gernsheim,DE,49.7466,8.5112
DEGHZ,Gersheim,Gersheim,DE,49.15,7.21667
DEGIG,Ginsheim-Gustavsburg,Ginsheim-Gustavsburg,DE,49.9845346,8.3254964
DEGIT,Gittelde,Gittelde,DE,51.7974116,10.1882695
DEGJ9,Mengkofen,Mengkofen,DE,48.7219544,12.4213694
DEGKG,Gross Krotzenburg,Gross Krotzenburg,DE,50.08333,8.98333
DEGKR,Goldkronach,Goldkronach,DE,50.01667,11.68333
DEGL3,Müglitztal,Müglitztal,DE,50.93333,13.83333
DEGLK,Glücksburg,Glücksburg,DE,54.83333,9.55
DEGLU,Glückstadt,Glückstadt,DE,53.787927,9.4238157
DEGMN,Grimmen,Grimmen,DE,54.11667,13.05
DEGMR,Grimberg,Grimberg,DE,51.05,7.15
DEGMV,Graal-Müritz,Graal-Müritz,DE,54.25,12.23333
DEGNL,Gelbensande,Gelbensande,DE,54.2,12.3
DEGNP,Ginepp,Ginepp,DE,50.58333,12.15
DEGNR,Grau Rheindorf,Grau Rheindorf,DE,50.75,7.06667
DEGNU,Gronau,Gronau,DE,52.21667,7.03333
DEGNX,Gutenberg,Gutenberg,DE,49.88333,7.8
DEGO4,Gössenheim,Gössenheim,DE,50.01667,9.78333
DEGPR,Groppenbruch,Groppenbruch,DE,51.56667,7.36667
DEGRD,Greifswald,Greifswald,DE,54.095791,13.3815238
DEGRE,Greetsiel,Greetsiel,DE,53.5,7.1
DEGRO,Grossenbrode,Grossenbrode,DE,54.38333,11.08333
DEGS5,Gilserberg,Gilserberg,DE,50.95,9.06667
DEGSA,Grosslehna,Grosslehna,DE,51.28333,12.15
DEGSI,Grossensiel,Grossensiel,DE,53.46667,8.48333
DEGST,Geeste,Geeste,DE,52.6,7.26667
DEGTR,Gohlis,Gohlis,DE,51.35,13.28333
DEGUE,Gusen,Gusen,DE,52.35,11.96667
DEGUG,Günzburg,Günzburg,DE,48.4689783,10.2745279
DEGUZ,Urmitz,Urmitz,DE,50.4,7.51667
DEGXG,Gager,Gager,DE,54.3,13.68333
DEGXN,Gimmeldingen,Gimmeldingen,DE,49.36667,8.15
DEGXR,Gröde,Gröde,DE,54.63333,8.71667
DEGXS,Gaussig,Gaussig,DE,51.11667,14.31667
DEGYM,Mainzlar,Mainzlar,DE,50.6601021,8.7440006
DEGZG,Grosszerlang,Grosszerlang,DE,53.18333,12.95
DEHAF,Hafenlohr,Hafenlohr,DE,49.8679918,9.598114
DEHAJ,Hannover,Hannover,DE,52.36667,9.71667
DEHAM,Hamburg,Hamburg,DE,53.51667,9.93333
DEHAN,Hameln,Hameln,DE,52.1,9.35
DEHAO,Hasloch,Hasloch,DE,49.78333,9.48333
DEHAS,Hassfurt,Hassfurt,DE,50.042783,10.5086158
DEHAU,Hanau,Hanau,DE,50.13333,8.9
DEHBO,Homberg,Homberg,DE,51.45,6.68333
DEHBR,Herbrum,Herbrum,DE,53.03333,7.31667
DEHBU,Harburg,Harburg,DE,53.46667,9.98333
DEHCS,Höchst/Frankfurt am Main,Höchst/Frankfurt am Main,DE,50.1,8.55
DEHD8,Hitdorf,Hitdorf,DE,51.06667,6.93333
DEHDI,Hiddingsel,Hiddingsel,DE,51.83333,7.4
DEHE5,Heimersheim,Heimersheim,DE,49.76667,8.08333
DEHED,Heikendorf,Heikendorf,DE,54.3692543,10.2026135
DEHEE,Herne,Herne,DE,51.55,7.21667
DEHEI,Heidelberg,Heidelberg,DE,49.41667,8.7
DEHEN,Heilbronn,Heilbronn,DE,49.142291,9.218655
DEHGE,Hooge,Hooge,DE,54.56667,8.55
DEHGL,Helgoland,Helgoland,DE,54.16667,7.88333
DEHGZ,Hergatz,Hergatz,DE,47.65,9.83333
DEHH7,Hauneck,Hauneck,DE,50.81667,9.73333
DEHHF,Heiligenhafen,Heiligenhafen,DE,54.3717445,10.9809235
DEHHL,Hehlen,Hehlen,DE,51.98333,9.46667
DEHHO,Grosseichholzheim,Grosseichholzheim,DE,49.45,9.28333
DEHHS,Hohenhorn,Hohenhorn,DE,53.4762046,10.3687668
DEHHV,Altenwerder,Altenwerder,DE,53.51667,9.91667
DEHIE,Hille,Hille,DE,52.3360492,8.7452571
DEHJK,Roschbach,Roschbach,DE,49.23333,8.11667
DEHLH,Haldensleben,Haldensleben,DE,52.2911243,11.4132719
DEHLN,Hollenstedt,Hollenstedt,DE,51.73333,9.95
DEHLO,Haseldorf,Haseldorf,DE,53.63333,9.6
DEHLP,Hiltrup,Hiltrup,DE,51.9,7.63333
DEHME,Hattenheim,Hattenheim,DE,50.01667,8.05
DEHML,Helmlingen,Helmlingen,DE,48.7,7.96667
DEHMM,Hamm,Hamm,DE,51.68333,7.8
DEHMO,Hemmoor,Hemmoor,DE,53.7,9.11667
DEHNF,Hennigsdorf,Hennigsdorf,DE,52.63333,13.21667
DEHO4,Hochstadt,Hochstadt,DE,49.23333,8.2
DEHOB,Horb,Horb,DE,48.4447943,8.6914794
DEHOD,Hochdonn,Hochdonn,DE,54.0232028,9.2871252
DEHOJ,Hohenhameln,Hohenhameln,DE,52.26667,10.06667
DEHOO,Hooksiel,Hooksiel,DE,53.63333,8.01667
DEHOS,Horumersiel,Horumersiel,DE,53.68333,8.01667
DEHOX,Höxter,Höxter,DE,51.7746581,9.3815815
DEHPE,Hoopte,Hoopte,DE,53.4,10.16667
DEHRB,Horneburg,Horneburg,DE,53.508793,9.577211
DEHRC,Heinrichsberg,Heinrichsberg,DE,52.26667,11.73333
DEHRE,Hirzenhain,Hirzenhain,DE,50.4,9.13333
DEHRM,Hörnum/Sylt,Hörnum/Sylt,DE,54.7585008,8.2886863
DEHRN,Haren/Ems,Haren/Ems,DE,52.7905619,7.2400267
DEHRO,Hubertushöhe,Hubertushöhe,DE,52.23333,13.96667
DEHRT,Herten,Herten,DE,51.6,7.13333
DEHRX,Hallig,Hallig,DE,54.5693651,8.5450394
DEHSA,Hohensaaten,Hohensaaten,DE,52.86667,14.15
DEHSB,Hörselberg,Hörselberg,DE,50.96667,10.41667
DEHSI,Heidesheim,Heidesheim,DE,50,8.13333
DEHSJ,Steinhorst,Steinhorst,DE,52.68333,10.4
DEHSU,Hundsmühlen,Hundsmühlen,DE,53.1,8.18333
DEHSX,Harlesiel,Harlesiel,DE,53.7,7.8
DEHTJ,Hamburg-Mitte,Hamburg-Mitte,DE,53.55,10.01667
DEHTU,Holtenau,Holtenau,DE,54.3724973,10.1361679
DEHUB,Berggiesshübel,Berggiesshübel,DE,50.86667,13.93333
DEHUS,Husum,Husum,DE,54.4854137,9.0537941
DEHUX,Hünsborn,Hünsborn,DE,50.93333,7.88333
DEHZN,Holzminden,Holzminden,DE,51.81667,9.45
DEHZZ,Huttingen,Huttingen,DE,47.66667,7.53333
DEIAM,Amrum,Amrum,DE,54.65,8.35
DEIEN,Biene,Biene,DE,52.56667,7.28333
DEIEW,Schwielowsee,Schwielowsee,DE,52.33333,12.96667
DEIGH,Igersheim,Igersheim,DE,49.5,9.81667
DEIHL,Ihlow,Ihlow,DE,51.8678267,13.3381237
DEILE,Albersweiler,Albersweiler,DE,49.21667,8.01667
DEILH,Lich,Lich,DE,50.51667,8.81667
DEING,Ingolstadt,Ingolstadt,DE,48.76667,11.43333
DEINM,Ingelheim,Ingelheim,DE,49.9752749,8.0547274
DEISP,Ispringen,Ispringen,DE,48.91667,8.66667
DEISU,Issum,Issum,DE,51.53333,6.41667
DEITH,Grieth,Grieth,DE,51.78333,6.31667
DEITN,Weitnau,Weitnau,DE,47.63333,10.11667
DEITZ,Itzehoe,Itzehoe,DE,53.919448,9.5172441
DEIWN,Weinbergen,Weinbergen,DE,51.1950519,10.5338872
DEJEM,Jemgum,Jemgum,DE,53.26667,7.38333
DEJIV,Kettenheim,Kettenheim,DE,49.71667,8.1
DEJSN,Jössen,Jössen,DE,52.4,9
DEJTN,Jettingen,Jettingen,DE,48.38333,10.41667
DEJUI,Juist,Juist,DE,53.68333,7
DEJUY,Hohenau,Hohenau,DE,48.862151,13.5197583
DEKAE,Karlsruhe,Karlsruhe,DE,49.0068705,8.4034195
DEKAM,Kahl am Main,Kahl am Main,DE,50.0682273,9.007909
DEKAP,Kappeln,Kappeln,DE,54.6641769,9.9317595
DEKAR,Karnin,Karnin,DE,54.3,12.8
DEKB6,Kosbach,Kosbach,DE,49.6,10.93333
DEKBN,Karben,Karben,DE,50.2313417,8.7717673
DEKBR,Kinderbeuern,Kinderbeuern,DE,50,7.01667
DEKCO,Kirchmöser,Kirchmöser,DE,52.36667,12.41667
DEKDT,Kallstadt,Kallstadt,DE,49.48333,8.16667
DEKEB,Kelsterbach,Kelsterbach,DE,50.065151,8.5296632
DEKEH,Kehl,Kehl,DE,48.5733977,7.8114002
DEKEL,Kiel,Kiel,DE,54.33333,10.13333
DEKEM,Kelheim,Kelheim,DE,48.91849,11.8722777
DEKEZ,Kellmünz,Kellmünz,DE,48.1278866,10.12938
DEKFT,Segnitz,Segnitz,DE,49.6729065,10.142634
DEKGM,Königsmoor,Königsmoor,DE,53.2346702,9.6375168
DEKGU,Kriegenbrunn,Kriegenbrunn,DE,49.55,10.95
DEKHN,Kellinghusen,Kellinghusen,DE,53.949549,9.7188996
DEKHO,Kochendorf,Kochendorf,DE,49.2,9.2
DEKHU,Karthaus,Karthaus,DE,51.86667,7.3
DEKIE,Kietz,Kietz,DE,52.56667,14.61667
DEKIT,Kitzingen,Kitzingen,DE,49.7473918,10.1538313
DEKKU,Kunkemühle,Kunkemühle,DE,52.4,7.36667
DEKLS,Kesselstadt,Kesselstadt,DE,50.11667,8.88333
DEKLX,Klusserath,Klusserath,DE,49.8423921,6.8471255
DEKMT,Kaimt,Kaimt,DE,50.01667,7.16667
DEKNT,Kreinitz,Kreinitz,DE,51.36667,13.23333
DEKOB,Koblenz am Rhein,Koblenz am Rhein,DE,50.359722,7.597778
DEKOF,Kolenfeld,Kolenfeld,DE,52.38333,9.45
DEKOL,Kollmar,Kollmar,DE,53.7327711,9.4951507
DEKON,Konstanz,Konstanz,DE,47.659216,9.1750718
DEKOW,Königswinter,Königswinter,DE,50.6739719,7.1930989
DEKPE,Kampe,Kampe,DE,53.0820556,7.8356653
DEKPF,Kipfenberg,Kipfenberg,DE,48.95,11.38333
DEKR9,Kronskamp,Kronskamp,DE,53.93333,12.31667
DEKRA,Krautsand,Krautsand,DE,53.75,9.38333
DEKRE,Krefeld,Krefeld,DE,51.33333,6.56667
DEKRV,Kröv,Kröv,DE,49.9784472,7.086691
DEKTN,Kösten,Kösten,DE,50.15,11.01667
DEKUP,Kuppenheim,Kuppenheim,DE,48.81667,8.25
DEKUT,Kurten,Kurten,DE,51.0540204,7.2612771
DEKVG,Kövenig,Kövenig,DE,49.98333,7.11667
DEKWH,Königs Wusterhausen,Königs Wusterhausen,DE,52.28333,13.61667
DEKZB,Kranzberg,Kranzberg,DE,48.4,11.61667
DELAB,Laboe,Laboe,DE,54.4022528,10.2256616
DELAD,Landau in der Pfalz,Landau in der Pfalz,DE,49.2,8.11667
DELAE,Lägerdorf,Lägerdorf,DE,53.8865297,9.5767969
DELAM,Lampertheim,Lampertheim,DE,49.5944958,8.4674561
DELAT,Lathen,Lathen,DE,52.86667,7.31667
DELAW,Langewiesen,Langewiesen,DE,50.66667,10.98333
DELBC,Lübeck,Lübeck,DE,53.866444,10.684738
DELBM,Lubmin,Lubmin,DE,54.13333,13.6
DELCW,Loschwitz,Loschwitz,DE,51.05,13.81667
DELDH,Landshut,Landshut,DE,48.536217,12.1516551
DELDM,Langendamm,Langendamm,DE,54.3,12.46667
DELEE,Leer,Leer,DE,53.2332168,7.4567555
DELER,Elster,Elster,DE,51.83333,12.83333
DELEV,Leverkusen,Leverkusen,DE,51.03333,7
DELEW,Lemwerder,Lemwerder,DE,53.16667,8.61667
DELGB,Langenbach,Langenbach,DE,48.05,8.28333
DELGO,Langeoog,Langeoog,DE,53.75,7.48333
DELGX,Ludwigshöhe,Ludwigshöhe,DE,49.81667,8.35
DELHD,Lahde,Lahde,DE,52.36667,9
DELIA,Leina,Leina,DE,50.9,10.61667
DELIB,Liebenau,Liebenau,DE,52.6,9.1
DELIG,Lingen,Lingen,DE,52.5224659,7.316584
DELIN,Lintelermarsch,Lintelermarsch,DE,53.624167,7.184445
DELIS,List/Sylt,List/Sylt,DE,55.020026,8.436182
DELIU,Lindau,Lindau,DE,47.55,9.68333
DELIZ,Leissnitz,Leissnitz,DE,52.11667,14.21667
DELKI,Lankwitz,Lankwitz,DE,52.43333,13.35
DELLI,Gallin,Gallin,DE,51.83333,12.75
DELLS,Lülsdorf,Lülsdorf,DE,50.83333,6.98333
DELNH,Löhnerheide,Löhnerheide,DE,52.18333,8.68333
DELNU,Lauenburg/Elbe,Lauenburg/Elbe,DE,53.36667,10.56667
DELON,Longuich,Longuich,DE,49.8069349,6.7728954
DELOW,Lunow,Lunow,DE,52.91667,14.11667
DELPH,Leipheim,Leipheim,DE,48.43333,10.23333
DELPQ,Liepgarten,Liepgarten,DE,53.71667,14.01667
DELRC,Lembruch,Lembruch,DE,52.53333,8.35
DELRN,Linz am Rhein,Linz am Rhein,DE,50.56667,7.28333
DELS4,Laussig,Laussig,DE,51.55,12.63333
DELSA,Lassan,Lassan,DE,53.95,13.83333
DELSH,Limeshain,Limeshain,DE,50.2640969,8.9819962
DELSR,Lieser,Lieser,DE,49.91667,7.01667
DELSU,Ludwigsau,Ludwigsau,DE,50.88333,9.73333
DELT9,Lütgenrode,Lütgenrode,DE,51.63333,9.91667
DELTF,Lichterfelde,Lichterfelde,DE,52.86667,13.75
DELUH,Ludwigshafen,Ludwigshafen,DE,49.46667,8.43333
DELYY,Bullay,Bullay,DE,50.0552113,7.1327573
DELZ6,Dölzig,Dölzig,DE,51.35,12.21667
DELZG,Wolzig,Wolzig,DE,52.26667,13.83333
DEM5B,Munchsdorf,Munchsdorf,DE,48.58333,12.9
DEMAG,Magdeburg,Magdeburg,DE,52.1314783,11.6400789
DEMAI,Mainz,Mainz,DE,49.9995205,8.2736253
DEMAM,Malente,Malente,DE,54.16667,10.55
DEMAO,Maasholm,Maasholm,DE,54.6843316,9.9915141
DEMDI,Meiderich,Meiderich,DE,51.46667,6.76667
DEME8,Meineweh,Meineweh,DE,51.08333,11.98333
DEMEI,Meissen,Meissen,DE,51.15,13.48333
DEMEL,Meldorf,Meldorf,DE,54.08988,9.070633
DEMEM,Memmert,Memmert,DE,53.63333,6.9
DEMFL,Malsfeld,Malsfeld,DE,51.08333,9.53333
DEMGW,Mögglingen,Mögglingen,DE,48.81667,9.96667
DEMHA,Schmedehausen,Schmedehausen,DE,52.1,7.71667
DEMHG,Mannheim,Mannheim,DE,49.48333,8.45
DEMHM,Monheim,Monheim,DE,51.0909476,6.8812387
DEMHR,Mehring,Mehring,DE,49.8,6.81667
DEMIB,Misburg,Misburg,DE,52.36667,9.85
DEMID,Minden,Minden,DE,52.28333,8.9
DEMIL,Miltenberg,Miltenberg,DE,49.6903244,9.2462204
DEMIM,Meisenheim,Meisenheim,DE,49.706647,7.6700779
DEMIN,Minsen,Minsen,DE,53.7,7.96667
DEMLO,Marlow,Marlow,DE,54.1556493,12.5725117
DEMMF,Mammendorf,Mammendorf,DE,48.2,11.15
DEMMI,Mamming,Mamming,DE,48.65,12.6
DEMMM,Mommenheim,Mommenheim,DE,49.86667,8.25
DEMMO,Mülheim,Mülheim,DE,49.9,7
DEMNF,Mondorf,Mondorf,DE,50.78333,7.06667
DEMNM,Minheim,Minheim,DE,49.86667,6.93333
DEMNQ,Münster-Sarmsheim,Münster-Sarmsheim,DE,49.95,7.88333
DEMOE,Mölln,Mölln,DE,53.62892,10.6880174
DEMOZ,Motzen,Motzen,DE,53.16667,8.56667
DEMRM,Marcardsmoor,Marcardsmoor,DE,53.45,7.71667
DEMRS,Mariensiel,Mariensiel,DE,53.5,8.05
DEMRU,Mehrum,Mehrum,DE,52.3,10.1
DEMSB,Mittelsbüren,Mittelsbüren,DE,53.13333,8.66667
DEMSH,Mescherin,Mescherin,DE,53.25,14.43333
DEMSK,Martinskirchen,Martinskirchen,DE,51.46667,13.18333
DEMSR,Münster,Münster,DE,51.96667,7.63333
DEMTD,Marktrodach,Marktrodach,DE,50.2491147,11.3900496
DEMUH,Mülheim an der Ruhr,Mülheim an der Ruhr,DE,51.43333,6.88333
DEMUK,Mukran,Mukran,DE,54.4986216,13.5888571
DEMUN,Munster,Munster,DE,52.98333,10.08333
DEMV5,Ferdinandshof,Ferdinandshof,DE,53.66667,13.88333
DEMVD,Dassow,Dassow,DE,53.91667,10.98333
DEMWF,Mittelherwigsdorf,Mittelherwigsdorf,DE,50.91667,14.76667
DEMWW,Monchweiler,Monchweiler,DE,48.1,8.43333
DEMXA,Maxau,Maxau,DE,49.03333,8.31667
DEMXB,Mühlberg,Mühlberg,DE,51.43333,13.21667
DEMXM,Maximiliansau,Maximiliansau,DE,49.03333,8.3
DEMZE,Mellensee,Mellensee,DE,52.18333,13.4
DENBD,Neunkirchen am Brand,Neunkirchen am Brand,DE,49.6126495,11.1300058
DENCA,Neuscharrel,Neuscharrel,DE,53.01667,7.78333
DENCZ,Nieschütz,Nieschütz,DE,51.23333,13.43333
DENDQ,Dreisbach,Dreisbach,DE,50.61667,7.93333
DENED,Neuwied,Neuwied,DE,50.4302393,7.466302
DENEF,Neufeld,Neufeld,DE,53.9100426,9.0221766
DENEH,Neuhaus an der Oste,Neuhaus an der Oste,DE,53.8,9.03333
DENEL,Neuland/Elbe,Neuland/Elbe,DE,53.75,9.33333
DENES,Nessmersiel,Nessmersiel,DE,53.66667,7.35
DENFE,Neef,Neef,DE,50.1,7.13333
DENGH,Niederneuching,Niederneuching,DE,48.25,11.85
DENGL,Neustadt-Glewe,Neustadt-Glewe,DE,53.38333,11.58333
DENHA,Nordenham,Nordenham,DE,53.5,8.48333
DENHE,Nordheim,Nordheim,DE,49.1,9.13333
DENHL,Niehl/Köln,Niehl/Köln,DE,51,6.96667
DENHN,Nordhorn,Nordhorn,DE,52.43333,7.08333
DENHO,Neustadt in Holstein,Neustadt in Holstein,DE,54.1,10.81667
DENHS,Neuharlingersiel,Neuharlingersiel,DE,53.7,7.7
DENIE,Nienburg,Nienburg,DE,52.6386164,9.2056079
DENIH,Hasbergen,Hasbergen,DE,52.2414052,7.9625883
DENMN,Neumagen-Dhron,Neumagen-Dhron,DE,49.85,6.88333
DENN4,Neuleiningen,Neuleiningen,DE,49.53333,8.13333
DENNH,Neuendorf-Hiddensee,Neuendorf-Hiddensee,DE,54.5255058,13.0884344
DENNP,Kenn,Kenn,DE,49.8,6.71667
DENO9,Nöbdenitz,Nöbdenitz,DE,50.86667,12.28333
DENOD,Norden,Norden,DE,53.5942039,7.2067435
DENOE,Norddeich,Norddeich,DE,53.61667,7.15
DENOR,Nordstrand,Nordstrand,DE,54.5,8.88333
DENRD,Norderney,Norderney,DE,53.7056126,7.1438175
DENSC,Neuenschleuse,Neuenschleuse,DE,53.5505229,9.6653891
DENSE,Neuessen,Neuessen,DE,51.5,7
DENSS,Neuss,Neuss,DE,51.18333,6.68333
DENST,Neckarsteinach,Neckarsteinach,DE,49.4221,8.8396
DENSV,Neumarkt-Sankt Veit,Neumarkt-Sankt Veit,DE,48.36667,12.5
DENSY,Nersingen,Nersingen,DE,48.4221206,10.1293435
DENTA,Neckartailfingen,Neckartailfingen,DE,48.61667,9.25
DENUE,Nürnberg,Nürnberg,DE,49.43333,11.06667
DENWC,Kirchhellen,Kirchhellen,DE,51.6,6.93333
DENZE,Neckarzimmern,Neckarzimmern,DE,49.31667,9.15
DENZM,Nahmitz,Nahmitz,DE,52.33333,12.73333
DEOAB,Ober-Abtsteinach,Ober-Abtsteinach,DE,49.53333,8.78333
DEOAN,Oberhausen an der Nahe,Oberhausen an der Nahe,DE,49.78333,7.75
DEOBE,Oberhausen,Oberhausen,DE,51.46667,6.85
DEOEE,Oberwesel,Oberwesel,DE,50.11667,7.71667
DEOEX,Obereiderhafen,Obereiderhafen,DE,54.3,9.66667
DEOFF,Offenbach,Offenbach,DE,50.1,8.76667
DEOGO,Ostseebad Goehren,Ostseebad Goehren,DE,54.33333,13.73333
DEOHE,Rothensee,Rothensee,DE,52.18333,11.66667
DEOHL,Wohlenberg,Wohlenberg,DE,53.93333,11.25
DEOIN,Blossin,Blossin,DE,52.25,13.78333
DEOKE,Schönebeck,Schönebeck,DE,52.01667,11.73333
DEOKG,Ostseebad Kuhlungsborn,Ostseebad Kuhlungsborn,DE,54.15,11.75
DEOKY,Oberkotzau,Oberkotzau,DE,50.26667,11.93333
DEOLB,Oldenbüttel,Oldenbüttel,DE,54.1689731,9.4527
DEOLD,Oldendorf,Oldendorf,DE,53.45,8.51667
DEOLK,Wolkenstein,Wolkenstein,DE,50.65,13.06667
DEOLM,Ober-Olm,Ober-Olm,DE,49.9386027,8.1932939
DEOLO,Oldenburg,Oldenburg,DE,53.16667,8.2
DEOLP,Olpenitz,Olpenitz,DE,54.6639587,9.9906811
DEOLU,Oldersum,Oldersum,DE,53.33333,7.33333
DEONG,Longen,Longen,DE,49.8,6.78333
DEOPP,Oppenheim,Oppenheim,DE,49.8527604,8.3548557
DEORM,Ober-Mörlen,Ober-Mörlen,DE,50.36667,8.68333
DEORS,Orsoy,Orsoy,DE,51.51667,6.68333
DEORT,Orth/Fehmarn,Orth/Fehmarn,DE,54.45,11.05
DEOSB,Ossenberg,Ossenberg,DE,51.56667,6.56667
DEOSL,Osloss,Osloss,DE,52.46667,10.68333
DEOSN,Osnabrück,Osnabrück,DE,52.26667,8.05
DEOSR,Ostermoor,Ostermoor,DE,53.9,9.18333
DEOSW,Oestrich-Winkel,Oestrich-Winkel,DE,50,8
DEOTK,Oortkaten,Oortkaten,DE,53.43333,10.1
DEOTT,Otterndorf,Otterndorf,DE,53.8,8.9
DEOWH,Hohenwarthe,Hohenwarthe,DE,52.23333,11.71667
DEOWT,Oberwinter,Oberwinter,DE,50.6,7.2
DEPAH,Pahlhude,Pahlhude,DE,54.26667,9.31667
DEPAP,Papenburg,Papenburg,DE,53.06667,7.4
DEPAS,Passau,Passau,DE,48.56667,13.45
DEPCE,Pruchten,Pruchten,DE,54.38333,12.66667
DEPEF,Peenemünde,Peenemünde,DE,54.13333,13.78333
DEPEI,Peine,Peine,DE,52.31667,10.23333
DEPEL,Pellworm,Pellworm,DE,54.51667,8.63333
DEPEN,Pente,Pente,DE,52.38333,7.96667
DEPFR,Pfronten,Pfronten,DE,47.58333,10.55
DEPIN,Pinneberg,Pinneberg,DE,53.6615177,9.7967897
DEPJQ,Nusplingen,Nusplingen,DE,48.13333,8.86667
DEPKU,Putzkau,Putzkau,DE,51.1,14.21667
DEPLL,Pollhagen,Pollhagen,DE,52.38333,9.2
DEPLS,Pliezhausen,Pliezhausen,DE,48.55,9.2
DEPOT,Potsdam,Potsdam,DE,52.4,13.06667
DEPPT,Piesport,Piesport,DE,49.88333,6.91667
DEPRA,Pirna,Pirna,DE,50.9602771,13.9379202
DEPRC,Perrich,Perrich,DE,51.65,6.55
DEPRN,Prettin,Prettin,DE,51.66667,12.91667
DEPRW,Prerow,Prerow,DE,54.445906,12.5660206
DEPRY,Parey,Parey,DE,52.68333,12.25
DEPSA,Plessa,Plessa,DE,51.45,13.61667
DEPSB,Piesberger,Piesberger,DE,52.31667,8.01667
DEPSH,Sankt Peter-Ording,Sankt Peter-Ording,DE,54.3053186,8.6359043
DEPSR,Piesteritz,Piesteritz,DE,51.86667,12.6
DEPSW,Petershagen/Weser,Petershagen/Weser,DE,52.3756616,8.9668368
DEPTD,Petersdorf,Petersdorf,DE,54.21667,12.43333
DEPTN,Parkentin,Parkentin,DE,54.08333,11.98333
DEPUT,Puttgarden,Puttgarden,DE,54.4964975,11.2121117
DEPYK,Spyck,Spyck,DE,51.6917254,6.4324528
DEPZI,Pautzfeld,Pautzfeld,DE,49.76667,11.01667
DERAD,Radolfzell,Radolfzell,DE,47.7372802,8.9702755
DERAR,Ruhstorf an der Rott,Ruhstorf an der Rott,DE,48.43333,13.33333
DERBF,Rotenburg an der Fulda,Rotenburg an der Fulda,DE,51,9.73333
DERBI,Grambin,Grambin,DE,53.76667,14.01667
DERBK,Riesenbeck,Riesenbeck,DE,52.26667,7.61667
DERCI,Rechlin,Rechlin,DE,53.33333,12.71667
DERCK,Recke,Recke,DE,52.38333,7.71667
DERDL,Riedlhütte,Riedlhütte,DE,48.9,13.35
DERDT,Rot an der Rot,Rot an der Rot,DE,48,10.01667
DERDU,Radeburg,Radeburg,DE,51.21667,13.71667
DERDW,Rudow,Rudow,DE,52.41667,13.48333
DERE5,Rech,Rech,DE,50.51667,7.03333
DEREE,Reepsholt,Reepsholt,DE,53.48333,7.83333
DEREG,Regensburg,Regensburg,DE,49.0195333,12.0974869
DEREM,Remagen,Remagen,DE,50.5792112,7.2286788
DEREN,Rendsburg,Rendsburg,DE,54.300292,9.6650076
DERET,Rethem,Rethem,DE,52.78333,9.38333
DERFI,Reichenbach an der Fils,Reichenbach an der Fils,DE,48.71667,9.46667
DERFT,Kirschfurt,Kirschfurt,DE,49.7441691,9.3172635
DERHB,Rheinberg,Rheinberg,DE,51.55,6.58333
DERHE,Rheine,Rheine,DE,52.2797707,7.4373615
DERHL,Rheinbrohl,Rheinbrohl,DE,50.4977131,7.330199
DERHX,Bad Dürrheim,Bad Dürrheim,DE,48.01667,8.53333
DERIC,Werrich,Werrich,DE,51.65,6.53333
DERIK,Rieneck,Rieneck,DE,50.08333,9.63333
DERIZ,Britz,Britz,DE,52.45,13.43333
DERKQ,Dornach,Dornach,DE,48.15,11.68333
DERLB,Grauelsbaum,Grauelsbaum,DE,48.73333,7.98333
DERLZ,Bralitz,Bralitz,DE,52.83333,14
DERNT,Rünthe,Rünthe,DE,51.63333,7.65
DEROS,Rosenheim,Rosenheim,DE,47.8557873,12.1272983
DERP7,Flemlingen,Flemlingen,DE,49.23333,8.08333
DERPD,Derschen,Derschen,DE,50.71667,7.98333
DERPL,Lonsheim,Lonsheim,DE,49.7782744,8.0792878
DERRE,Rerik,Rerik,DE,54.1,11.61667
DERRG,Rheinsberg,Rheinsberg,DE,53.1,12.88333
DERRP,Weisenheim am Sand,Weisenheim am Sand,DE,49.51667,8.23333
DERRT,Thörnich,Thörnich,DE,49.8345108,6.8392476
DERSK,Rostock,Rostock,DE,54.08333,12.13333
DERTJ,Reichartshausen,Reichartshausen,DE,49.35,8.93333
DERU7,Rüdesheim,Rüdesheim,DE,49.85,7.81667
DERUB,Rusbend,Rusbend,DE,52.31667,9.06667
DERUE,Rüdesheim am Rhein,Rüdesheim am Rhein,DE,49.98333,7.91667
DERUM,Rüsselsheim,Rüsselsheim,DE,49.98333,8.43333
DERZB,Rettenbach / Gunzburg,Rettenbach / Gunzburg,DE,48.457973,10.3509979
DERZE,Wriezen,Wriezen,DE,52.71667,14.13333
DES3B,Schechingen,Schechingen,DE,48.86667,9.91667
DESAA,Saarlouis,Saarlouis,DE,49.3164661,6.749846
DESAG,Saarburg,Saarburg,DE,49.6082527,6.548746
DESAR,Salzgitter,Salzgitter,DE,52.15,10.31667
DESAS,Sassnitz,Sassnitz,DE,54.516728,13.644119
DESAU,Schacht-Audorf,Schacht-Audorf,DE,54.3132409,9.7185312
DESCJ,Lommatzsch,Lommatzsch,DE,51.2,13.3
DESCN,Saarbrücken,Saarbrücken,DE,49.234362,6.996379
DESCV,Schleiden,Schleiden,DE,50.51667,6.46667
DESCW,Schweinfurt,Schweinfurt,DE,50.05,10.21667
DESDD,"Steenodde, Amrum","Steenodde, Amrum",DE,54.637877,8.3780731
DESDE,"Sande, Friesland","Sande, Friesland",DE,53.502222,8.013889
DESDI,Schalding,Schalding,DE,48.6,13.35
DESDT,Schwedt,Schwedt,DE,53.06667,14.26667
DESE8,Seeshaupt,Seeshaupt,DE,47.83333,11.3
DESEF,Schelldorf,Schelldorf,DE,52.46667,11.98333
DESEH,Sehestedt/Eider,Sehestedt/Eider,DE,54.3667005,9.8166689
DESFL,Schönfeld,Schönfeld,DE,51.3,13.7
DESGW,Schwelgern,Schwelgern,DE,51.5,6.73333
DESH2,Schaprode,Schaprode,DE,54.51667,13.16667
DESH4,Altengörs,Altengörs,DE,53.897687,10.3642374
DESKN,Stephanskirchen,Stephanskirchen,DE,47.85,12.18333
DESKS,Salbke,Salbke,DE,52.08333,11.66667
DESL5,Stahlbrode,Stahlbrode,DE,54.23333,13.28333
DESLQ,Schluettsiel,Schluettsiel,DE,54.68333,8.75
DESLS,Schleswig,Schleswig,DE,54.51851,9.5653284
DESLZ,Sulzbach-Laufen,Sulzbach-Laufen,DE,48.93333,9.85
DESMA,Sankt Margarethen,Sankt Margarethen,DE,53.9,9.25
DESN2,Stein,Stein,DE,49.51667,12.23333
DESNC,Sünching,Sünching,DE,48.88333,12.35
DESNE,Sehnde,Sehnde,DE,52.31667,9.93333
DESNP,Stolpe,Stolpe,DE,53.8678462,13.9888732
DESNR,Schnackenburg,Schnackenburg,DE,53.03333,11.56667
DESOC,Stollhofen,Stollhofen,DE,48.75,8.03333
DESPD,Schopsdorf,Schopsdorf,DE,52.23333,12.21667
DESPE,Speyer,Speyer,DE,49.3165553,8.433615
DESPI,Spiekeroog,Spiekeroog,DE,53.76667,7.7
DESPS,Schülper Neuensiel,Schülper Neuensiel,DE,54.26667,8.93333
DESQJ,Sesslach,Sesslach,DE,50.18333,10.85
DESRA,Serrig,Serrig,DE,49.58333,6.56667
DESRI,Schweringen,Schweringen,DE,52.75,9.18333
DESRP,Stockhausen-Illfurth,Stockhausen-Illfurth,DE,50.65,7.98333
DESSL,Hesselte,Hesselte,DE,52.41667,7.38333
DESTA,Stade,Stade,DE,53.6,9.48333
DESTB,Straubing,Straubing,DE,48.8819801,12.569716
DESTD,Strande,Strande,DE,54.4375322,10.1742064
DESTL,Stralsund,Stralsund,DE,54.3096314,13.0820846
DESTS,Stader Sand,Stader Sand,DE,53.63333,9.51667
DESUD,Süderstapel,Süderstapel,DE,54.3414083,9.1991096
DESWF,Schwaigern,Schwaigern,DE,49.15,9.06667
DESWQ,Schwanfeld,Schwanfeld,DE,49.91667,10.13333
DESWS,Steinwiesen,Steinwiesen,DE,50.3,11.46667
DESWT,Schwentinental,Schwentinental,DE,54.26667,10.21667
DESWW,Wedtlenstedt,Wedtlenstedt,DE,52.26667,10.41667
DESWZ,Schwarzenbruck,Schwarzenbruck,DE,49.35,11.25
DESXD,Ottendorf,Ottendorf,DE,50.0197154,10.3720163
DESXE,Seelbach,Seelbach,DE,48.31667,7.95
DESZ8,Schozach,Schozach,DE,49.06667,9.2
DETAE,Tangermünde,Tangermünde,DE,52.55,11.95
DETAR,Taben,Taben,DE,49.55,6.58333
DETBN,Trebbin,Trebbin,DE,52.21667,13.21667
DETCH,Toepchin,Toepchin,DE,52.17073,13.5769964
DETCN,Teuchern,Teuchern,DE,51.11667,12.01667
DETEJ,Ballrechten,Ballrechten,DE,47.86667,7.7
DETER,Osterwald,Osterwald,DE,52.11667,9.61667
DETGM,Thüngersheim,Thüngersheim,DE,49.86667,9.83333
DETHR,Thierhaupten,Thierhaupten,DE,48.56667,10.91667
DETHU,Thune,Thune,DE,52.31667,10.5
DETJE,Lutjenburg,Lutjenburg,DE,54.3,10.6
DETKD,Treis-Karden,Treis-Karden,DE,50.18333,7.3
DETLB,Strehla/Elbe,Strehla/Elbe,DE,51.35,13.21667
DETLT,Teltow,Teltow,DE,52.4,13.26667
DETMH,Torfmoorhölle,Torfmoorhölle,DE,50.1,11.81667
DETMM,Temmels,Temmels,DE,49.68333,6.46667
DETNR,Wittenberge,Wittenberge,DE,53.01667,11.75
DETOE,Tönning,Tönning,DE,54.3188928,8.9437049
DETOS,Tossens,Tossens,DE,53.56667,8.28333
DETOY,Tholey,Tholey,DE,49.481406,7.0323463
DETRD,Osterrönfeld,Osterrönfeld,DE,54.28333,9.7
DETRF,Trochtelfingen,Trochtelfingen,DE,48.307755,9.2448375
DETRH,Trechtingshausen,Trechtingshausen,DE,50,7.83333
DETRI,Trier,Trier,DE,49.7596208,6.6441878
DETRT,Traben-Trarbach,Traben-Trarbach,DE,49.9530436,7.1233159
DETRV,Travemünde,Travemünde,DE,53.939609,10.8587192
DETSH,Albertshofen,Albertshofen,DE,49.7723884,10.1657765
DETSU,Tiessau,Tiessau,DE,53.18333,10.98333
DETTP,Platten,Platten,DE,49.95,6.96667
DETTR,Wettringen,Wettringen,DE,49.2585334,10.1567964
DETWZ,Thallwitz,Thallwitz,DE,51.43333,12.66667
DETYN,Thurnau,Thurnau,DE,49.9998983,11.4059927
DEUBG,Bad Dürrenberg,Bad Dürrenberg,DE,51.28333,12.05
DEUBT,Laubegast,Laubegast,DE,51.03333,13.83333
DEUCK,Ueckermünde,Ueckermünde,DE,53.73333,14.05
DEUDF,Braunsdorf,Braunsdorf,DE,52.36667,13.95
DEUEB,Überlingen,Überlingen,DE,47.7664456,9.1605106
DEUEL,Uelzen,Uelzen,DE,52.96667,10.55
DEUES,Uesen,Uesen,DE,53,9.06667
DEUET,Uetersen,Uetersen,DE,53.6851608,9.669827
DEUH7,Udenheim,Udenheim,DE,49.86667,8.16667
DEUHF,Suhrendorf,Suhrendorf,DE,54.46667,13.13333
DEUKI,Neukieritzsch,Neukieritzsch,DE,51.16667,12.43333
DEULM,Ulm,Ulm,DE,48.4,10
DEULS,Mulsen,Mulsen,DE,50.75,12.56667
DEUND,Gmund am Tegernsee,Gmund am Tegernsee,DE,47.75,11.73333
DEUPS,Upschört,Upschört,DE,53.46667,7.73333
DEURR,Burladingen,Burladingen,DE,48.28333,9.11667
DEUSD,Usedom,Usedom,DE,53.86667,13.91667
DEUSF,Büdelsdorf,Büdelsdorf,DE,54.3,9.65
DEUTA,Lauta,Lauta,DE,50.66667,13.15
DEUTT,Schuttertal,Schuttertal,DE,48.26667,7.96667
DEV44,Vinn,Vinn,DE,51.43333,6.63333
DEVAR,Varel,Varel,DE,53.4,8.13333
DEVBS,Vilsbiburg,Vilsbiburg,DE,48.45,12.35
DEVEJ,Vetschau,Vetschau,DE,51.78333,14.08333
DEVEN,Venne,Venne,DE,52.4,8.16667
DEVGF,Vilgertshofen,Vilgertshofen,DE,47.95,10.91667
DEVIU,Vienenburg,Vienenburg,DE,51.95,10.56667
DEVIW,Vierow,Vierow,DE,54.1175854,13.5730331
DEVNA,Venhaus,Venhaus,DE,52.35,7.45
DEVOC,Vockfey,Vockfey,DE,53.23333,10.93333
DEVOE,Völklingen,Völklingen,DE,49.2522866,6.859519
DEVOL,Volkach,Volkach,DE,49.86667,10.23333
DEVRD,Voerde,Voerde,DE,51.5975224,6.6811994
DEVRW,Viewrow,Viewrow,DE,54.11667,13.58333
DEVTT,Vitte (Hiddensee),Vitte (Hiddensee),DE,54.56667,13.1
DEVTZ,Vielitz,Vielitz,DE,52.93333,13
DEVVH,Hohn,Hohn,DE,50.61667,7.98333
DEWAC,Westeraccumersiel,Westeraccumersiel,DE,53.66667,7.48333
DEWAR,Warnemünde,Warnemünde,DE,54.16667,12.08333
DEWAZ,Wabern,Wabern,DE,51.1,9.33333
DEWB2,Willmersdorf,Willmersdorf,DE,52.66667,13.68333
DEWE5,Wester-Ohrstedt,Wester-Ohrstedt,DE,54.51667,9.18333
DEWED,Wedel,Wedel,DE,53.5810226,9.7038772
DEWEE,Weener,Weener,DE,53.16667,7.35
DEWES,Wesel,Wesel,DE,51.66667,6.61667
DEWEW,Wewelsfleth,Wewelsfleth,DE,53.8435686,9.4013741
DEWFA,Wutha-Farnroda,Wutha-Farnroda,DE,50.9460046,10.4017051
DEWGQ,Wehingen,Wehingen,DE,48.15,8.8
DEWHP,Wipperdorf,Wipperdorf,DE,51.45,10.66667
DEWIB,Wiesbaden,Wiesbaden,DE,50.0820384,8.2416556
DEWIE,Wiesens,Wiesens,DE,53.45,7.58333
DEWIF,Wischhafen,Wischhafen,DE,53.78333,9.31667
DEWIH,Wisch,Wisch,DE,54.4114918,9.1495043
DEWIK,Wiek,Wiek,DE,54.621387,13.2899509
DEWIL,Wilster,Wilster,DE,53.9233519,9.3741366
DEWIM,Wimmer,Wimmer,DE,52.33333,8.43333
DEWIS,Wismar,Wismar,DE,53.8909832,11.4647932
DEWIT,Wittlage,Wittlage,DE,52.31667,8.36667
DEWKE,Wankendorf,Wankendorf,DE,54.11667,10.2
DEWKK,Weikersheim,Weikersheim,DE,49.48333,9.9
DEWKZ,Wickrath,Wickrath,DE,51.13333,6.41667
DEWLE,Walheim,Walheim,DE,49.01667,9.15
DEWLM,Walsum,Walsum,DE,51.53333,6.7
DEWMM,Wemmetsweiler,Wemmetsweiler,DE,49.36667,7.08333
DEWNG,Weissenburg in Bayern,Weissenburg in Bayern,DE,49.03333,10.96667
DEWNH,Windheim,Windheim,DE,52.4,9.01667
DEWNI,Winnweiler,Winnweiler,DE,49.56667,7.85
DEWNL,Wandersleben,Wandersleben,DE,50.9,10.85
DEWNT,Wedlenstedt,Wedlenstedt,DE,52.275,10.4108
DEWNU,Weissenthurm,Weissenthurm,DE,50.41667,7.45
DEWOB,Wolfsburg,Wolfsburg,DE,52.43333,10.8
DEWOE,Wörth am Rhein,Wörth am Rhein,DE,49.0543232,8.2667399
DEWOG,Worringen,Worringen,DE,51.05,6.85
DEWOL,Wolgast,Wolgast,DE,54.0536473,13.7757809
DEWOR,Worms,Worms,DE,49.6302618,8.3620898
DEWRI,Wrist,Wrist,DE,53.93333,9.75
DEWRY,Wremen,Wremen,DE,53.6493944,8.5089272
DEWTA,Wörth an der Donau,Wörth an der Donau,DE,49,12.4
DEWTG,Wittenberg,Wittenberg,DE,51.8666527,12.646761
DEWTM,Wertheim,Wertheim,DE,49.741955,9.52596
DEWTP,Waltrop,Waltrop,DE,51.63333,7.4
DEWTU,Wittichenau,Wittichenau,DE,51.38333,14.25
DEWUE,Würzburg,Würzburg,DE,49.7933723,9.9309779
DEWVN,Wilhelmshaven,Wilhelmshaven,DE,53.51667,8.13333
DEWWH,Windsbach,Windsbach,DE,49.25,10.81667
DEWWI,Weilerswist,Weilerswist,DE,50.76667,6.83333
DEWYK,Wyk auf Föhr,Wyk auf Föhr,DE,54.6892888,8.5561518
DEXAX,Euerfeld,Euerfeld,DE,49.81667,10.11667
DEXFW,Finkenwerder,Finkenwerder,DE,53.53333,9.85
DEXMP,Monheim,Monheim,DE,48.83333,10.83333
DEXRT,Herbertingen,Herbertingen,DE,48.06667,9.43333
DEXZS,Handeloh,Handeloh,DE,53.25,9.83333
DEYSF,Seifhennersdorf,Seifhennersdorf,DE,50.93333,14.6
DEYWX,Waxweiler,Waxweiler,DE,50.1,6.36667
DEZ4Z,Michelbach am Heuchelberg,Michelbach am Heuchelberg,DE,49.06667,8.93333
DEZAI,Zaisertshofen,Zaisertshofen,DE,48.1217254,10.5379813
DEZB4,Sulzberg,Sulzberg,DE,47.66667,10.35
DEZH8,Zehren,Zehren,DE,51.2,13.4
DEZHA,Zahna,Zahna,DE,51.91667,12.78333
DEZHD,Zehdenick,Zehdenick,DE,52.96667,13.31667
DEZIN,Zinnowitz,Zinnowitz,DE,54.06667,13.9
DEZIS,Zingst,Zingst,DE,54.43333,12.68333
DEZIZ,Zaisenhausen,Zaisenhausen,DE,49.1,8.81667
DEZLT,Zeltingen-Rachtig,Zeltingen-Rachtig,DE,49.9556957,7.0084603
DEZMU,Salzmünde,Salzmünde,DE,51.53333,11.83333
DEZOR,Zorge,Zorge,DE,51.6367751,10.6334563
DEZRH,Zechlinerhütte,Zechlinerhütte,DE,53.15,12.88333
DEZTH,Zeuthen,Zeuthen,DE,52.35,13.63333
DEZVE,Ihrlerstein,Ihrlerstein,DE,48.9508823,11.8485901
DEZZH,Zuzenhausen,Zuzenhausen,DE,49.28333,8.81667
DEZZL,Zellertal,Zellertal,DE,49.63333,8.13333
DJDCT,Doraleh Container Terminal,Doraleh Container Terminal,DJ,11.5967318,43.1063072
DJDMJ,Damerjog,Damerjog,DJ,11.48333,43.18333
DJJIB,Djibouti,Djibouti,DJ,11.5936903,43.1472724
DJPOD,Djibouti,Djibouti,DJ,11.58333,43.13333
DKAAB,Åbenrå,Åbenrå,DK,55.03333,9.43333
DKAAL,Aalborg,Aalborg,DK,57.0462626,9.9215263
DKAAR,Aarhus,Aarhus,DK,56.15,10.21667
DKAGE,Allinge,Allinge,DK,55.26667,14.8
DKAGH,Agger Havn,Agger Havn,DK,56.7765638,8.2551792
DKAGO,Agersø,Agersø,DK,55.2122845,11.1908488
DKAK3,Åkirkeby,Åkirkeby,DK,55.06667,14.93333
DKANH,Anholt,Anholt,DK,55.3986618,9.3729881
DKARD,Årosund,Årosund,DK,55.25,9.71667
DKARK,Ærøskøbing,Ærøskøbing,DK,54.8896647,10.411167
DKARO,Åro,Åro,DK,55.26667,9.75
DKASA,Asaa,Asaa,DK,57.15,10.41667
DKASH,Aggersund,Aggersund,DK,57.0043224,9.2799491
DKASK,Askø,Askø,DK,54.7583779,11.2853975
DKASN,Assens,Assens,DK,55.265798,9.9002174
DKAUB,Augustenborg,Augustenborg,DK,54.9506719,9.8743203
DKAVK,Avernak By,Avernak By,DK,55.03333,10.26667
DKAVN,Avernakke Havn,Avernakke Havn,DK,55.3,10.78333
DKBAG,Bagenkop,Bagenkop,DK,54.7495173,10.6751651
DKBAL,Ballen,Ballen,DK,55.81667,10.65
DKBBG,Bøvlingbjerg,Bøvlingbjerg,DK,56.43333,8.2
DKBDX,Bandholm,Bandholm,DK,54.8364445,11.4830145
DKBGO,Baagø,Baagø,DK,55.4342786,10.4217633
DKBGZ,Bogense,Bogense,DK,55.56667,10.08333
DKBLA,Blavand,Blavand,DK,55.55,8.13333
DKBLB,Ballebro,Ballebro,DK,54.9987913,9.6681055
DKBLU,Baelum,Baelum,DK,56.81667,10.1
DKBOG,Bogo By,Bogo By,DK,54.93333,12.05
DKBOS,Bøjden,Bøjden,DK,55.1,10.08333
DKBRB,Brabrand,Brabrand,DK,56.1565872,10.1056465
DKCPH,København,København,DK,55.66667,12.58333
DKCSO,Christiansø Havn,Christiansø Havn,DK,55.31667,15.18333
DKDAS,Dansk Salts Havn,Dansk Salts Havn,DK,56.679781,10.035469
DKDN6,Dannemare,Dannemare,DK,54.75,11.2
DKDRA,Dragør,Dragør,DK,55.592487,12.6719953
DKDYS,Dyssegard,Dyssegard,DK,55.73333,12.53333
DKEBJ,Esbjerg,Esbjerg,DK,55.4664892,8.4520751
DKEBT,Ebeltoft,Ebeltoft,DK,56.1988382,10.6770909
DKEDL,Endelave,Endelave,DK,55.7675093,10.3126364
DKEGN,Egense,Egense,DK,56.9619225,10.2692987
DKEK4,Eskilstrup,Eskilstrup,DK,55.85,11.63333
DKEND,Egernsund,Egernsund,DK,54.9065871,9.6032632
DKENS,Enstedværket Havn,Enstedværket Havn,DK,55.01667,9.43333
DKEOT,Styrtom,Styrtom,DK,55.01667,9.43333
DKFAA,Faaborg,Faaborg,DK,55.097087,10.2428246
DKFAK,Fakse Ladeplads Havn,Fakse Ladeplads Havn,DK,55.2181,12.1642
DKFDH,Frederikshavn,Frederikshavn,DK,57.4412134,10.5336225
DKFDS,Frederikssund,Frederikssund,DK,55.83333,12.06667
DKFDV,Frederiksværk,Frederiksværk,DK,55.9719082,12.0174311
DKFEJ,Fejø,Fejø,DK,54.9447777,11.4010441
DKFER,Ferritslev,Ferritslev,DK,55.3,10.58333
DKFMO,Femø,Femø,DK,54.9693599,11.5411012
DKFRC,Fredericia,Fredericia,DK,55.565268,9.7562169
DKFRK,Føvling,Føvling,DK,55.45,8.95
DKFUH,Fur,Fur,DK,56.8213428,9.0020303
DKFYH,Fynshav,Fynshav,DK,54.96667,9.96667
DKGDM,Gudhjem,Gudhjem,DK,55.21667,14.96667
DKGED,Gedser,Gedser,DK,54.5770446,11.9313561
DKGFH,Gulfhavn,Gulfhavn,DK,55.2054177,11.2638698
DKGLY,Glyngøre,Glyngøre,DK,56.759744,8.8739004
DKGRA,Gråsten,Gråsten,DK,54.9140178,9.5866302
DKGRE,Grenaa,Grenaa,DK,56.4134419,10.8793137
DKGTS,Glatved Strand,Glatved Strand,DK,56.3040521,10.8615819
DKHAD,Haderslev,Haderslev,DK,55.2500715,9.4997871
DKHAN,Hanstholm,Hanstholm,DK,57.1150165,8.6144947
DKHAS,Hals,Hals,DK,56.9963038,10.3084669
DKHBA,Humlebæk,Humlebæk,DK,55.96667,12.51667
DKHBK,Holbæk,Holbæk,DK,55.7186117,11.7135474
DKHBO,Hobro,Hobro,DK,56.6371753,9.7939799
DKHDH,Hardeshøj,Hardeshøj,DK,55.0088219,9.6942088
DKHEJ,Hejls,Hejls,DK,55.38333,9.6
DKHER,Herning,Herning,DK,56.1379757,8.9746623
DKHHV,Hammerhavn,Hammerhavn,DK,55.28333,14.75
DKHIR,Hirtshals,Hirtshals,DK,57.5908031,9.9649737
DKHJ3,Højby,Højby,DK,55.9103711,11.5970027
DKHJT,Hjerting,Hjerting,DK,55.51667,8.36667
DKHLS,Helsingør,Helsingør,DK,56.0348739,12.6130073
DKHNB,Havneby,Havneby,DK,55.0868902,8.563597
DKHOR,Horsens,Horsens,DK,55.8611696,9.8444774
DKHSB,Holstebro,Holstebro,DK,56.3590324,8.6159188
DKHSL,Hasle,Hasle,DK,55.1838021,14.7061711
DKHSU,Hadsund,Hadsund,DK,56.71667,10.1
DKHUN,Hundested,Hundested,DK,55.9668501,11.8515494
DKHVA,Hvalpsund,Hvalpsund,DK,56.7013574,9.2070497
DKHVN,Havnsø,Havnsø,DK,55.7518479,11.3232496
DKHVS,Hvide Sande,Hvide Sande,DK,55.98333,8.13333
DKHVT,Hellebæk,Hellebæk,DK,56.06667,12.56667
DKHWO,Hov,Hov,DK,55.91667,10.25
DKJEL,Jelling,Jelling,DK,55.75,9.43333
DKJUE,Juelsminde,Juelsminde,DK,55.7,10.01667
DKKAL,Kalundborg,Kalundborg,DK,55.6833793,11.0993619
DKKAR,Karlslunde,Karlslunde,DK,55.56667,12.21667
DKKBG,Klintebjerg,Klintebjerg,DK,55.48333,10.45
DKKBK,Karrebæksminde,Karrebæksminde,DK,55.18333,11.66667
DKKBY,Kyndbyvaerkets Havn,Kyndbyvaerkets Havn,DK,55.8069,11.8847
DKKDM,Kollund Mole,Kollund Mole,DK,54.33333,9.45
DKKGL,Kongsdal Harbour,Kongsdal Harbour,DK,56.7,10.06667
DKKK4,Åbybro,Åbybro,DK,57.15,9.75
DKKLH,Klintholm Havn,Klintholm Havn,DK,54.9540184,12.4690854
DKKLP,Kleppen,Kleppen,DK,56.53333,8.58333
DKKOG,Køge,Køge,DK,55.4565009,12.1818964
DKKOK,Kolby Kås,Kolby Kås,DK,55.8,10.55
DKKOL,Kolding,Kolding,DK,55.4894999,9.47905
DKKRA,Kragenæs,Kragenæs,DK,54.9159371,11.3556407
DKKRR,Korsør,Korsør,DK,55.3266045,11.1425876
DKKT4,Kettinge,Kettinge,DK,54.7,11.75
DKKTD,Kerteminde,Kerteminde,DK,55.4532771,10.6547783
DKKTP,Kastrup,Kastrup,DK,55.6378428,12.6379955
DKKVR,Kværndrup,Kværndrup,DK,55.1783707,10.5256048
DKLGR,Løgstør,Løgstør,DK,56.9625246,9.2619587
DKLHH,Lindholm Havn,Lindholm Havn,DK,55.28333,10.8
DKLIN,Lindø Havn,Lindø Havn,DK,55.4686,10.5373
DKLOH,Lohals,Lohals,DK,55.1348685,10.9052825
DKLUN,Lundeborg,Lundeborg,DK,55.13333,10.78333
DKLVG,Lemvig,Lemvig,DK,56.5486971,8.3046456
DKMAS,Masnedø,Masnedø,DK,54.991045,11.8872124
DKMID,Middelfart,Middelfart,DK,55.4993014,9.7392181
DKMKH,Masnedovaerkets Havn/Vordingborg,Masnedovaerkets Havn/Vordingborg,DK,54.96667,11.88333
DKMNS,Masnedsund,Masnedsund,DK,55,11.86667
DKMOM,Mommark,Mommark,DK,54.9213988,10.040313
DKMRR,Mariager,Mariager,DK,56.65,10
DKMRS,Marstal,Marstal,DK,54.8558332,10.5174056
DKN3S,Nykobing Sjaelland,Nykobing Sjaelland,DK,55.91667,11.66667
DKNAK,Nakskov,Nakskov,DK,54.8304979,11.1493517
DKNBG,Nyborg,Nyborg,DK,55.3098281,10.7976604
DKNEX,Neksø,Neksø,DK,55.0632,15.137
DKNGB,Nagbol,Nagbol,DK,55.45,9.28333
DKNHN,Nordhavn,Nordhavn,DK,55.7,12.6
DKNR4,Nyrup,Nyrup,DK,55.6,11.66667
DKNRE,Nørre Aaby,Nørre Aaby,DK,55.457787,9.878534
DKNRS,Nørresundby,Nørresundby,DK,57.0607251,9.9241319
DKNSD,Nørre Snede,Nørre Snede,DK,55.95,9.38333
DKNTD,Nysted,Nysted,DK,54.6627868,11.7330766
DKNVD,Næstved,Næstved,DK,55.23333,11.76667
DKNYB,Nyborg Lystbådehavn,Nyborg Lystbådehavn,DK,55.3,10.78333
DKNYF,Nykøbing Falster,Nykøbing Falster,DK,54.76667,11.88333
DKNYM,Nykøbing Mors,Nykøbing Mors,DK,56.78333,8.85
DKODE,Odense,Odense,DK,55.3997225,10.3852104
DKOMO,Omø,Omø,DK,55.1614651,11.1553502
DKOOT,Charlottenlund,Charlottenlund,DK,55.7552973,12.5671103
DKORE,"Orehoved, Falster","Orehoved, Falster",DK,54.9521,11.854
DKORO,Orø,Orø,DK,55.7796827,11.8116725
DKOTB,Østerby Havn,Østerby Havn,DK,57.31667,11.13333
DKRAN,Randers,Randers,DK,56.4355428,10.0425957
DKRD4,Rude,Rude,DK,56,10.23333
DKRDH,Rødvig Havn,Rødvig Havn,DK,55.25,12.36667
DKRDK,Rødekro,Rødekro,DK,55.06667,9.31667
DKRKB,Rudkøbing,Rudkøbing,DK,54.9377498,10.7167568
DKRKE,Roskilde,Roskilde,DK,55.6433478,12.0819247
DKRMO,Romo,Romo,DK,55.13333,8.51667
DKRNN,Rønne,Rønne,DK,55.0994511,14.7060906
DKROD,Rødbyhavn,Rødbyhavn,DK,54.65,11.35
DKROF,Rødby,Rødby,DK,54.68333,11.38333
DKROR,Aalborg Portland Cementfabrikk,Aalborg Portland Cementfabrikk,DK,57.0602,9.9791
DKRRV,Rørvig,Rørvig,DK,55.9452985,11.7613881
DKRYS,Ryslinge,Ryslinge,DK,55.25,10.55
DKSAE,Sæby,Sæby,DK,57.33333,10.53333
DKSAX,Sakskøbing,Sakskøbing,DK,54.798788,11.6341381
DKSB2,Strøby,Strøby,DK,55.38333,12.3
DKSBK,Stubbekøbing,Stubbekøbing,DK,54.88333,12.05
DKSD7,Sandved,Sandved,DK,55.26667,11.53333
DKSDA,Sydals,Sydals,DK,54.9,9.88333
DKSDO,Skarø/Drejø,Skarø/Drejø,DK,55.0093863,10.4666385
DKSEO,Sejerø,Sejerø,DK,55.8869999,11.1465334
DKSF2,Store Fuglede,Store Fuglede,DK,55.58333,11.25
DKSGD,Sønderborg,Sønderborg,DK,54.9,9.78333
DKSH6,Store Heddinge,Store Heddinge,DK,55.31667,12.41667
DKSIT,Stigsnaes Inter Terminal,Stigsnaes Inter Terminal,DK,55.2,11.23333
DKSK3,Skodsborg,Skodsborg,DK,55.81667,12.56667
DKSKA,Skagen,Skagen,DK,57.7259703,10.5844602
DKSKH,Skovshoved,Skovshoved,DK,55.76667,12.6
DKSKV,Skive,Skive,DK,56.5659301,9.029272
DKSL2,Søllested,Søllested,DK,55.3,10.05
DKSLB,Silkeborg,Silkeborg,DK,56.169453,9.5495141
DKSM6,Store Merløse,Store Merløse,DK,55.55,11.71667
DKSN2,Snertinge,Snertinge,DK,55.06667,11.91667
DKSN7,Stensved,Stensved,DK,55,12.03333
DKSNE,Snekkersten,Snekkersten,DK,56.0107273,12.579952
DKSNO,Strynø,Strynø,DK,54.9042169,10.610147
DKSNY,Sundby/Mors,Sundby/Mors,DK,56.86667,8.66667
DKSSK,Skælskør,Skælskør,DK,55.2521101,11.2942011
DKSSV,Studstrupværkets Havn,Studstrupværkets Havn,DK,56.2572,10.3394
DKSTA,Stavning,Stavning,DK,55.96667,8.38333
DKSTE,Stege,Stege,DK,54.9863794,12.2861344
DKSTP,Stevns Pier,Stevns Pier,DK,55.31667,12.45
DKSTR,Struer,Struer,DK,56.4866768,8.5951427
DKSUE,Sundsøre,Sundsøre,DK,56.7083874,9.1723864
DKSVA,Svaneke,Svaneke,DK,55.13333,15.15
DKSVE,Svendborg,Svendborg,DK,55.0636625,10.6084725
DKSVG,Sandvig,Sandvig,DK,55.28333,14.78333
DKTB4,Toreby,Toreby,DK,54.75,11.8
DKTED,Thisted,Thisted,DK,56.9562093,8.6848749
DKTJL,Tjele,Tjele,DK,56.5,9.6
DKTKB,Tikøb,Tikøb,DK,56.01667,12.46667
DKTMD,Torsminde,Torsminde,DK,56.36667,8.11667
DKTN3,Tune,Tune,DK,55.6,12.18333
DKTNO,Tunø,Tunø,DK,55.9520828,10.4381648
DKTRG,Torrig,Torrig,DK,54.9,11.33333
DKTRO,Troense,Troense,DK,55.03333,10.65
DKTRS,Tårs,Tårs,DK,54.8831014,11.0271943
DKTUB,Tuborg,Tuborg,DK,55.7385971,12.5329448
DKTYB,Tyborøn,Tyborøn,DK,56.7,8.21667
DKUNX,Masnedsund Godningshamn,Masnedsund Godningshamn,DK,55,11.91667
DKVAE,Vallensbæk,Vallensbæk,DK,55.63333,12.35
DKVB2,Vejby,Vejby,DK,56.06667,12.15
DKVBN,Vordingborg Nordhavnen,Vordingborg Nordhavnen,DK,55,11.91667
DKVBS,Vordingborg Sydhavnen,Vordingborg Sydhavnen,DK,54.98333,11.88333
DKVEJ,Vejle,Vejle,DK,55.707931,9.5329419
DKVES,"Vesterø Havn, Læsø","Vesterø Havn, Læsø",DK,57.2950657,10.9265417
DKVG4,Væggerløse,Væggerløse,DK,54.7,11.93333
DKVK7,Veksø,Veksø,DK,55.75,12.25
DKVM2,Vemmelev,Vemmelev,DK,55.36667,11.26667
DKVOR,Vordingborg,Vordingborg,DK,55,11.9
DKVRE,Avedore,Avedore,DK,55.631426,12.4601622
DKVT2,Vesterborg,Vesterborg,DK,54.85,11.28333
DMADM,Anse du Mai,Anse du Mai,DM,15.6,-61.38333
DMBEL,Belfast,Belfast,DM,15.369517,-61.3973583
DMPOR,Portsmouth,Portsmouth,DM,15.56667,-61.45
DMRSU,Roseau,Roseau,DM,15.2991923,-61.3872868
DOAZU,Azua,Azua,DO,18.45,-70.73333
DOBAN,Baní,Baní,DO,18.28333,-70.33333
DOBAV,Bavaro,Bavaro,DO,18.6861872,-68.419753
DOBCC,Boca Chica,Boca Chica,DO,18.45369,-69.6111219
DOBQL,Barcequillo,Barcequillo,DO,18.43333,-70.03333
DOBRX,Barahona,Barahona,DO,18.2101889,-71.1012325
DOCAI,Catalina Island,Catalina Island,DO,18.36667,-69
DOCAL,Cayo Levantado,Cayo Levantado,DO,19.2,-69.31667
DOCAU,Caucedo,Caucedo,DO,18.41667,-69.63333
DOCBJ,Cabo Rojo,Cabo Rojo,DO,17.9082904,-71.6668226
DOCDC,Casa de Campo,Casa de Campo,DO,18.4,-68.9
DOHAI,Rio Haina,Rio Haina,DO,18.41306,-70.01743
DOHIG,Higüey,Higüey,DO,18.6131313,-68.7114484
DOINA,Bajos de Haina,Bajos de Haina,DO,18.41667,-70.03333
DOLRM,La Romana,La Romana,DO,18.4230137,-68.9661104
DOMAN,Manzanillo,Manzanillo,DO,19.7,-71.75
DOOCO,Ocoa Bay,Ocoa Bay,DO,18.36667,-70.65
DOPAL,Puerto Palenque,Puerto Palenque,DO,18.23333,-70.15
DOPDR,Pedernales,Pedernales,DO,18.0372324,-71.7441566
DOPOP,Puerto Plata,Puerto Plata,DO,19.7976564,-70.6932607
DOPVA,Puerto Viejo de Azua,Puerto Viejo de Azua,DO,18.33333,-70.83333
DOSDQ,Santo Domingo,Santo Domingo,DO,18.46667,-69.9
DOSFN,San Francisco de Macorís,San Francisco de Macorís,DO,19.3,-70.25
DOSNX,Sabana de la Mar,Sabana de la Mar,DO,19.06667,-69.38333
DOSNZ,Sánchez,Sánchez,DO,19.23333,-69.61667
DOSPM,San Pedro de Macorís,San Pedro de Macorís,DO,18.45,-69.3
DOSTI,Santiago de los Caballeros,Santiago de los Caballeros,DO,19.4503932,-70.6909047
DOVAL,Villa Altagracia,Villa Altagracia,DO,18.66667,-70.16667
DZ2ON,Oran Dry Port,Oran Dry Port,DZ,35.68333,-0.63333
DZAAE,Annaba (ex Bone),Annaba (ex Bone),DZ,36.8982165,7.7549272
DZALG,Alger (Algiers),Alger (Algiers),DZ,36.75,3.05
DZAZW,Arzew,Arzew,DZ,35.86667,-0.31667
DZBHA,Bethioua,Bethioua,DZ,35.8,-0.26667
DZBJA,Bejaia (ex Bougie),Bejaia (ex Bougie),DZ,36.7511783,5.0643687
DZBSF,Benisaf,Benisaf,DZ,35.28333,-1.38333
DZCHE,Cherchell,Cherchell,DZ,36.6,2.2
DZCOL,Collo,Collo,DZ,37.01667,6.55
DZDEL,Dellys,Dellys,DZ,36.91667,3.88333
DZDJE,Djen-Djen,Djen-Djen,DZ,36.8239022,5.8907936
DZDJI,Jijel (ex Djidjelli),Jijel (ex Djidjelli),DZ,36.8167305,5.771494
DZGHA,Ghardaïa,Ghardaïa,DZ,32.48333,3.66667
DZGHZ,Ghazaouet,Ghazaouet,DZ,35.1,-1.85
DZKHE,Kherrata,Kherrata,DZ,36.48333,5.26667
DZMOS,Mostaganem,Mostaganem,DZ,35.928808,0.089978
DZORN,Oran,Oran,DZ,35.7044415,-0.6502981
DZROU,Rouiba,Rouiba,DZ,36.73333,3.28333
DZSKI,Skikda (ex Philippeville),Skikda (ex Philippeville),DZ,36.8801317,6.9077363
DZTBS,Tebessa,Tebessa,DZ,35.4,8.11667
DZTEN,Ténès,Ténès,DZ,36.51667,1.31667
DZTLM,Tlemcen,Tlemcen,DZ,34.86667,-1.3
ECAYO,"Puerto Ayora, Isla Santa Cruz","Puerto Ayora, Isla Santa Cruz",EC,-0.75,-90.31667
ECBAQ,Puerto Baquerizo Moreno,Puerto Baquerizo Moreno,EC,-0.9,-89.6
ECBHA,Bahía de Caráquez,Bahía de Caráquez,EC,-0.5999649,-80.423572
ECBLI,Bartolome Island,Bartolome Island,EC,-0.28333,-90.55
ECCAR,Pedro Carbo,Pedro Carbo,EC,-1.8170272,-80.2354157
ECCAT,Caleta Tagus,Caleta Tagus,EC,-0.25,-91.36667
ECDUN,Durán,Durán,EC,-2.2,-79.83333
ECEBL,Balao,Balao,EC,-2.9110735,-79.8165679
ECESM,Esmeraldas,Esmeraldas,EC,0.98333,-79.7
ECESP,Espanola Island,Espanola Island,EC,-1.38333,-89.68333
ECFLO,Floreana Island,Floreana Island,EC,-1.3,-90.43333
ECGUA,Guayas,Guayas,EC,-0.96667,-79.55
ECGYE,Guayaquil,Guayaquil,EC,-2.16667,-79.9
ECLLD,La Libertad,La Libertad,EC,-2.23333,-80.9
ECLPT,La Puntilla,La Puntilla,EC,-2.15,-79.86667
ECMEC,Manta,Manta,EC,-0.95,-80.73333
ECOCC,Coca,Coca,EC,-0.48333,-76.96667
ECPBG,Puerto Balao Grande,Puerto Balao Grande,EC,-2.9,-79.83333
ECPBO,Puerto Bolívar,Puerto Bolívar,EC,-3.26667,-79.98333
ECPEG,Puerto Egas,Puerto Egas,EC,-0.23333,-90.85
ECPEV,Puerto Nuevo,Puerto Nuevo,EC,-2.21667,-79.91667
ECPSJ,Posorja,Posorja,EC,-2.7,-80.25
ECPUN,Puná,Puná,EC,-2.73333,-79.91667
ECRAB,Rabida Island,Rabida Island,EC,-0.41667,-90.7
ECSLR,San Lorenzo,San Lorenzo,EC,1.25,-78.83333
ECSNC,Salinas,Salinas,EC,-2.21667,-80.96667
ECSYM,Seymour,Seymour,EC,-0.41667,-90.28333
ECVIL,"Puerto Villamil, Isla Isabela","Puerto Villamil, Isla Isabela",EC,-0.93333,-91.01667
ECZTL,Zapotal,Zapotal,EC,-2.31667,-80.53333
EEABJ,Abaja Sadam,Abaja Sadam,EE,58.36667,22.01667
EEABR,Abruka,Abruka,EE,58.16667,22.53333
EEADV,Admirali Väikesadam,Admirali Väikesadam,EE,58.53333,23.68333
EEAEN,Aegna,Aegna,EE,59.56667,24.75
EEAHO,Ahoi Jõesadam,Ahoi Jõesadam,EE,58.21667,22.36667
EEAKS,Alajõe Kalasadam,Alajõe Kalasadam,EE,59,27.43333
EEASE,Aseri,Aseri,EE,59.45,26.86667
EEASV,Aseri Väikesadam,Aseri Väikesadam,EE,59.45,26.86667
EEATL,Atla,Atla,EE,58.3,21.9
EEBEK,Bekkeri,Bekkeri,EE,59.45,24.65
EEDIR,Dirhami,Dirhami,EE,59.21667,23.5
EEEIS,Eisma,Eisma,EE,59.56667,26.3
EEHAA,Haapsalu,Haapsalu,EE,58.93333,23.53333
EEHII,Hiiessaare,Hiiessaare,EE,59,22.85
EEHLD,Haldi,Haldi,EE,58.8,22.45
EEHLT,Heltermaa,Heltermaa,EE,58.86667,23.05
EEHRA,Hara Sadam,Hara Sadam,EE,59.08333,23.53333
EEHRS,Hara Sadam,Hara Sadam,EE,59.58333,25.61667
EEHUN,Hundipea,Hundipea,EE,59.46667,24.71667
EEHVV,Haapsalu Veskiviigi,Haapsalu Veskiviigi,EE,58.96667,23.53333
EEJAP,Japsi Kalasadam,Japsi Kalasadam,EE,58.38333,24.48333
EEJEP,Jõe Paadisadam,Jõe Paadisadam,EE,58.36667,26.73333
EEJGP,Jaagupi,Jaagupi,EE,58.03333,24.46667
EEJHT,Juheta,Juheta,EE,58.38333,24.28333
EEJKR,Jõekääru,Jõekääru,EE,59.4825304,25.475477
EEJOS,Narva Linnasadam,Narva Linnasadam,EE,59.38333,28.2
EEKAK,Kakumäe,Kakumäe,EE,59.45,24.6
EEKAL,Kalana,Kalana,EE,58.91667,22.05
EEKAM,Kalmaküla Sadam,Kalmaküla Sadam,EE,58.88333,26.96667
EEKAP,Karlova Paadisadam,Karlova Paadisadam,EE,58.36667,26.75
EEKAS,Kalasadam,Kalasadam,EE,59.45,24.75
EEKBN,Kaberneeme Sadam,Kaberneeme Sadam,EE,59.51667,25.28333
EEKDL,Kärdla,Kärdla,EE,59,22.75
EEKDR,Kudruküla Sadam,Kudruküla Sadam,EE,59.45,29.08333
EEKEJ,Kesse-Jaani,Kesse-Jaani,EE,58.63333,23.45
EEKEL,Kelvingi,Kelvingi,EE,59.55,24.83333
EEKGS,Kõiguste,Kõiguste,EE,58.36667,22.96667
EEKGV,Koguva,Koguva,EE,58.6,23.06667
EEKHN,Kihnu,Kihnu,EE,58.13333,24.01667
EEKII,Kiideva,Kiideva,EE,58.76667,23.53333
EEKJK,Kalevi Jahtklubi,Kalevi Jahtklubi,EE,59.46667,24.83333
EEKKE,Kurkse,Kurkse,EE,59.26667,24.01667
EEKKS,Kassari Sadam,Kassari Sadam,EE,58.76667,22.83333
EEKLD,Kaldu,Kaldu,EE,58.45,23.26667
EEKLE,Kallaste,Kallaste,EE,58.65,23.26667
EEKLK,Koljunuki,Koljunuki,EE,59.5,25.08333
EEKLL,Kallaste,Kallaste,EE,58.65,27.15
EEKLN,Kelnase,Kelnase,EE,59.63333,25.01667
EEKLR,Kallaste Rannasadam,Kallaste Rannasadam,EE,58.66667,27.16667
EEKND,Kunda,Kunda,EE,59.51667,26.53333
EEKNG,Kungla,Kungla,EE,58.35,22.95
EEKOL,Kolkja,Kolkja,EE,58.55,27.21667
EEKPA,Karepa Sadam,Karepa Sadam,EE,59.55,26.41667
EEKRG,Kõrgessaare,Kõrgessaare,EE,58.96667,22.46667
EEKSA,Kärsa,Kärsa,EE,58.1886613,27.0757797
EEKSN,Kastna,Kastna,EE,58.33333,23.91667
EEKSP,Kaunispe,Kaunispe,EE,58.05,22.06667
EEKUG,Narva Kulgu Sadam,Narva Kulgu Sadam,EE,59.35,28.16667
EEKUI,Kuivastu,Kuivastu,EE,58.56667,23.38333
EEKUR,Kuressaare sadam,Kuressaare sadam,EE,58.25,22.46667
EEKVI,Kaavi Paadisadam,Kaavi Paadisadam,EE,57.98333,22.2
EEKVR,Kavaru,Kavaru,EE,58.26667,24.16667
EELAN,Lääne,Lääne,EE,58.9817855,23.874616
EELAO,Lao,Lao,EE,58.23333,24.11667
EELAT,Läätsa,Läätsa,EE,58.13333,22.25
EELAU,Lautri,Lautri,EE,58.91667,22.08333
EELEN,Lennusadam,Lennusadam,EE,59.45,24.73333
EELEP,Leppneeme,Leppneeme,EE,59.53333,24.85
EELHK,Lehtma Kalurisadam,Lehtma Kalurisadam,EE,59.06667,22.7
EELHS,Lahesuu,Lahesuu,EE,59.45,24.7
EELHT,Lehtma,Lehtma,EE,59.06667,22.7
EELIN,Lindi,Lindi,EE,58.33333,24.28333
EELIU,Liu,Liu,EE,58.28333,24.26667
EELKS,Laaksaare,Laaksaare,EE,58.33333,27.41667
EELMA,Lõmala,Lõmala,EE,58.16667,22.11667
EELNR,Lõunaranna,Lõunaranna,EE,58.53333,23.31667
EELPN,Leppneeme Kalasadam,Leppneeme Kalasadam,EE,59.55,24.86667
EELPS,Lõpesuu,Lõpesuu,EE,58.48333,23.26667
EELSA,Loksa,Loksa,EE,59.58333,25.7
EELSL,Lohusalu,Lohusalu,EE,59.4,24.21667
EELUI,Luige Väikesadam,Luige Väikesadam,EE,58.86667,23.48333
EEMAH,Mahu Sadam,Mahu Sadam,EE,59.51667,23.71667
EEMAN,Manilaiu,Manilaiu,EE,59.21667,24.13333
EEMDR,Miiduranna,Miiduranna,EE,59.5,24.81667
EEMEH,Mehikoorma Sadam,Mehikoorma Sadam,EE,58.23333,27.48333
EEMIH,Mihkli Sadam,Mihkli Sadam,EE,58.78333,26.98333
EEMNI,Männi,Männi,EE,58.7347282,24.4090172
EEMNT,Mõntu,Mõntu,EE,57.95,22.13333
EEMNV,Mõntu Väikelaevade Sadam,Mõntu Väikelaevade Sadam,EE,57.95,22.11667
EEMRL,Merelaiu,Merelaiu,EE,58.3,24.01667
EEMRS,Meeruse,Meeruse,EE,59.45,24.66667
EEMTV,Mustvee,Mustvee,EE,58.85,26.95
EEMUG,Muuga,Muuga,EE,59.5,24.96667
EEMUN,Munalaiu,Munalaiu,EE,58.23333,24.11667
EEMUR,Muratsi Sadam,Muratsi Sadam,EE,58.23333,22.58333
EENAI,Naissaare,Naissaare,EE,59.55,24.55
EENAS,Nasva,Nasva,EE,58.21667,22.4
EENJD,Nasva Jõesadam,Nasva Jõesadam,EE,58.23333,22.38333
EENJS,Narva-Jõesuu Sadam,Narva-Jõesuu Sadam,EE,59.46667,28.05
EENME,Neeme,Neeme,EE,59.53333,25.16667
EENOB,Noblessneri,Noblessneri,EE,59.45,24.73333
EENRM,Nurme,Nurme,EE,59.4714523,25.4646669
EENST,Naistlaiu Sadam,Naistlaiu Sadam,EE,58.81667,23.03333
EENVA,Nõva Sadam,Nõva Sadam,EE,59.25,23.66667
EEOIU,Oiu,Oiu,EE,58.4,25.98333
EEOMR,Omedu Rand,Omedu Rand,EE,58.78333,26.98333
EEORI,Orissaare,Orissaare,EE,58.56667,23.1
EEORJ,Orjaku,Orjaku,EE,58.78333,22.76667
EEOSM,Osmussaare Sadam,Osmussaare Sadam,EE,59.28333,23.41667
EEOST,Österby,Österby,EE,58.98333,23.51667
EEOTI,Oti,Oti,EE,58.4999118,23.0592971
EEOTS,Otsa,Otsa,EE,57.8493093,27.2405525
EEPAA,Paatsalu,Paatsalu,EE,58.51667,23.68333
EEPAP,Papissaare Sadam,Papissaare Sadam,EE,58.36667,21.98333
EEPAR,Patareisadam,Patareisadam,EE,59.45,24.75
EEPAS,Paljassaare,Paljassaare,EE,59.45,24.7
EEPHL,Pihelgalaiu,Pihelgalaiu,EE,58.45,23.66667
EEPIR,Pirita,Pirita,EE,59.46667,24.81667
EEPLN,Paldiski Põhjasadam,Paldiski Põhjasadam,EE,59.35,24.05
EEPLS,Paldiski Lõunasadam,Paldiski Lõunasadam,EE,59.33333,24.08333
EEPRE,Piirissaare Sadam,Piirissaare Sadam,EE,58.38333,27.51667
EEPRI,Peerni,Peerni,EE,58.25,24.13333
EEPRJ,Purtse Jahisadam,Purtse Jahisadam,EE,59.43333,26.98333
EEPRK,Purtse Kalasadam,Purtse Kalasadam,EE,59.43333,26.98333
EEPRL,Prangli Lõunasadam,Prangli Lõunasadam,EE,59.61667,25
EEPRN,Pärnu,Pärnu,EE,58.38333,24.5
EEPRV,Pärnu Sadama Väikesadam,Pärnu Sadama Väikesadam,EE,58.38333,24.48333
EEPSM,Pae Sadam,Pae Sadam,EE,58.48333,23.26667
EEPSV,Paslepa-Viigi Sadam,Paslepa-Viigi Sadam,EE,59.01667,23.43333
EEPUR,Purtse,Purtse,EE,59.41667,27
EEPUS,Pusi,Pusi,EE,58.63333,27.15
EEPVS,Piirivalvesadam,Piirivalvesadam,EE,59.45,24.66667
EERAJ,Raja,Raja,EE,58.83333,26.95
EERBS,Rebase Paadisadam,Rebase Paadisadam,EE,58.36667,26.75
EERGR,Roograhu,Roograhu,EE,58.9598595,23.5667817
EERHK,Rohuküla,Rohuküla,EE,58.9,23.43333
EERJS,Ristna Jahisadam,Ristna Jahisadam,EE,58.91667,22.06667
EERLB,Rälby Sadam,Rälby Sadam,EE,59.03333,23.28333
EERLS,Ristna Lõunasadam,Ristna Lõunasadam,EE,58.91667,22.06667
EERMS,Roomassaare,Roomassaare,EE,58.21667,22.5
EERNG,Ringsu,Ringsu,EE,57.78333,23.26667
EERNM,Rannametsa,Rannametsa,EE,58.11667,24.48333
EERNV,Rohuneeme Väikesadam,Rohuneeme Väikesadam,EE,59.56667,24.8
EERON,Rohuneeme,Rohuneeme,EE,59.56667,24.8
EEROO,Roopa,Roopa,EE,58.26667,21.86667
EERPI,Räpina,Räpina,EE,58.13333,27.53333
EERST,Ristna,Ristna,EE,59.26667,23.73333
EERUV,Ruhve,Ruhve,EE,58.38333,23.03333
EERVS,Remniku Vanasadam,Remniku Vanasadam,EE,59.01667,27.55
EESAM,Salmistu,Salmistu,EE,59.5,25.36667
EESAS,Sassukvere,Sassukvere,EE,58.71667,27.13333
EESGS,Saaga Sadam,Saaga Sadam,EE,58.38333,26.98333
EESHL,Suur-Holmi,Suur-Holmi,EE,58.96667,23.53333
EESIG,Sigatsuaru Väikesadam,Sigatsuaru Väikesadam,EE,58.15,24
EESLE,Salme Jõesadam,Salme Jõesadam,EE,58.16667,22.25
EESLM,Sillamäe,Sillamäe,EE,59.41667,27.73333
EESLN,Salinõmme,Salinõmme,EE,58.83333,22.95
EESMA,Saaremaa sadam,Saaremaa sadam,EE,58.53333,22.23333
EESNK,Salinõmme Kalasadam,Salinõmme Kalasadam,EE,58.83333,22.95
EESNP,Salinõmme Paadisadam,Salinõmme Paadisadam,EE,58.98333,22.95
EESOE,Soela,Soela,EE,58.61667,22.6
EESRA,Saarepera,Saarepera,EE,57.7019051,26.7067939
EESRU,Sõru,Sõru,EE,58.7,22.53333
EESRV,Sõru Väikelaevasadam,Sõru Väikelaevasadam,EE,58.7,22.51667
EESSO,Soo,Soo,EE,57.6637508,26.8040138
EESUA,Suaru,Suaru,EE,58.13333,24.01667
EESUK,Suaru Kalasadam,Suaru Kalasadam,EE,58.13333,24
EESUL,Suur-Lootsi,Suur-Lootsi,EE,59.46667,28.05
EESUR,Suurpea,Suurpea,EE,59.63333,25.68333
EESUS,Suursadam,Suursadam,EE,58.96667,22.91667
EESVI,Sviby,Sviby,EE,58.96667,23.31667
EESVS,Saastna Vanasadam,Saastna Vanasadam,EE,58.73333,23.56667
EETAL,Taaliku Sadam,Taaliku Sadam,EE,58.6,22.98333
EETGI,Triigi,Triigi,EE,58.6,22.71667
EETIL,Tilgu,Tilgu,EE,57.7670295,26.8976578
EETJA,Turja Sadam,Turja Sadam,EE,58.33333,22.93333
EETJS,Tori Jõesadam,Tori Jõesadam,EE,58.25,22.46667
EETLL,Tallinn,Tallinn,EE,59.43333,24.73333
EETLT,Tuletorni,Tuletorni,EE,58.78333,22.76667
EETLV,Talvesadam,Talvesadam,EE,58.38333,24.5
EETMA,Tärkma,Tärkma,EE,58.68333,22.6
EETMN,Tammneeme Sadam,Tammneeme Sadam,EE,59.51667,24.88333
EETOI,Toila,Toila,EE,59.43333,27.53333
EETPL,Tapurla,Tapurla,EE,59.6,25.56667
EETRE,Treimani,Treimani,EE,57.91667,24.38333
EETRU,Turusadam,Turusadam,EE,58.36667,26.73333
EETRV,Tarvastu,Tarvastu,EE,58.25,25.96667
EEUIS,Uisusadam,Uisusadam,EE,58.55,23.08333
EEURE,Kuressaare,Kuressaare,EE,58.25,22.5
EEURG,Ürgoru Paadisadam,Ürgoru Paadisadam,EE,58.36667,26.98333
EEVAN,Vanasadam,Vanasadam,EE,59.45,24.76667
EEVAR,Värssu,Värssu,EE,58.93333,22.95
EEVDU,Võidu,Võidu,EE,58.1541491,24.5788753
EEVEB,Vene-Balti,Vene-Balti,EE,59.45,24.65
EEVEE,Veere,Veere,EE,58.46667,22.05
EEVER,Vergi,Vergi,EE,59.5884204,26.0527417
EEVIK,Vikati Sadam,Vikati Sadam,EE,58.36667,21.86667
EEVIN,Viinistu Sadam,Viinistu Sadam,EE,59.65,25.75
EEVIR,Virtsu,Virtsu,EE,58.58333,23.51667
EEVIS,Virtsu Kalasadam,Virtsu Kalasadam,EE,58.58333,23.51667
EEVLR,Valmeranna,Valmeranna,EE,58.5,23.23333
EEVNA,Vasknarva,Vasknarva,EE,59,27.73333
EEVNJ,Varnja Sadam,Varnja Sadam,EE,58.48333,27.25
EEVOI,Võiste,Võiste,EE,58.21667,24.46667
EEVOK,Võõpsu Külasadam,Võõpsu Külasadam,EE,58.06667,27.55
EEVOP,Võõpsu,Võõpsu,EE,58.08333,27.55
EEVOS,Võsu,Võsu,EE,59.58333,25.96667
EEVPA,Vahtrepa Sadam,Vahtrepa Sadam,EE,58.88333,23.01667
EEVPS,Varbla Puhkeküla,Varbla Puhkeküla,EE,58.43333,23.68333
EEVRA,Värska Sadam,Värska Sadam,EE,57.95,27.61667
EEVRI,Värati,Värati,EE,58.31667,23.98333
EEVRK,Võrkaia,Võrkaia,EE,58.68333,23.2
EEVRS,Varese Sadam,Varese Sadam,EE,58.58333,22.4
EEVSG,Vana-Sauga Sadam,Vana-Sauga Sadam,EE,58.38333,24.48333
EEVTR,Väike-Turu,Väike-Turu,EE,58.38333,26.73333
EEVUS,Vasknarva Uussadam,Vasknarva Uussadam,EE,59.01667,27.73333
EEVVM,Veere Vanasadam,Veere Vanasadam,EE,58.46667,22.05
EEVVN,Vasknarva Paadisadam,Vasknarva Paadisadam,EE,59,27.73333
EEVVS,Virtsu Vanasadam,Virtsu Vanasadam,EE,58.58333,23.56667
EEWJS,Westmeri Jahisadam,Westmeri Jahisadam,EE,58.96667,23.53333
EEWST,Westmeri,Westmeri,EE,58.96667,23.51667
EGADA,Al Adabiyah,Al Adabiyah,EG,29.86667,32.46667
EGAGN,Abu Ghosoun,Abu Ghosoun,EG,24.45,35.2
EGAIS,Ain Sukhna,Ain Sukhna,EG,29.645,32.334445
EGAKI,Abu Kir,Abu Kir,EG,31.3203016,30.0641979
EGALY,El Iskandariya (Alexandria),El Iskandariya (Alexandria),EG,31.18333,29.91667
EGAQU,Al Qusayr,Al Qusayr,EG,26.1,34.28333
EGARY,Al Amriyah,Al Amriyah,EG,31.58333,30.96667
EGAUE,Abu Rudeis,Abu Rudeis,EG,28.883333,33.183333
EGAZA,Abu Zenimah,Abu Zenimah,EG,29.05,33.1
EGBGB,Atakka Dry Port,Atakka Dry Port,EG,32.1,33
EGDAM,Dumyat (Damietta),Dumyat (Damietta),EG,31.41667,31.81667
EGDOM,Dome Marina,Dome Marina,EG,29.43333,32.48333
EGEDK,El Dekheila,El Dekheila,EG,31.131478,29.8031902
EGEPP,Marsa Egyptian Propylene & Polypropylene,Marsa Egyptian Propylene & Polypropylene,EG,31.3,32.15
EGGAL,Galala Marina,Galala Marina,EG,29.46667,32.43333
EGGLB,Port Ghalib,Port Ghalib,EG,25.53333,34.63333
EGGUA,El-Guna (El Gouna),El-Guna (El Gouna),EG,27.38333,33.66667
EGHAM,Hamrawein,Hamrawein,EG,26.265306,34.196639
EGHRG,Hurghada,Hurghada,EG,27.222556,33.8307062
EGIKU,Idku,Idku,EG,31.3,30.3
EGMAH,Mersa El Hamra,Mersa El Hamra,EG,30.916667,28.833333
EGMEA,Porto Marina El Alamein,Porto Marina El Alamein,EG,30.81667,28.98333
EGNUW,Nuwaiba,Nuwaiba,EG,28.96667,34.65
EGOPT,Marsa Oriental Petrochemicals,Marsa Oriental Petrochemicals,EG,29.68333,32.35
EGPIB,Port Ibrahim,Port Ibrahim,EG,31.2656593,32.3116776
EGPSD,Port Said,Port Said,EG,31.263235,32.305505
EGPSE,Port Said East,Port Said East,EG,31.21667,32.35
EGPTK,Port Tewfik,Port Tewfik,EG,29.95,32.55
EGRAB,Ras Budran,Ras Budran,EG,28.93333,33.11667
EGRAG,Ras Gharib,Ras Gharib,EG,28.359444,33.077778
EGRSH,Ras Shukheir,Ras Shukheir,EG,28.131414,33.248477
EGRSU,Ras Sudr,Ras Sudr,EG,29.6,32.66667
EGSBY,Soma Bay Marina,Soma Bay Marina,EG,26.85,33.98333
EGSGA,Safaga,Safaga,EG,26.7633325,33.9383817
EGSIN,South Sinai (Ganoub Sinai),South Sinai (Ganoub Sinai),EG,29.2076755,33.8119441
EGSOK,Sokhna Port,Sokhna Port,EG,29.65,32.35
EGSSH,Sharm ash Shaykh,Sharm ash Shaykh,EG,27.86667,34.28333
EGSUZ,As Suways (Suez),As Suways (Suez),EG,29.96667,32.51667
EGTOR,El Tor,El Tor,EG,28.23333,33.61667
EGWAF,Wadi Feiran,Wadi Feiran,EG,28.67429,33.25727
EHEAI,Ejbei Uad el Aabd,Ejbei Uad el Aabd,EH,27.15,-13.2
ERASA,Assab,Assab,ER,13,42.73333
ERMSW,Massawa (Mitsiwa),Massawa (Mitsiwa),ER,15.6,39.45
ES2BL,Lloseta,Lloseta,ES,39.71667,2.86667
ES2TT,Ametlla,Ametlla,ES,40.8838957,0.8024645
ES2VA,Vallecillo,Vallecillo,ES,42.35,-5.2
ES4SS,Santurtz,Santurtz,ES,43.31667,-3.01667
ES8TC,Rejected,Rejected,ES,37.46667,-0.81667
ESAAQ,Santiago del Campo,Santiago del Campo,ES,39.63333,-6.36667
ESAAW,Sa Canal,Sa Canal,ES,38.83333,1.38333
ESABH,Abanto,Abanto,ES,41.1376502,-1.6987114
ESACA,Alcanar,Alcanar,ES,40.55,0.48333
ESACE,Lanzarote,Lanzarote,ES,28.96667,-13.53333
ESACH,Aceuchal,Aceuchal,ES,38.6479821,-6.486997
ESAD6,Nuevo Baztán,Nuevo Baztán,ES,40.36667,-3.25
ESADR,Adra,Adra,ES,36.75,-3.01667
ESADS,Alameda de La Sagra,Alameda de La Sagra,ES,40.013303,-3.7968786
ESADT,Alcaudete de la Jaya,Alcaudete de la Jaya,ES,39.78333,-4.86667
ESAGA,Agaete,Agaete,ES,28.11667,-15.7
ESAGD,La Guardia,La Guardia,ES,41.9,-8.88333
ESAGG,Argelaguer,Argelaguer,ES,42.21667,2.65
ESAGP,Málaga,Málaga,ES,36.71667,-4.41667
ESAGU,Aguilas,Aguilas,ES,37.4,-1.58333
ESALA,Villarreal de Álava,Villarreal de Álava,ES,42.98333,-2.63333
ESALC,Alicante,Alicante,ES,38.3436365,-0.4881708
ESALG,Algeciras,Algeciras,ES,36.1311725,-5.4473991
ESALT,Algorta,Algorta,ES,43.35,-3.01667
ESALX,Almendricos,Almendricos,ES,37.46667,-1.78333
ESAMP,Ampuero,Ampuero,ES,43.35,-3.41667
ESAMX,Almorox,Almorox,ES,40.23333,-4.38333
ESARI,Arguineguin,Arguineguin,ES,27.7590753,-15.6813497
ESARN,Arenys de Mar,Arenys de Mar,ES,41.5797031,2.5491562
ESARZ,Allaríz,Allaríz,ES,42.18333,-7.8
ESAS8,Cabueñes,Cabueñes,ES,43.51667,-5.6
ESASL,Andosilla,Andosilla,ES,42.38333,-1.95
ESATO,El Astillero,El Astillero,ES,43.4,-3.81667
ESATQ,Ataquines,Ataquines,ES,41.18333,-4.8
ESAVS,Aviles,Aviles,ES,43.5554436,-5.9222466
ESAXO,A Baiuca,A Baiuca,ES,43.3,-8.5
ESAYA,Ayamonte,Ayamonte,ES,37.215797,-7.4060169
ESAYR,Ayora,Ayora,ES,39.06667,-1.05
ESB8C,Bacáicoa,Bacáicoa,ES,42.88333,-2.1
ESBAT,La Batlloria,La Batlloria,ES,41.71667,2.55
ESBBJ,Breña Baja,Breña Baja,ES,28.63333,-17.75
ESBCN,Barcelona,Barcelona,ES,41.3825802,2.177073
ESBDA,Benegida,Benegida,ES,39.06667,-0.55
ESBDF,Barbate,Barbate,ES,36.18333,-5.91667
ESBDP,Banyeres del Penedes,Banyeres del Penedes,ES,41.2791532,1.5813324
ESBEM,Benidorm,Benidorm,ES,38.5406255,-0.1290929
ESBGG,Berlanga,Berlanga,ES,38.28333,-5.81667
ESBGJ,Berguenda,Berguenda,ES,42.78333,-3.05
ESBIO,Bilbao,Bilbao,ES,43.25,-2.96667
ESBLA,Blanes,Blanes,ES,41.6756178,2.7932391
ESBLR,Begur,Begur,ES,41.95,3.2
ESBMO,Benimodo,Benimodo,ES,39.21667,-0.51667
ESBOA,Boadilla del Monte,Boadilla del Monte,ES,40.4053485,-3.8764663
ESBOS,Burgo de Osma,Burgo de Osma,ES,41.56667,-3.06667
ESBPM,Porreras,Porreras,ES,39.51667,3
ESBRL,Burela,Burela,ES,43.6606329,-7.3587521
ESBRM,Bermeo,Bermeo,ES,43.43333,-2.71667
ESBRX,Burriana,Burriana,ES,39.8876912,-0.0846321
ESBS3,Binissalem,Binissalem,ES,39.68333,2.83333
ESBSL,Bermiyo Sallago,Bermiyo Sallago,ES,41.36667,-6.1
ESBU3,Benicull,Benicull,ES,39.18333,-0.38333
ESBVN,Buenavista del Norte,Buenavista del Norte,ES,28.36667,-16.9
ESC9A,Calles,Calles,ES,39.73333,-0.96667
ESCAD,Cadiz,Cadiz,ES,36.5297438,-6.2928976
ESCAQ,Riudecanyes,Riudecanyes,ES,41.11667,0.95
ESCAR,Cartagena,Cartagena,ES,37.6,-0.98333
ESCAS,Castellón de la Plana,Castellón de la Plana,ES,39.98333,-0.03333
ESCBD,Cambados,Cambados,ES,42.5193232,-8.797678
ESCBL,Cambrils,Cambrils,ES,41.06667,1.06667
ESCBP,Cabo de Palos,Cabo de Palos,ES,37.63333,-0.68333
ESCBZ,Cabezuela,Cabezuela,ES,41.2361557,-3.9309811
ESCC7,Escorca,Escorca,ES,39.81667,2.85
ESCCN,Corcubión,Corcubión,ES,42.95,-9.18333
ESCCX,Carcaixent,Carcaixent,ES,39.06667,-0.4
ESCDI,Carrizal,Carrizal,ES,27.9,-15.4
ESCDK,Las Casas de Alcanar,Las Casas de Alcanar,ES,40.55,0.53333
ESCED,Cedeira,Cedeira,ES,43.65,-8.05
ESCEE,Cee,Cee,ES,42.9575581,-9.1917202
ESCEL,Celeiró,Celeiró,ES,42.7,-7.05
ESCES,Capellades,Capellades,ES,41.53333,1.7
ESCEU,Ceuta,Ceuta,ES,35.888361,-5.304138
ESCFL,Casillas Flores,Casillas Flores,ES,40.38333,-6.75
ESCGE,Calonge,Calonge,ES,41.86667,3.08333
ESCGG,Campllong,Campllong,ES,41.88333,2.81667
ESCGR,Consuegra,Consuegra,ES,39.46667,-3.6
ESCHR,Caleta de Sebo,Caleta de Sebo,ES,29.23333,-13.5
ESCHZ,Puebla de Sancho Pérez,Puebla de Sancho Pérez,ES,38.4,-6.4
ESCIV,Ciervana,Ciervana,ES,43.3518319,-3.082039
ESCJE,Costa Adeje,Costa Adeje,ES,28.06667,-16.75
ESCNO,Cariño,Cariño,ES,43.75,-7.86667
ESCOI,Catoira,Catoira,ES,42.66667,-8.71667
ESCPA,Campoamor,Campoamor,ES,38.3576248,-0.4870413
ESCPL,Campanillas,Campanillas,ES,36.71667,-4.53333
ESCQU,Carranque,Carranque,ES,40.16667,-3.9
ESCRG,Cabo Roig,Cabo Roig,ES,37.91667,-0.73333
ESCRI,Cierbena,Cierbena,ES,43.33333,-3.08333
ESCRP,Carpio Tajo,Carpio Tajo,ES,39.88333,-4.45
ESCRS,Carboneras,Carboneras,ES,36.98333,-1.88333
ESCSN,Cisneros,Cisneros,ES,42.21667,-4.85
ESCSO,Castropol,Castropol,ES,43.53333,-7.03333
ESCUD,Cuarte de Huerva,Cuarte de Huerva,ES,41.58333,-0.91667
ESCUR,Castro-Urdiales,Castro-Urdiales,ES,43.38333,-3.21667
ESCUT,Morro del Jable,Morro del Jable,ES,28.05,-14.33333
ESCVJ,Victoria de Acentejo,Victoria de Acentejo,ES,28.4347861,-16.4681748
ESCZT,Camarzana Tera,Camarzana Tera,ES,42,-6.01667
ESDAG,Dos Aguas,Dos Aguas,ES,39.28333,-0.8
ESDBA,Deba,Deba,ES,43.3,-2.35
ESDBO,Playa Den Bossa,Playa Den Bossa,ES,38.88333,1.41667
ESDEJ,Valdetorres de Jarama,Valdetorres de Jarama,ES,40.7,-3.5
ESDGS,Villandangos,Villandangos,ES,42.51667,-5.76667
ESDNA,Denia,Denia,ES,38.8408382,0.1061105
ESDRI,Derio,Derio,ES,43.2907714,-2.8870439
ESEAS,San Sebastian,San Sebastian,ES,43.3224219,-1.9838889
ESEBO,Cebolla,Cebolla,ES,39.95,-4.56667
ESECT,El Casar de Talamanca,El Casar de Talamanca,ES,40.7,-3.43333
ESEDL,Estadilla,Estadilla,ES,42.05,0.25
ESEGR,Grove,Grove,ES,43.4504327,-7.3284756
ESEJC,Ejea de los Caballeros,Ejea de los Caballeros,ES,42.11667,-1.13333
ESEKZ,Eskoriatza,Eskoriatza,ES,43.0174857,-2.526803
ESELV,Elvillar,Elvillar,ES,42.5704082,-2.5451889
ESEMP,Empuriabrava,Empuriabrava,ES,42.25,3.13333
ESENG,Enguera,Enguera,ES,38.98333,-0.68333
ESENT,Entoma,Entoma,ES,42.4217746,-6.9361825
ESEOO,El Pedernoso,El Pedernoso,ES,39.48333,-2.75
ESESC,Escombreras,Escombreras,ES,37.571508,-0.9192123
ESETH,Huete,Huete,ES,40.13333,-2.68333
ESEUG,Santa Eugenia,Santa Eugenia,ES,40.3829244,-3.6117674
ESEWE,Fuenterrabía,Fuenterrabía,ES,43.36667,-1.78333
ESEZC,Ezcaray,Ezcaray,ES,42.31667,-3.01667
ESFAL,Fuente-Álamo,Fuente-Álamo,ES,38.7,-1.43333
ESFLD,Formentera Island,Formentera Island,ES,38.7062157,1.4334101
ESFNC,La Font den Carros,La Font den Carros,ES,38.91667,-0.16667
ESFRA,Frades,Frades,ES,43.05,-8.28333
ESFRM,Fermoselle,Fermoselle,ES,41.31667,-6.38333
ESFRO,Ferrol,Ferrol,ES,43.48333,-8.25
ESFSL,Fuensalida,Fuensalida,ES,40.05,-4.2
ESFUE,Puerto del Rosario-Fuerteventura,Puerto del Rosario-Fuerteventura,ES,28.5065839,-13.8451575
ESGAN,Gandía,Gandía,ES,38.96667,-0.18333
ESGAR,Garrucha,Garrucha,ES,37.1853833,-1.820335
ESGCR,Santa Maria de Guia de Gran Canaria,Santa Maria de Guia de Gran Canaria,ES,28.1390522,-15.6318282
ESGCS,El Grao,El Grao,ES,39.96667,0.01667
ESGDL,Godella,Godella,ES,39.5184276,-0.4103168
ESGDM,Salvaterra de Mino,Salvaterra de Mino,ES,42.0826719,-8.4990303
ESGDR,Grajal de Ribera,Grajal de Ribera,ES,42.18333,-5.61667
ESGGA,Garriguella,Garriguella,ES,42.33333,3.06667
ESGIJ,Gijón,Gijón,ES,43.53333,-5.66667
ESGLE,La Escala (L'Escala),La Escala (L'Escala),ES,42.11667,3.13333
ESGND,Puerto de Granadilla,Puerto de Granadilla,ES,28.05,-16.48333
ESGRC,Garachico,Garachico,ES,28.36667,-16.75
ESGRT,Lagartera,Lagartera,ES,39.9,-5.2
ESGRY,Grao,Grao,ES,43.2980596,-6.1471901
ESGTL,Gran Tarajal,Gran Tarajal,ES,28.2,-14.01667
ESGTX,Getxo,Getxo,ES,43.3431164,-3.0078627
ESGU6,Fontanar,Fontanar,ES,40.73333,-3.16667
ESGVA,Cigales,Cigales,ES,41.76667,-4.7
ESGYA,Granyanella,Granyanella,ES,41.66667,1.21667
ESHDA,Horta de Avinyo,Horta de Avinyo,ES,41.8222661,1.9654477
ESHDD,Hinojosa del Duque,Hinojosa del Duque,ES,38.5,-5.15
ESHHU,Castillazuelo,Castillazuelo,ES,42.068633,0.0647387
ESHIE,Puerto de la Estaca,Puerto de la Estaca,ES,27.78333,-17.9
ESHIG,Higuera la Real,Higuera la Real,ES,38.13333,-6.68333
ESHLL,Hormilla,Hormilla,ES,42.43333,-2.76667
ESHSN,Hermisende,Hermisende,ES,41.96667,-6.88333
ESHTY,Hontanaya,Hontanaya,ES,39.73333,-2.83333
ESHUR,Humilladero,Humilladero,ES,37.1372243,-4.6997138
ESHUV,Huelva,Huelva,ES,37.2575874,-6.9484945
ESHVC,Sanxenxo,Sanxenxo,ES,42.4,-8.8
ESIAS,Camariñas,Camariñas,ES,43.11667,-9.16667
ESIBZ,Ibiza,Ibiza,ES,38.9,1.43333
ESITE,Belchite,Belchite,ES,41.3,-0.75
ESITR,Iturriotz,Iturriotz,ES,43.2926196,-1.8657511
ESIUA,Iurreta,Iurreta,ES,43.16667,-2.63333
ESJAV,Jávea,Jávea,ES,38.78333,0.16667
ESJON,Burujon,Burujon,ES,39.9,-4.3
ESJRM,San Julián de Ramis,San Julián de Ramis,ES,42.01667,2.85
ESJUE,Guijuelo,Guijuelo,ES,40.55,-5.66667
ESKLL,La Ametlla de Mar,La Ametlla de Mar,ES,40.9,0.8
ESL4O,Lodoso,Lodoso,ES,42.43333,-3.81667
ESLAN,Lanciego,Lanciego,ES,42.5625294,-2.5125875
ESLAP,Lapuebla de Labarca,Lapuebla de Labarca,ES,42.5,-2.56667
ESLAX,Lage,Lage,ES,41.9693892,-6.815776
ESLCG,La Coruña (A Coruña),La Coruña (A Coruña),ES,43.36667,-8.38333
ESLCR,Los Cristianos,Los Cristianos,ES,28.0526298,-16.717
ESLE6,Torrente,Torrente,ES,39.43333,-0.46667
ESLEC,Lecumberri,Lecumberri,ES,43,-1.88333
ESLEI,Almería,Almería,ES,36.83333,-2.45
ESLEK,Lekeitio,Lekeitio,ES,43.3637081,-2.5059965
ESLEL,Calella,Calella,ES,41.61667,2.66667
ESLES,La Estaca,La Estaca,ES,41.9001962,-0.9609114
ESLGC,La Graciosa,La Graciosa,ES,43.295805,-3.9772203
ESLGU,Legutiano,Legutiano,ES,42.96667,-2.63333
ESLIT,Lizartza,Lizartza,ES,43.1033934,-2.034474
ESLIU,San Felíu de Buxalleu,San Felíu de Buxalleu,ES,41.78333,2.58333
ESLJO,La Llagosta,La Llagosta,ES,41.5131188,2.1931226
ESLLO,Lloret de Mar,Lloret de Mar,ES,41.7,2.85
ESLMN,La Minosa,La Minosa,ES,41.1793692,-2.9321633
ESLPA,Las Palmas de Gran Canaria,Las Palmas de Gran Canaria,ES,28.1,-15.41667
ESLPC,Puebla del Caramiñal,Puebla del Caramiñal,ES,42.6,-8.93333
ESLPF,La Poble de Farnals,La Poble de Farnals,ES,39.58333,-1.66667
ESLRT,La Restinga,La Restinga,ES,27.61667,-17.98333
ESLSD,Los Santos de la Humosa,Los Santos de la Humosa,ES,40.5012957,-3.2566803
ESLSI,Los Silos,Los Silos,ES,28.3523468,-16.8142516
ESLSL,La Seu d'Urgell,La Seu d'Urgell,ES,42.36667,1.45
ESLTV,Moral de Calatrava,Moral de Calatrava,ES,38.83333,-3.58333
ESLUQ,Luque,Luque,ES,37.5586671,-4.2786296
ESLZR,La Zarza,La Zarza,ES,38.81667,-6.21667
ESM8M,San Mames De Meruelo,San Mames De Meruelo,ES,43.45,-3.56667
ESM8U,Mourente,Mourente,ES,43.56667,-7.26667
ESMAH,"Mahón, Menorca","Mahón, Menorca",ES,39.88333,4.25
ESMAI,Malpica (Malpica de Bergantiños),Malpica (Malpica de Bergantiños),ES,43.31667,-8.8
ESMAT,La Matanza,La Matanza,ES,38.1481947,-1.0867314
ESMBY,Mombuey,Mombuey,ES,42.03333,-6.33333
ESMCZ,Mozoncillo,Mozoncillo,ES,41.15,-4.18333
ESMEC,Meco,Meco,ES,40.553746,-3.3281561
ESMED,El Medano,El Medano,ES,28.03333,-16.53333
ESMET,Miguel Esteban,Miguel Esteban,ES,39.51667,-3.08333
ESMGA,Mugia,Mugia,ES,42.8757054,-2.2993021
ESMGN,Magan,Magan,ES,39.95,-3.91667
ESMGR,Mugardos,Mugardos,ES,43.46667,-8.25
ESMIA,Mesia,Mesia,ES,43.1,-8.26667
ESMIC,Miraclamp,Miraclamp,ES,41.6,0.86667
ESMIR,Miramar,Miramar,ES,38.9505154,-0.1415109
ESMIX,Miranda de Ebro,Miranda de Ebro,ES,42.68333,-2.95
ESMLJ,Murillo de Río Leza,Murillo de Río Leza,ES,42.4,-2.31667
ESMLN,Melilla,Melilla,ES,35.31667,-2.88333
ESMLO,Maliaño,Maliaño,ES,43.41667,-3.83333
ESMMA,Malgrat de Mar,Malgrat de Mar,ES,41.65,2.75
ESMNF,Montefrio,Montefrio,ES,37.31667,-4.01667
ESMOA,Moaña,Moaña,ES,42.28333,-8.73333
ESMOG,Mogarraz,Mogarraz,ES,40.48333,-6.05
ESMOI,Montiel,Montiel,ES,38.7,-2.86667
ESMOJ,Mojácar,Mojácar,ES,37.15,-1.85
ESMOT,Motril,Motril,ES,36.7450888,-3.5207655
ESMPG,"Marin, Pontevedra","Marin, Pontevedra",ES,42.3922393,-8.7029421
ESMQU,Mascaraque,Mascaraque,ES,39.71667,-3.81667
ESMRJ,Madridejos,Madridejos,ES,39.46667,-3.53333
ESMRN,Maracena,Maracena,ES,37.2,-3.63333
ESMRS,Muros,Muros,ES,42.7744106,-9.0575351
ESMSN,Masnou,Masnou,ES,41.48333,2.31667
ESMTC,Montblanc,Montblanc,ES,41.38333,1.16667
ESMTQ,Montesquiu,Montesquiu,ES,42.1,2.2
ESMTU,Motrico (Mutriku),Motrico (Mutriku),ES,43.3,-2.38333
ESMUN,Munguía,Munguía,ES,43.35,-2.83333
ESMUS,Musel-Arnao,Musel-Arnao,ES,43.56667,-5.7
ESNAA,Ayegui,Ayegui,ES,42.65,-2.03333
ESNBL,Noblejas,Noblejas,ES,39.98333,-3.43333
ESNCA,Inca,Inca,ES,39.71667,2.9
ESNCO,Coristanco,Coristanco,ES,43.2,-8.75
ESNDD,Las Noras de Daza,Las Noras de Daza,ES,36.75,-2.73333
ESNJE,Nájera,Nájera,ES,42.41667,-2.73333
ESNLL,Santa Olalla,Santa Olalla,ES,40.01667,-4.43333
ESNRA,Salinas De Pamplona,Salinas De Pamplona,ES,42.75,-1.65
ESNRT,Monserrat,Monserrat,ES,39.36667,-0.6
ESNTR,Mentrida,Mentrida,ES,40.23333,-4.18333
ESNVS,Noves,Noves,ES,40.0450267,-4.2730023
ESOLY,Olias del Rey,Olias del Rey,ES,39.95,-3.96667
ESOLZ,Olazagutía,Olazagutía,ES,42.86667,-2.2
ESOMR,Mora,Mora,ES,39.66667,-3.76667
ESOND,Ondárroa,Ondárroa,ES,43.31667,-2.41667
ESONS,Obanos,Obanos,ES,42.68333,-1.78333
ESOOP,Cadaqués,Cadaqués,ES,42.28333,3.28333
ESORJ,Órjiva,Órjiva,ES,36.9,-3.41667
ESOSR,Oroso,Oroso,ES,42.98333,-8.43333
ESOTG,Ortigueira,Ortigueira,ES,43.66667,-7.85
ESOTO,Rotova,Rotova,ES,38.93333,-0.25
ESOUT,Outes,Outes,ES,42.85,-8.9
ESOZL,Orzola,Orzola,ES,29.21667,-13.45
ESPAF,Pajara Fuerteventura,Pajara Fuerteventura,ES,28.35,-14.1
ESPAL,Palamós,Palamós,ES,41.85,3.13333
ESPAN,Pantoja,Pantoja,ES,40.05,-3.83333
ESPAS,Pasajes,Pasajes,ES,43.3239952,-1.9200587
ESPAZ,Pilar de la Horadada,Pilar de la Horadada,ES,37.8994714,-0.8257645
ESPBU,Pancorbo,Pancorbo,ES,42.63333,-3.1
ESPCN,Picassent,Picassent,ES,39.35,-0.45
ESPD3,Puerto de la Selva,Puerto de la Selva,ES,42.6747197,-0.6736098
ESPDS,Puerto de Sagunto,Puerto de Sagunto,ES,39.65,-0.21667
ESPET,Petra,Petra,ES,39.61667,3.1
ESPEV,Pontevedra,Pontevedra,ES,42.428065,-8.6041447
ESPGU,Puerto de Guimar,Puerto de Guimar,ES,28.3,-16.36667
ESPIT,Pitillas,Pitillas,ES,42.41667,-1.61667
ESPJC,Poliña Jucar,Poliña Jucar,ES,39.2,-0.36667
ESPLC,Polanco,Polanco,ES,43.3846227,-4.0180307
ESPLI,Playa Ingles,Playa Ingles,ES,27.76667,-15.58333
ESPMI,Palma de Mallorca,Palma de Mallorca,ES,39.56667,2.63333
ESPNY,Sant Antoni de Portmany,Sant Antoni de Portmany,ES,38.98333,1.3
ESPOR,Portugalete,Portugalete,ES,43.3189646,-3.0198633
ESPPS,Puerto de Playa de Santiago,Puerto de Playa de Santiago,ES,28.03333,-17.2
ESPRE,Puerto Calero,Puerto Calero,ES,28.91667,-13.7
ESPRG,Puig-reig,Puig-reig,ES,41.98333,1.86667
ESPRO,Puerto Rosario,Puerto Rosario,ES,28.5,-13.86667
ESPRT,Portosin,Portosin,ES,42.76667,-8.95
ESPSJ,Playa San Juan,Playa San Juan,ES,28.16667,-16.8
ESPSL,Posada de Llanera,Posada de Llanera,ES,43.43333,-5.85
ESPSM,Puerto de Santa Maria,Puerto de Santa Maria,ES,36.6,-6.23333
ESPSO,Pola de Siero,Pola de Siero,ES,43.4,-5.65
ESPTM,Puertomarin,Puertomarin,ES,42.8,-7.61667
ESPTN,Son (Puerto del Son),Son (Puerto del Son),ES,42.68333,-9.01667
ESPUC,Puerto del Carmen,Puerto del Carmen,ES,28.91667,-13.66667
ESPVA,Puras,Puras,ES,41.18333,-4.65
ESPVG,Puerto de Vega,Puerto de Vega,ES,43.56667,-6.63333
ESQFU,Corralejo,Corralejo,ES,28.7400646,-13.8693225
ESQIS,Quismondo,Quismondo,ES,40.1,-4.31667
ESQIU,Ciudadela,Ciudadela,ES,39.9920763,3.8978496
ESQLY,Playa Blanca,Playa Blanca,ES,28.8631949,-13.8298966
ESRA5,Rajadell,Rajadell,ES,41.71667,1.7
ESRAL,Sarral,Sarral,ES,41.43333,1.23333
ESRBI,Ribeira (Santa Uxia),Ribeira (Santa Uxia),ES,42.55,-9
ESRBS,Ribadesella,Ribadesella,ES,43.4456557,-5.0835484
ESRDA,Alcala del Rio,Alcala del Rio,ES,37.51667,-5.96667
ESRDE,Rubielos de Mora,Rubielos de Mora,ES,40.18333,-0.65
ESRDP,Renedo de Pielago,Renedo de Pielago,ES,43.35,-3.95
ESREG,Rioseco de Guriezo,Rioseco de Guriezo,ES,43.3646827,-3.3174481
ESRES,Casar de Cáceres,Casar de Cáceres,ES,39.56667,-6.41667
ESRIB,Ribadeo,Ribadeo,ES,43.511372,-7.1267022
ESROM,El Rompido,El Rompido,ES,37.21667,-7.11667
ESRON,Lantaron,Lantaron,ES,42.747826,-2.9942274
ESROS,Rosas,Rosas,ES,42.2632018,3.1755328
ESROT,Rota,Rota,ES,36.6228636,-6.3599595
ESRPL,Ripoll,Ripoll,ES,42.2,2.18333
ESRRS,Ferreras,Ferreras,ES,41.9,-6.18333
ESRTA,Rentería,Rentería,ES,43.31667,-1.9
ESRUE,Rueda,Rueda,ES,41.41667,-4.95
ESRUM,Santo Angel,Santo Angel,ES,37.93333,-1.11667
ESRUZ,Puerto de la Cruz,Puerto de la Cruz,ES,28.41667,-16.55
ESS8C,Santervas De Campos,Santervas De Campos,ES,42.21667,-5.1
ESS9S,Salinas de Oro,Salinas de Oro,ES,42.78333,-1.88333
ESSAA,San Antonio,San Antonio,ES,37.1762761,-3.1137503
ESSAD,Sada,Sada,ES,42.5871778,-1.3983063
ESSAG,Sagunto,Sagunto,ES,39.68333,-0.26667
ESSAP,San Pedro Pescador,San Pedro Pescador,ES,42.18333,3.08333
ESSAS,San Asensio,San Asensio,ES,42.5,-2.75
ESSAT,Salinetas,Salinetas,ES,27.976322,-15.377358
ESSBT,San Bartolomé de Tirajana,San Bartolomé de Tirajana,ES,27.849902,-15.5879004
ESSCI,San Ciprian,San Ciprian,ES,43.707141,-7.462028
ESSCR,San Carlos de la Rápita,San Carlos de la Rápita,ES,40.61667,0.6
ESSCT,Santa Cruz de Tenerife,Santa Cruz de Tenerife,ES,28.467178,-16.2507843
ESSDG,Sallent de Gallego,Sallent de Gallego,ES,42.76667,-0.33333
ESSDR,Santander,Santander,ES,43.4618932,-3.8100255
ESSEO,San Esteban de Pravia,San Esteban de Pravia,ES,43.5541268,-6.0863275
ESSER,Serra,Serra,ES,39.68333,-0.43333
ESSEW,Seña,Seña,ES,43.38541,-3.41298
ESSFL,Sant Feliu de Llobregat,Sant Feliu de Llobregat,ES,41.38333,2.05
ESSFO,San Fernando,San Fernando,ES,36.46667,-6.2
ESSFU,Sant Feliu de Guixols,Sant Feliu de Guixols,ES,41.78333,3.03333
ESSGD,Santa Agueda,Santa Agueda,ES,36.703394,-4.5439842
ESSGT,San Agustin,San Agustin,ES,40.0591346,-0.6930191
ESSID,San Isidro de Dueñas,San Isidro de Dueñas,ES,41.8981884,-4.5171421
ESSIO,Casasimarro,Casasimarro,ES,39.36667,-2.03333
ESSIS,Sils,Sils,ES,41.8,2.75
ESSIT,Sitges,Sitges,ES,41.23333,1.83333
ESSJ2,Sant Jordi,Sant Jordi,ES,39.55,2.76667
ESSJN,San Juan de Nivea,San Juan de Nivea,ES,43.58333,-5.91667
ESSJO,Sant Joan Despí,Sant Joan Despí,ES,41.36667,2.06667
ESSL4,Sant Lluís,Sant Lluís,ES,39.83333,4.25
ESSL8,Sobradelo,Sobradelo,ES,42.58333,-8.78333
ESSMD,Sant Miquel de Fluvià,Sant Miquel de Fluvià,ES,42.16667,2.98333
ESSNR,Santurce,Santurce,ES,43.33333,-3.03333
ESSO8,San Miguel Del Arroyo,San Miguel Del Arroyo,ES,41.43333,-4.45
ESSOL,El Port,El Port,ES,42.3704661,3.1605735
ESSOV,Sollana,Sollana,ES,39.2784514,-0.3818215
ESSP4,Sanguineda,Sanguineda,ES,42.18333,-8.63333
ESSPC,Santa Cruz de La Palma,Santa Cruz de La Palma,ES,28.68333,-17.76667
ESSPO,Santa Pola,Santa Pola,ES,38.1923641,-0.5555464
ESSPP,San Pedro del Pinatar,San Pedro del Pinatar,ES,37.8314949,-0.7854862
ESSPQ,San Pedro Ceque,San Pedro Ceque,ES,42.0432719,-6.0736153
ESSRH,San Román de Hornija,San Román de Hornija,ES,41.48333,-5.28333
ESSSG,San Sebastian de la Gomera,San Sebastian de la Gomera,ES,28.0910382,-17.1110077
ESSTE,Santa Eulalia del Río,Santa Eulalia del Río,ES,38.98333,1.51667
ESSUM,Sumarcarcer,Sumarcarcer,ES,39.1,0.63333
ESSUR,Santa Úrsula,Santa Úrsula,ES,28.41667,-16.46667
ESSVB,San Vicente de la Barquera,San Vicente de la Barquera,ES,43.38333,-4.38333
ESSVI,San Vicente,San Vicente,ES,42.45,-7.06667
ESSVQ,Sevilla,Sevilla,ES,37.3886303,-5.9953403
ESSXX,Sangenjo,Sangenjo,ES,42.4,-8.8
ESTAL,El Tarajal,El Tarajal,ES,37.4931673,-4.1935104
ESTAR,Tarragona,Tarragona,ES,41.1172364,1.2546057
ESTAZ,Tazacorte,Tazacorte,ES,28.63333,-17.93333
ESTBR,Tabara,Tabara,ES,41.81667,-5.95
ESTBZ,Tabuenca,Tabuenca,ES,41.7,-1.55
ESTDC,Trobajo del Cerecedo,Trobajo del Cerecedo,ES,42.56667,-5.58333
ESTDY,Tordoya,Tordoya,ES,43.1,-8.56667
ESTEM,Tembleque,Tembleque,ES,39.6970824,-3.5020102
ESTG2,Les Borges del Camp,Les Borges del Camp,ES,41.16667,1.01667
ESTHO,Torre Horadada,Torre Horadada,ES,37.86667,-0.75
ESTJF,Tijarafe,Tijarafe,ES,28.7,-17.95
ESTJI,La Tejita,La Tejita,ES,28.0364,-16.5569424
ESTJQ,Tejina,Tejina,ES,28.53333,-16.35
ESTKG,Tossa (Tossa de Mar),Tossa (Tossa de Mar),ES,41.71667,2.93333
ESTMS,Torre de Miguel Sesmero,Torre de Miguel Sesmero,ES,38.6180189,-6.7966844
ESTO9,Palomeque,Palomeque,ES,40.11667,-3.95
ESTOR,Torrevieja,Torrevieja,ES,37.9775416,-0.6828446
ESTOT,Tortosa,Tortosa,ES,40.8110158,0.5209333
ESTRE,Trebujena,Trebujena,ES,36.86667,-6.16667
ESTRF,Tarifa,Tarifa,ES,36.0129082,-5.6050213
ESTRR,Torredembarra,Torredembarra,ES,41.15,1.4
ESTRU,Trubia,Trubia,ES,43.5,-5.73333
ESTRY,Real de Montroy,Real de Montroy,ES,39.33333,-0.6
ESTT2,La Selva del Camp,La Selva del Camp,ES,41.2,1.13333
ESTTO,Treto,Treto,ES,43.3935609,-3.4737167
ESTVC,Tornavacas,Tornavacas,ES,40.25,-5.68333
ESUCC,Belmonte,Belmonte,ES,39.56667,-2.7
ESUIS,Ucieda,Ucieda,ES,43.25,-4.23333
ESUNY,Avinyó,Avinyó,ES,41.86667,1.96667
ESURI,Llauri,Llauri,ES,39.15,-0.33333
ESURZ,Urroz,Urroz,ES,43.1001519,-1.7073351
ESV7N,Vidania,Vidania,ES,43.13333,-2.15
ESV8C,San Cristobal de Entrevinas,San Cristobal de Entrevinas,ES,42.05,-5.63333
ESV8M,Villasana De Mena,Villasana De Mena,ES,43.1,-3.28333
ESVBN,Villabona,Villabona,ES,43.18333,-2.05
ESVCC,Vallcarca,Vallcarca,ES,41.23333,1.86667
ESVGO,Vigo,Vigo,ES,42.2376602,-8.7247205
ESVGR,Valle Gran Rey,Valle Gran Rey,ES,28.1158533,-17.3209828
ESVIL,Villagarcía de Arosa,Villagarcía de Arosa,ES,42.6,-8.75
ESVIT,Vitoria-Gasteiz,Vitoria-Gasteiz,ES,42.85,-2.66667
ESVIV,Viveiro,Viveiro,ES,43.66667,-7.6
ESVJO,Valera de Abajo,Valera de Abajo,ES,39.76667,-2.15
ESVLC,Valencia,Valencia,ES,39.4697065,-0.3763353
ESVLG,Villanueva y Geltrú (Vilanova i la Geltrú),Villanueva y Geltrú (Vilanova i la Geltrú),ES,41.21667,1.73333
ESVVR,Vivares,Vivares,ES,39.0874537,-5.8957961
ESVZM,Vizmalo,Vizmalo,ES,42.16667,-4.1
ESVZO,Vimianzo,Vimianzo,ES,43.11667,-9.03333
ESVZR,Vinaroz,Vinaroz,ES,40.4703992,0.4746076
ESZ8N,Zalain,Zalain,ES,43.28333,-1.7
ESZ8R,Echarri-Aranaz,Echarri-Aranaz,ES,42.9,-2.06667
ESZAZ,Zaragoza,Zaragoza,ES,41.6915847,-0.9101268
ESZMF,Sauzal,Sauzal,ES,28.46667,-16.41667
ESZUE,Zuera,Zuera,ES,41.86667,-0.78333
ESZZ4,Villaflor,Villaflor,ES,41.58333,-5.98333
FIAHL,Alholmen,Alholmen,FI,63.7,22.7
FIAJO,Ajos,Ajos,FI,65.66667,24.56667
FIAKK,Asikkala,Asikkala,FI,62.05,28.43333
FIBAR,Baronsalmi,Baronsalmi,FI,59.96667,23.86667
FIBRA,Brändö,Brändö,FI,60.41667,21.05
FIBRO,Bromarv,Bromarv,FI,59.98333,23.03333
FIDEG,Degerby,Degerby,FI,60.1,24.18333
FIDLS,Taalintehdas (Dalsbruk),Taalintehdas (Dalsbruk),FI,60.01667,22.51667
FIDRA,Dragsfjärd,Dragsfjärd,FI,60.06667,22.46667
FIECK,Eckerö,Eckerö,FI,60.21667,19.61667
FIEJO,Euraåminne (Eurajoki),Euraåminne (Eurajoki),FI,61.2,21.73333
FIEM2,Elämäjärvi,Elämäjärvi,FI,63.48333,25.66667
FIENK,Enonkoski,Enonkoski,FI,62.08333,28.91667
FIESP,Espoo (Esbo),Espoo (Esbo),FI,60.2,24.65
FIFAR,Färjsundet,Färjsundet,FI,60.23333,20.01667
FIFOG,Föglö,Föglö,FI,60.01667,20.41667
FIFOR,Förby,Förby,FI,60.092062,22.875069
FIGDB,Gottby (Godby),Gottby (Godby),FI,60.13333,19.83333
FIGUL,Gullö,Gullö,FI,59.95,23.41667
FIHAK,Hakkola,Hakkola,FI,62.38333,22.71667
FIHAL,Halonen,Halonen,FI,60.927894,21.479179
FIHAO,Hailuoto,Hailuoto,FI,65,24.83333
FIHAR,Harvaluoto,Harvaluoto,FI,60.3661376,22.4744117
FIHAU,Haukipudas,Haukipudas,FI,65.1763737,25.3532265
FIHEL,Helsinki,Helsinki,FI,60.16667,24.93333
FIHIM,Himanka,Himanka,FI,64.06667,23.65
FIHIT,Hiitinen,Hiitinen,FI,59.88333,22.5
FIHKO,Hanko (Hangö),Hanko (Hangö),FI,59.824775,22.9678907
FIHMA,Himankakylä,Himankakylä,FI,64.16667,23.7
FIHMN,Hamina (Fredrikshamn),Hamina (Fredrikshamn),FI,60.56667,27.2
FIHOG,Högsåra,Högsåra,FI,59.95,22.36667
FIHOU,Houtskär (Houtskari),Houtskär (Houtskari),FI,60.21667,21.38333
FIHVM,Hirvensalmi,Hirvensalmi,FI,61.63333,26.8
FIIIS,Iisalmi (Idensalmi),Iisalmi (Idensalmi),FI,63.55,27.18333
FIIMA,Imatra,Imatra,FI,61.16667,28.75
FIINI,Iniö,Iniö,FI,60.4,21.4
FIINK,Inkoo (Ingå),Inkoo (Ingå),FI,60.0461105,24.0042086
FIISN,Isnäs,Isnäs,FI,60.3909054,25.9978666
FIJAN,Janakkala,Janakkala,FI,60.9,24.6
FIJOE,Joensuu,Joensuu,FI,62.6,29.76667
FIJOU,Joutseno,Joutseno,FI,61.1,28.48333
FIJUK,Juuka,Juuka,FI,63.23333,29.25
FIJUS,Jussaro,Jussaro,FI,59.81667,23.56667
FIJYV,Jyväskylä,Jyväskylä,FI,62.25,25.73333
FIKAN,Kantlax (Kaitalahti),Kantlax (Kaitalahti),FI,63.4140067,22.3069154
FIKAS,Kaskö (Kaskinen),Kaskö (Kaskinen),FI,62.3845858,21.2225761
FIKEM,Kemi/Tornio (Kemi/Torneå),Kemi/Tornio (Kemi/Torneå),FI,65.73333,24.56667
FIKES,Kesälahti,Kesälahti,FI,61.88333,29.83333
FIKIM,Kimito (Kemiö),Kimito (Kemiö),FI,60.16667,22.75
FIKIR,Kirkniemi,Kirkniemi,FI,60.16667,23.95
FIKJO,Kalajoki,Kalajoki,FI,64.25,23.95
FIKK5,Kalliola,Kalliola,FI,61.08333,25.63333
FIKKR,Kökar,Kökar,FI,59.93333,20.88333
FIKKV,Koskenkorva,Koskenkorva,FI,62.68333,22.46667
FIKLA,Klamila,Klamila,FI,60.51667,27.46667
FIKLV,Kallviken,Kallviken,FI,60.36667,26.45
FIKNT,Kantvik,Kantvik,FI,60.08333,24.38333
FIKOJ,Kojonkulma,Kojonkulma,FI,60.95,22.98333
FIKOK,Kokkola (Karleby),Kokkola (Karleby),FI,63.83333,23.11667
FIKOR,Korppoo (Korpo),Korppoo (Korpo),FI,60.16667,21.56667
FIKPL,Kaipola,Kaipola,FI,61.81667,25.21667
FIKRO,Kronvik,Kronvik,FI,63.06667,21.51667
FIKRS,Kristinestad (Kristiinankaupunki),Kristinestad (Kristiinankaupunki),FI,62.28333,21.38333
FIKSN,Kasnäs,Kasnäs,FI,59.91667,22.4
FIKTK,Kotka,Kotka,FI,60.46667,26.91667
FIKTQ,Kitee,Kitee,FI,62.1,30.11667
FIKUM,Kumlinge,Kumlinge,FI,60.26667,20.78333
FIKUO,Kuopio,Kuopio,FI,62.88333,27.68333
FIKUR,Kuru,Kuru,FI,61.86667,23.73333
FIKUS,Kustavi (Gustavs),Kustavi (Gustavs),FI,60.5458493,21.3558051
FIKVH,Koverhar (Koverhaara),Koverhar (Koverhaara),FI,59.86667,23.21667
FILAK,Lakulahti,Lakulahti,FI,60.51667,27.16667
FILAN,Långnäs,Långnäs,FI,60.1167372,20.2984396
FILAP,Lappvik (Lappohja),Lappvik (Lappohja),FI,59.9,23.25
FILHO,Halosenlahti,Halosenlahti,FI,65.23333,25.31667
FILLO,Lapaluoto,Lapaluoto,FI,64.66667,24.43333
FILLX,Lielax,Lielax,FI,60.31667,22.4
FILOV,Lovisa (Loviisa),Lovisa (Loviisa),FI,60.45,26.23333
FILPJ,Lappajärvi,Lappajärvi,FI,63.2,23.63333
FILPP,Villmanstrand (Lappeenranta),Villmanstrand (Lappeenranta),FI,61.05,28.18333
FILSK,Lindkoski,Lindkoski,FI,60.63333,26.26667
FILUA,Luumäki,Luumäki,FI,60.91667,27.66667
FILUK,Laukaa,Laukaa,FI,62.41667,25.95
FILUV,Luvia,Luvia,FI,61.35,21.61667
FILVB,Lövböle,Lövböle,FI,60.15,22.55
FIMAA,Maaninka,Maaninka,FI,63.15,27.3
FIMER,Sastmola (Merikarvia),Sastmola (Merikarvia),FI,61.85,21.5
FIMHQ,Mariehamn (Maarianhamina),Mariehamn (Maarianhamina),FI,60.1,19.95
FIMIK,Sankt Michel (Mikkeli),Sankt Michel (Mikkeli),FI,61.68333,27.26667
FIMRS,Marsund,Marsund,FI,60.2,19.7
FIMTY,Mäntyluoto,Mäntyluoto,FI,61.58333,21.48333
FIMUL,Multia,Multia,FI,62.41667,24.78333
FIMUN,Munsala,Munsala,FI,63.48333,22.33333
FIMUS,Mustola,Mustola,FI,61.06667,28.3
FINAU,Nauvo (Nagu),Nauvo (Nagu),FI,60.18333,21.91667
FINLI,Nådendal (Naantali),Nådendal (Naantali),FI,60.45,22.03333
FINLS,Nilsia,Nilsia,FI,63.2046382,28.086253
FINOU,Nousiainen (Nousis),Nousiainen (Nousis),FI,60.6,22.08333
FINUR,Nurmes,Nurmes,FI,63.53333,29.16667
FIOLK,Olkiluoto,Olkiluoto,FI,61.23333,21.48333
FIOUL,Uleåborg (Oulu),Uleåborg (Oulu),FI,65.01667,25.46667
FIPAA,Parola,Parola,FI,61.03333,24.35
FIPAH,Parhalahti,Parhalahti,FI,64.48333,24.33333
FIPAR,Pargas (Parainen),Pargas (Parainen),FI,60.3,22.3
FIPER,Pernå (Pernaja),Pernå (Pernaja),FI,60.45,26.05
FIPK9,Piikkiö,Piikkiö,FI,60.43333,22.51667
FIPNL,Pennala,Pennala,FI,62.7002135,30.2587007
FIPOH,Skuru (Pohjankuru),Skuru (Pohjankuru),FI,60.11667,23.55
FIPOR,Pori (Björneborg),Pori (Björneborg),FI,61.48333,21.8
FIPRK,Parikkala,Parikkala,FI,61.55,29.5
FIPRS,Pietarsaari (Jakobstad),Pietarsaari (Jakobstad),FI,63.68333,22.78333
FIPRV,Porvoo (Borgå),Porvoo (Borgå),FI,60.4,25.66667
FIPSI,Poitsila,Poitsila,FI,60.55,27.16667
FIPT2,Pihtipudas,Pihtipudas,FI,63.38333,25.56667
FIPUH,Puhos,Puhos,FI,62.1,29.91667
FIPUU,Puumala,Puumala,FI,61.5225791,28.1776248
FIRAA,Raahe (Brahestad),Raahe (Brahestad),FI,64.68333,24.48333
FIRAU,Raumo (Rauma),Raumo (Rauma),FI,61.13333,21.5
FIREP,Reposaari,Reposaari,FI,61.61667,21.45
FIRHU,Rouhu,Rouhu,FI,60.53333,21.66667
FIRIS,Ristiina,Ristiina,FI,61.5,27.26667
FIROY,Röyttä,Röyttä,FI,65.75,24.16667
FIRTR,Rautaruukki,Rautaruukki,FI,64.65,24.41667
FIRUI,Ruovesi,Ruovesi,FI,61.98333,24.08333
FIRUO,Strömfors (Ruotsinpyhtää),Strömfors (Ruotsinpyhtää),FI,60.53333,26.45
FIRVN,Rovaniemi,Rovaniemi,FI,66.5,25.71667
FIRYM,Rymättylä (Rimito),Rymättylä (Rimito),FI,60.36667,21.95
FISAL,Salo,Salo,FI,60.2946985,23.2696461
FISAN,Sandö (Santasaari),Sandö (Santasaari),FI,60.1777591,22.1275167
FISAR,Finby (Särkisalo),Finby (Särkisalo),FI,60.1105525,23.2554388
FISBG,Sveaborg (Suomenlinna),Sveaborg (Suomenlinna),FI,60.13333,24.98333
FISII,Siilinjärvi,Siilinjärvi,FI,63.08333,27.66667
FISIP,Sipoo (Sibbo),Sipoo (Sibbo),FI,60.36667,25.26667
FISKB,Skogby,Skogby,FI,59.9202491,23.3098703
FISKI,Skinnarvik,Skinnarvik,FI,60.13333,22.46667
FISKU,Skutviken,Skutviken,FI,59.93333,23.38333
FISKV,Sköldvik (Kilpilahti),Sköldvik (Kilpilahti),FI,60.3,25.55
FISLY,Siltakylä (Broby),Siltakylä (Broby),FI,60.5,26.75
FISMA,Summa,Summa,FI,60.53333,27.11667
FISNA,Snappertuna,Snappertuna,FI,60,23.65
FISSI,Särkisalmi,Särkisalmi,FI,61.6,29.48333
FISTR,Strömma,Strömma,FI,60.1481177,21.5319816
FISUL,Sunila,Sunila,FI,60.48333,26.95
FISVK,Sulkava,Sulkava,FI,60.75,25.2
FISVL,Savonlinna (Nyslott),Savonlinna (Nyslott),FI,61.86667,28.9
FITAI,Tammisaari (Ekenäs),Tammisaari (Ekenäs),FI,59.96667,23.43333
FITEI,Teijo,Teijo,FI,60.2572635,22.9539692
FITES,Tessvär,Tessvär,FI,60.05,22.9
FITHK,Tahkoluoto,Tahkoluoto,FI,61.63333,21.41667
FITJO,Tessjö (Tesjoki),Tessjö (Tesjoki),FI,60.46667,26.31667
FITKU,Åbo (Turku),Åbo (Turku),FI,60.45,22.28333
FITMP,Tampere (Tammerfors),Tampere (Tammerfors),FI,61.5,23.75
FITOJ,Töjby,Töjby,FI,62.65,21.16667
FITOK,Tolkkinen (Tolkis),Tolkkinen (Tolkis),FI,60.33333,25.58333
FITOR,Tornio (Torneå),Tornio (Torneå),FI,65.85,24.18333
FITOT,Tottesund,Tottesund,FI,63.23333,22.05
FITSD,Tervsund,Tervsund,FI,60.25,22.31667
FITVA,Tvärminne,Tvärminne,FI,59.83333,23.18333
FITVS,Tövsala (Taivassalo),Tövsala (Taivassalo),FI,60.56667,21.6
FIUIM,Uimaharju,Uimaharju,FI,62.9,30.23333
FIUKI,Uusikaupunki (Nystad),Uusikaupunki (Nystad),FI,60.8,21.41667
FIUKP,Uusikaarlepyy (Nykarleby),Uusikaarlepyy (Nykarleby),FI,63.53333,22.53333
FIULV,Ulvila,Ulvila,FI,61.43333,21.88333
FIUSK,Uskila,Uskila,FI,61.0390498,25.4071995
FIUUS,Uusi-Valamo/Heinävesi,Uusi-Valamo/Heinävesi,FI,62.563055,28.790555
FIVAA,Vasa (Vaasa),Vasa (Vaasa),FI,63.1,21.6
FIVAR,Vartsala,Vartsala,FI,60.33333,23
FIVAS,Vestlax,Vestlax,FI,60.08333,22.76667
FIVEI,Veitsiluoto,Veitsiluoto,FI,65.68333,24.63333
FIVEL,Velkua,Velkua,FI,60.46667,21.66667
FIVIR,Varpuniemi (Kello),Varpuniemi (Kello),FI,64.689496,28.5034628
FIVJK,Varjakka,Varjakka,FI,64.9846544,25.3301792
FIVKO,Valkom (Valko),Valkom (Valko),FI,60.4118817,26.2385236
FIVKT,Vuoksen Terminal,Vuoksen Terminal,FI,61.21667,28.81667
FIVRA,Virrat (Virdois),Virrat (Virdois),FI,62.23333,23.75
FIVRK,Varkaus,Varkaus,FI,62.31667,27.9
FIVSS,Vuosaari (Nordsjö),Vuosaari (Nordsjö),FI,60.21667,25.18333
FIVTF,Västanfjärd,Västanfjärd,FI,60.05,22.65
FIWAS,Vasklot (Vaskiluoto),Vasklot (Vaskiluoto),FI,63.1,21.56667
FIYXP,Yxpila,Yxpila,FI,63.83333,23.03333
FIZBQ,Perttula,Perttula,FI,60.45,24.7
FJDEN,Denarau,Denarau,FJ,-17.76667,177.38333
FJELL,Ellington Wharf,Ellington Wharf,FJ,-17.35,178.21667
FJLBS,Labasa,Labasa,FJ,-16.41667,179.38333
FJLTK,Lautoka,Lautoka,FJ,-17.61667,177.45
FJMAL,Malau (Labasa),Malau (Labasa),FJ,-16.36667,179.38333
FJMOM,Momi,Momi,FJ,-17.91667,177.28333
FJNAM,Nambouwalu,Nambouwalu,FJ,-16.98333,178.7
FJRTA,Rotuma,Rotuma,FJ,-12.4994758,177.0394456
FJSIN,Singatoka,Singatoka,FJ,-18.16667,177.51667
FJSUV,Suva,Suva,FJ,-18.13333,178.45
FJSVU,Savusavu,Savusavu,FJ,-16.7802184,179.3328955
FJVAT,Vatia Wharf,Vatia Wharf,FJ,-17.4,177.76667
FJVUD,Vuda,Vuda,FJ,-17.6805217,177.4303282
FJWAI,Wairiki,Wairiki,FJ,-16.8048744,179.990617
FKFBE,Fox Bay,Fox Bay,FK,-51.955849,-60.0711277
FKPSY,Port Stanley,Port Stanley,FK,-51.6930616,-57.856525
FMEAU,Eauripik Atoll,Eauripik Atoll,FM,6.7,143.06667
FMGAF,Gaferut Atoll,Gaferut Atoll,FM,9.23333,145.38333
FMIFA,Ifalik Atoll,Ifalik Atoll,FM,7.23333,144.45
FMKSA,Kosrae (ex Kusaie),Kosrae (ex Kusaie),FM,5.3142621,162.9811154
FMLUK,Lukunor Atoll,Lukunor Atoll,FM,5.51667,153.76667
FMNGA,Ngatik,Ngatik,FM,5.8,157.26667
FMPLW,Puluwat,Puluwat,FM,7.35,149.18333
FMPNI,Pohnpei (ex Ponape),Pohnpei (ex Ponape),FM,6.8870468,158.2406138
FMPUL,Pulap Island,Pulap Island,FM,7.58333,149.41667
FMSAT,Satawal,Satawal,FM,8.0788903,146.7212922
FMSOR,Sorol Atoll,Sorol Atoll,FM,8.13333,140.38333
FMTKK,Chuuk (ex Truk),Chuuk (ex Truk),FM,7.416667,151.783333
FMWOL,Woleai Atoll,Woleai Atoll,FM,7.35,143.86667
FMYAP,Yap,Yap,FM,9.5462683,138.1651599
FOEDI,Eidi,Eidi,FO,62.3,-7.08333
FOFUG,Fuglafjørdur,Fuglafjørdur,FO,62.2438445,-6.8133219
FOHUS,Husevig,Husevig,FO,61.8098896,-6.6796208
FOHYV,Hoyvik,Hoyvik,FO,62.03333,-6.75
FOKOL,Kollafjördur,Kollafjördur,FO,62.11667,-6.88333
FOKVI,Klaksvik,Klaksvik,FO,62.2254921,-6.5837755
FOLOP,Lopra,Lopra,FO,61.44311,-6.7703364
FONLS,Nólsoy,Nólsoy,FO,62.01667,-6.66667
FONSK,Norÿskáli,Norÿskáli,FO,62.21667,-7
FORVK,Runavík,Runavík,FO,62.11667,-6.71667
FOSJO,Sjovar havn,Sjovar havn,FO,62.1,-6.75
FOSKA,Skáli,Skáli,FO,62.15,-6.76667
FOSMJ,Solmundefjord,Solmundefjord,FO,62.1575065,-6.7525633
FOSRV,Sorvágur,Sorvágur,FO,62.06667,-7.3
FOSTR,Strendur,Strendur,FO,62.11667,-6.75
FOSYN,Streymnes,Streymnes,FO,62.2,-7.01667
FOTHO,Thorshavn,Thorshavn,FO,62.01667,-6.76667
FOTOF,Toftir,Toftir,FO,62.1,-6.73333
FOTOR,Tórshavn,Tórshavn,FO,62.0101396,-6.7715709
FOTVO,Tvoroyri,Tvoroyri,FO,61.55,-6.8
FOVAG,Vágur,Vágur,FO,61.46667,-6.81667
FOVES,Vestmanhavn,Vestmanhavn,FO,62.156389,-7.166389
FR33G,Plassac,Plassac,FR,45.1,-0.65
FR3CG,Bessan,Bessan,FR,43.36667,3.41667
FR43H,Olonzac,Olonzac,FR,43.28333,2.71667
FR4MM,Malestroit,Malestroit,FR,47.81667,-2.38333
FR4PS,Plessé,Plessé,FR,47.53333,-1.88333
FR4S4,Saint-André-de-la-Roche,Saint-André-de-la-Roche,FR,43.73333,7.28333
FR4VA,Villesèquelande,Villesèquelande,FR,43.23333,2.23333
FR5EP,Épervans,Épervans,FR,46.75,4.9
FR5TB,Saint-Trojan-les-Bains,Saint-Trojan-les-Bains,FR,45.83333,-1.2
FR69R,Chasselay,Chasselay,FR,45.86667,4.78333
FR8AY,Uzemain,Uzemain,FR,48.08333,6.35
FR8GT,Guitalens-l'Albarède,Guitalens-l'Albarède,FR,43.65,2.05
FR8LV,Landunvez,Landunvez,FR,48.53333,-4.73333
FR9AV,Vadencourt,Vadencourt,FR,49.93333,3.56667
FR9DS,Dieue-Sur-Meuse,Dieue-Sur-Meuse,FR,49.06667,5.41667
FR9SS,Ressons-le-Long,Ressons-le-Long,FR,49.38333,3.15
FRA84,Aubais,Aubais,FR,43.7546,4.14898
FRA86,Achery,Achery,FR,49.68333,3.38333
FRAA2,Asnelles,Asnelles,FR,49.33333,-0.58333
FRAAH,Apach,Apach,FR,49.45,6.36667
FRAAI,Bouliac,Bouliac,FR,44.81667,-0.51667
FRAAO,Aramon,Aramon,FR,43.9,4.66667
FRABA,Rabastens,Rabastens,FR,43.81667,1.73333
FRABB,Abbeville,Abbeville,FR,50.1,1.83333
FRAD5,Tourouzelle,Tourouzelle,FR,43.25,2.73333
FRADB,Andernos-les-Bains,Andernos-les-Bains,FR,44.73333,-1.1
FRAEO,Auvers-sur-Oise,Auvers-sur-Oise,FR,49.06667,2.18333
FRAGF,Agen,Agen,FR,44.2,0.61667
FRAGK,Le Cap-d'Agde,Le Cap-d'Agde,FR,43.28333,3.51667
FRAIQ,Audruicq,Audruicq,FR,50.86667,2.06667
FRAJA,Ajaccio,Ajaccio,FR,41.93333,8.73333
FRAJK,Brasles,Brasles,FR,49.05,3.43333
FRAJR,Argeliers,Argeliers,FR,43.3,2.9
FRAMI,Amiens,Amiens,FR,49.9,2.3
FRAMS,Ambès,Ambès,FR,45,-0.53333
FRANO,Langon,Langon,FR,44.55,-0.25
FRANT,Antibes,Antibes,FR,43.58333,7.11667
FRAO7,Chardonnay,Chardonnay,FR,46.5,4.86667
FRAQS,Asnières-sur-Seine,Asnières-sur-Seine,FR,48.91667,2.28333
FRAQX,Redessan,Redessan,FR,43.83333,4.5
FRARC,Arcachon,Arcachon,FR,44.65,-1.18333
FRARD,Ardres,Ardres,FR,50.85,1.98333
FRARJ,Puyricard,Puyricard,FR,43.5826783,5.4206091
FRARR,Arras,Arras,FR,50.28333,2.78333
FRAUD,Audierne,Audierne,FR,48.01667,-4.56667
FRAUF,Auxerre,Auxerre,FR,47.8,3.56667
FRAVN,Avignon,Avignon,FR,43.95,4.8
FRAWS,Aiserey,Aiserey,FR,47.16667,5.16667
FRAXY,Argancy,Argancy,FR,49.2,6.2
FRAYT,Aytré,Aytré,FR,46.13333,-1.1
FRAYW,Ay,Ay,FR,49.05,4
FRB6P,Beaumont-de-Pertuis,Beaumont-de-Pertuis,FR,43.73333,5.7
FRBAI,Indre,Indre,FR,47.2,-1.66667
FRBAS,Bassens,Bassens,FR,44.9,-0.51667
FRBAU,Boucau,Boucau,FR,43.51667,-1.48333
FRBAV,Bavilliers,Bavilliers,FR,47.61667,6.83333
FRBAY,Bayonne,Bayonne,FR,43.5,-1.48333
FRBBB,Val d'Oust,Val d'Oust,FR,47.85,-2.45
FRBCA,Beaucaire,Beaucaire,FR,43.8,4.63333
FRBCJ,Le Barcarès,Le Barcarès,FR,42.78333,3.03333
FRBCQ,Boissettes,Boissettes,FR,48.51667,2.61667
FRBDD,Bidart,Bidart,FR,43.43333,-1.56667
FRBEP,Brazey-en-Plaine,Brazey-en-Plaine,FR,47.13333,5.21667
FRBES,Brest,Brest,FR,48.4,-4.48333
FRBET,Béthune,Béthune,FR,50.53333,2.63333
FRBEV,Berville-sur-Mer,Berville-sur-Mer,FR,49.43333,0.36667
FRBFT,Botans,Botans,FR,47.6,6.85
FRBG2,Saint-Bonnet-sur-Gironde,Saint-Bonnet-sur-Gironde,FR,45.35,-0.66667
FRBG6,Hiers-Brouage,Hiers-Brouage,FR,45.85,-1.06667
FRBH4,Bourcefranc-le-Chapus,Bourcefranc-le-Chapus,FR,45.85,-1.15
FRBHC,Bouchain,Bouchain,FR,50.28333,3.31667
FRBIA,Bastia,Bastia,FR,42.7,9.45
FRBIQ,Biarritz,Biarritz,FR,43.48333,-1.55
FRBKD,Roquefort-des-Corbières,Roquefort-des-Corbières,FR,42.98333,2.95
FRBLD,Bar-le-Duc,Bar-le-Duc,FR,48.78333,5.16667
FRBLF,Balaruc-les-Bains,Balaruc-les-Bains,FR,43.45,3.68333
FRBM3,La Beaumette,La Beaumette,FR,46.3799512,5.9866883
FRBM7,Bernières-sur-Mer,Bernières-sur-Mer,FR,49.33333,-0.41667
FRBM8,Bricqueville-sur-Mer,Bricqueville-sur-Mer,FR,48.91667,-1.51667
FRBMT,Beaumont-sur-Oise,Beaumont-sur-Oise,FR,49.13333,2.3
FRBN2,Binic,Binic,FR,48.6,-2.83333
FRBN4,Le Bonhomme,Le Bonhomme,FR,48.1725057,7.1139949
FRBOD,Bordeaux,Bordeaux,FR,44.83333,-0.58333
FRBOI,Bouguenais,Bouguenais,FR,47.18333,-1.61667
FRBOL,Boulogne-sur-Mer,Boulogne-sur-Mer,FR,50.71667,1.61667
FRBON,Bonifacio,Bonifacio,FR,41.38333,9.16667
FRBPS,Blénod-lès-Pont-à-Mousson,Blénod-lès-Pont-à-Mousson,FR,48.88333,6.05
FRBQA,Bauvin,Bauvin,FR,50.51667,2.9
FRBQH,La Bussière-sur-Ouche,La Bussière-sur-Ouche,FR,47.21667,4.71667
FRBQT,Brebotte,Brebotte,FR,47.58333,6.96667
FRBR5,La Barbotière,La Barbotière,FR,49.1211526,-1.3154756
FRBRQ,Brebières,Brebières,FR,50.33333,3.01667
FRBSC,Bonsecours,Bonsecours,FR,49.43333,1.13333
FRBSM,Bonneuil-sur-Marne,Bonneuil-sur-Marne,FR,48.76667,2.48333
FRBSN,Besançon,Besançon,FR,47.25,6.03333
FRBTU,Betton,Betton,FR,48.16667,-1.63333
FRBXO,Bollène,Bollène,FR,44.28333,4.73333
FRBYE,Blaye,Blaye,FR,45.13333,-0.66667
FRC26,Chanos-Curson,Chanos-Curson,FR,45.06667,4.91667
FRC2H,Chausey,Chausey,FR,48.8521506,-1.7853241
FRC2P,Capo Pertusato,Capo Pertusato,FR,41.36667,9.18333
FRCA2,Cuxac-d'Aude,Cuxac-d'Aude,FR,43.25,3
FRCAW,Cabourg,Cabourg,FR,49.28333,-0.11667
FRCBT,Capbreton,Capbreton,FR,43.63333,-1.43333
FRCC4,Chassey-le-Camp,Chassey-le-Camp,FR,46.88333,4.7
FRCCK,Cantois,Cantois,FR,44.7,-0.23333
FRCCN,Cérons,Cérons,FR,44.63333,-0.33333
FRCCP,Cubzac-les-Ponts,Cubzac-les-Ponts,FR,44.96667,-0.45
FRCDH,Castets-en-Dorthe,Castets-en-Dorthe,FR,44.55,-0.15
FRCDX,Capendu,Capendu,FR,43.18333,2.55
FRCEQ,Cannes,Cannes,FR,43.55,7.01667
FRCER,Cherbourg-en-Cotentin,Cherbourg-en-Cotentin,FR,49.63333,-1.61667
FRCFG,Châteauneuf-le-Rouge,Châteauneuf-le-Rouge,FR,43.48333,5.56667
FRCFR,Caen,Caen,FR,49.18333,-0.36667
FRCGF,Le Sourn,Le Sourn,FR,48.05,-2.98333
FRCHM,Charleville-Mézières,Charleville-Mézières,FR,49.76667,4.71667
FRCIJ,Le Cailar,Le Cailar,FR,43.66667,4.23333
FRCJO,Cepoy,Cepoy,FR,48.05,2.71667
FRCKT,Cruet,Cruet,FR,45.51667,6.08333
FRCKY,Cancale,Cancale,FR,48.68333,-1.85
FRCL2,La Cerlangue,La Cerlangue,FR,49.5,0.41667
FRCLY,Calvi,Calvi,FR,42.56667,8.75
FRCM4,Charly-sur-Marne,Charly-sur-Marne,FR,48.96667,3.28333
FRCMC,Chamblanc,Chamblanc,FR,47.01667,5.15
FRCMP,Compiègne,Compiègne,FR,49.41667,2.81667
FRCMR,Colmar,Colmar,FR,48.08333,7.35
FRCMT,Chaumont,Chaumont,FR,48.11667,5.13333
FRCN5,Centuri,Centuri,FR,42.95,9.35
FRCN6,Le Controis-en-Sologne,Le Controis-en-Sologne,FR,47.41667,1.45
FRCNG,Cognac,Cognac,FR,45.7,-0.33333
FRCOC,Concarneau,Concarneau,FR,47.88333,-3.91667
FRCOZ,Caronte,Caronte,FR,43.4,5.01667
FRCP3,Capinghem,Capinghem,FR,50.65,2.96667
FRCQ4,Locmariaquer,Locmariaquer,FR,47.56667,-2.95
FRCQD,Cendrecourt,Cendrecourt,FR,47.85,5.93333
FRCQF,Calais,Calais,FR,50.95,1.85
FRCQG,Caumont-sur-Garonne,Caumont-sur-Garonne,FR,44.45,0.2
FRCQN,Château-Landon,Château-Landon,FR,48.15,2.7
FRCQQ,Caplong,Caplong,FR,44.78333,0.13333
FRCQR,Cruscades,Cruscades,FR,43.18333,2.81667
FRCR4,Créancey,Créancey,FR,47.25,4.6
FRCRL,Creil,Creil,FR,49.25,2.48333
FRCS2,La Chapelle-Saint-Sauveur,La Chapelle-Saint-Sauveur,FR,46.83333,5.26667
FRCS5,Chenac-Saint-Seurin-d'Uzet,Chenac-Saint-Seurin-d'Uzet,FR,45.51667,-0.83333
FRCSD,Crêches-sur-Saône,Crêches-sur-Saône,FR,46.25,4.78333
FRCSM,Châlons-en-Champagne,Châlons-en-Champagne,FR,48.95,4.36667
FRCSS,Chalon-sur-Saône,Chalon-sur-Saône,FR,46.78333,4.85
FRCT2,Coustellet,Coustellet,FR,43.88333,5.18333
FRCT4,Chaillevette,Chaillevette,FR,45.73333,-1.05
FRCXA,Chatillon-Saint-Jean,Chatillon-Saint-Jean,FR,45.08333,5.13333
FRCXS,Châtillon-sur-Loire,Châtillon-sur-Loire,FR,47.58333,2.75
FRCXY,Cordemais,Cordemais,FR,47.28333,-1.88333
FRCYI,Chamilly,Chamilly,FR,46.86667,4.68333
FRDAD,Saint-Martin-d'Ardèche,Saint-Martin-d'Ardèche,FR,44.3,4.56667
FRDAL,Dallon,Dallon,FR,49.81667,3.23333
FRDAS,Saint-Martin-d'Ablois,Saint-Martin-d'Ablois,FR,49,3.86667
FRDBE,Bénodet,Bénodet,FR,47.86667,-4.1
FRDC2,Cheminas,Cheminas,FR,45.11667,4.75
FRDCG,Saint-Cast-le-Guildo,Saint-Cast-le-Guildo,FR,48.6,-2.25
FRDCJ,Saint-Christoly-Médoc,Saint-Christoly-Médoc,FR,45.35,-0.83333
FRDDR,Deyme,Deyme,FR,43.48333,1.53333
FRDEI,Denneville,Denneville,FR,49.31667,-1.65
FRDEN,Denain,Denain,FR,50.31667,3.4
FRDGD,Damgan,Damgan,FR,47.51667,-2.58333
FRDIJ,Dijon,Dijon,FR,47.31667,5.05
FRDKK,Dunkerque,Dunkerque,FR,51.03333,2.38333
FRDLJ,L'Île-d'Olonne,L'Île-d'Olonne,FR,46.56667,-1.78333
FRDML,Dom-le-Mesnil,Dom-le-Mesnil,FR,49.68333,4.8
FRDMS,Dormans,Dormans,FR,49.06667,3.63333
FRDMV,Demangevelle,Demangevelle,FR,47.93333,6.03333
FRDNJ,Dions,Dions,FR,43.9329,4.2977
FRDNZ,Billy-le-Grand,Billy-le-Grand,FR,49.1,4.23333
FRDOL,Deauville,Deauville,FR,49.36667,0.06667
FRDON,Donges,Donges,FR,47.3,-2.06667
FRDPE,Dieppe,Dieppe,FR,49.91667,1.08333
FRDRZ,Douarnenez,Douarnenez,FR,48.1,-4.33333
FRDUT,Lanildut,Lanildut,FR,48.48333,-4.75
FRDVT,Darvault,Darvault,FR,48.26667,2.73333
FRDXG,Le Lion-d'Angers,Le Lion-d'Angers,FR,47.63333,-0.71667
FRDXZ,Pupillin,Pupillin,FR,46.88333,5.76667
FRDYJ,Moidrey,Moidrey,FR,48.56667,-1.5
FRE29,Etel,Etel,FR,47.65,-3.2
FRE7M,Le Martelet,Le Martelet,FR,46.3,4.7
FRECI,Écuelles,Écuelles,FR,48.35,2.81667
FREDU,Dieulouard,Dieulouard,FR,48.85,6.06667
FREEX,Vereux,Vereux,FR,47.51667,5.63333
FREFG,Bonnelles,Bonnelles,FR,48.61667,2.03333
FREFR,Châteauneuf-de-Gadagne,Châteauneuf-de-Gadagne,FR,43.93333,4.93333
FREG5,Vallabrègues,Vallabrègues,FR,43.85,4.63333
FREGE,Labège,Labège,FR,43.53333,1.53333
FREGG,Épagne-Épagnette,Épagne-Épagnette,FR,50.06667,1.86667
FREGR,Segré,Segré,FR,47.68333,-0.86667
FREHA,Bréhan,Bréhan,FR,48.06667,-2.68333
FREHN,Le Chesne,Le Chesne,FR,49.51667,4.76667
FREHU,Ercheu,Ercheu,FR,49.71667,2.95
FREHY,Brethenay,Brethenay,FR,48.15,5.11667
FREIO,Étiolles,Étiolles,FR,48.63333,2.46667
FREM2,Essômes-sur-Marne,Essômes-sur-Marne,FR,49.01667,3.36667
FREMR,Porquerolles,Porquerolles,FR,43,6.2
FRENC,Nancy,Nancy,FR,48.7,6.18333
FREP5,Épineuil,Épineuil,FR,47.86667,3.98333
FREQN,Le Quesne,Le Quesne,FR,49.8627972,1.798255
FRER4,Érôme,Érôme,FR,45.11667,4.81667
FRER5,Cers,Cers,FR,43.31667,3.3
FRESB,Esbly,Esbly,FR,48.9,2.81667
FRESM,Étalondes,Étalondes,FR,50.03333,1.38333
FRET2,Etretat,Etretat,FR,49.7,0.2
FRETA,Étalans,Étalans,FR,47.15,6.26667
FRETB,Berre-l'Étang,Berre-l'Étang,FR,43.46667,5.16667
FREUI,Lérouville,Lérouville,FR,48.78333,5.53333
FREVD,Pléneuf-Val-André,Pléneuf-Val-André,FR,48.6,-2.55
FREVR,Évry,Évry,FR,48.61667,2.43333
FREXS,Estaires,Estaires,FR,50.63333,2.71667
FREYZ,Eyrein,Eyrein,FR,45.33333,1.95
FREZX,Comps,Comps,FR,45.06667,-0.6
FRF29,Pont-Aven,Pont-Aven,FR,47.85,-3.75
FRF2V,Fermanville,Fermanville,FR,49.68333,-1.45
FRF3M,Fresnes-sur-Marne,Fresnes-sur-Marne,FR,48.93333,2.73333
FRFA3,Francueil,Francueil,FR,47.31667,1.08333
FRFAU,Fresnes-sur-Escaut,Fresnes-sur-Escaut,FR,50.43333,3.58333
FRFAX,Boncourt-le-Bois,Boncourt-le-Bois,FR,47.13333,5
FRFBH,Monfaucon,Monfaucon,FR,44.91667,0.25
FRFBI,Fougères-sur-Bièvre,Fougères-sur-Bièvre,FR,47.45,1.35
FRFBL,Fublaines,Fublaines,FR,48.93333,2.93333
FRFDR,Fraissé-des-Corbières,Fraissé-des-Corbières,FR,42.96667,2.86667
FRFEC,Fécamp,Fécamp,FR,49.75,0.38333
FRFEY,Feyzin,Feyzin,FR,45.66667,4.86667
FRFIE,Fontafie,Fontafie,FR,45.86667,0.53333
FRFMA,Fumay,Fumay,FR,49.96667,4.68333
FRFNS,Flins,Flins,FR,48.96667,1.86667
FRFOP,Fontaine-le-Port,Fontaine-le-Port,FR,48.48333,2.76667
FRFOS,Fos-sur-Mer,Fos-sur-Mer,FR,43.43333,4.93333
FRFS4,Saint-Pair-sur-Mer,Saint-Pair-sur-Mer,FR,48.81667,-1.56667
FRFTB,Fort-Batard,Fort-Batard,FR,50.9,2
FRFTJ,Les Fougerêts,Les Fougerêts,FR,47.73333,-2.21667
FRFUL,Feuillères,Feuillères,FR,49.95,2.83333
FRFUS,Fouesnant,Fouesnant,FR,47.9,-4.01667
FRG2X,Groix,Groix,FR,47.63333,-3.46667
FRG33,La Rivière,La Rivière,FR,44.93333,-0.31667
FRG63,Pérignat-lès-Sarliève,Pérignat-lès-Sarliève,FR,45.73333,3.13333
FRG8R,Chusclan,Chusclan,FR,44.15,4.68333
FRG8V,Glaire-et-Villette,Glaire-et-Villette,FR,49.71667,4.91667
FRGAO,Gigny-sur-Saône,Gigny-sur-Saône,FR,46.66667,4.91667
FRGB2,Guéthary,Guéthary,FR,43.41667,-1.6
FRGBQ,Guarbecque,Guarbecque,FR,50.61667,2.48333
FRGCH,Guichen,Guichen,FR,47.96667,-1.78333
FRGCP,Grandcamp-Maisy,Grandcamp-Maisy,FR,49.3883142,-1.0413789
FRGDM,La Grande-Motte,La Grande-Motte,FR,43.56667,4.08333
FRGDS,Grande-Synthe,Grande-Synthe,FR,51,2.28333
FRGEW,Gueberschwihr,Gueberschwihr,FR,48,7.28333
FRGFR,Granville,Granville,FR,48.83333,-1.58333
FRGFV,Lavigny,Lavigny,FR,46.71667,5.6
FRGHD,Geudertheim,Geudertheim,FR,48.71667,7.75
FRGHG,La Hague,La Hague,FR,49.65,-1.81667
FRGHT,Scharrachbergheim,Scharrachbergheim,FR,48.6,7.48333
FRGJN,Mutigny,Mutigny,FR,49.06667,4.01667
FRGLA,Les Angles,Les Angles,FR,43.96667,4.76667
FRGLO,Gonfreville-l'Orcher,Gonfreville-l'Orcher,FR,49.5,0.23333
FRGMS,Gujan-Mestras,Gujan-Mestras,FR,44.63333,-1.06667
FRGNY,Grigny,Grigny,FR,48.65,2.38333
FRGON,Saint-Géréon,Saint-Géréon,FR,47.36667,-1.2
FRGPI,Saint-Léger-le-Petit,Saint-Léger-le-Petit,FR,47.11667,3
FRGPO,Grand-Fort-Philippe,Grand-Fort-Philippe,FR,51,2.1
FRGRV,Gravelines,Gravelines,FR,50.98333,2.13333
FRGSU,Morsang-sur-Seine,Morsang-sur-Seine,FR,48.56667,2.5
FRGT3,Louailles,Louailles,FR,47.8,-0.25
FRGTN,Genets,Genets,FR,48.68333,-1.48333
FRGUR,Gauriac,Gauriac,FR,45.06667,-0.61667
FRGUZ,Bouzigues,Bouzigues,FR,43.45,3.65
FRGV6,Gravette,Gravette,FR,43.5090387,0.399261
FRGVL,Gennevilliers,Gennevilliers,FR,48.93333,2.3
FRGXE,Guenrouet,Guenrouet,FR,47.51667,-1.96667
FRGXY,Gergy,Gergy,FR,46.88333,4.95
FRH57,Hartzviller,Hartzviller,FR,48.66667,7.08333
FRH67,Hohwarth,Hohwarth,FR,48.33333,7.35
FRHAO,Chaumousey,Chaumousey,FR,48.16667,6.33333
FRHBV,Heudebouville,Heudebouville,FR,49.2,1.25
FRHDO,Hoedic,Hoedic,FR,47.33333,-2.88333
FRHEJ,Puyguilhem,Puyguilhem,FR,44.73333,0.35
FRHET,Hennebont,Hennebont,FR,47.8,-3.28333
FRHEY,Chessy,Chessy,FR,48.88333,2.76667
FRHIY,Chierry,Chierry,FR,49.03333,3.43333
FRHJK,Bonnencontre,Bonnencontre,FR,47.08333,5.15
FRHMX,Île-de-Batz,Île-de-Batz,FR,48.74465,-4.0131095
FRHOG,Hombourg,Hombourg,FR,47.76667,7.5
FRHON,Honfleur,Honfleur,FR,49.41667,0.23333
FRHOP,Hopital-Camfrout,Hopital-Camfrout,FR,48.33333,-4.23333
FRHOT,Île-d'Houat,Île-d'Houat,FR,47.38995,-2.9552112
FRHPY,Chipilly,Chipilly,FR,49.91667,2.65
FRHRA,Soing-Cubry-Charentenay,Soing-Cubry-Charentenay,FR,47.58333,5.88333
FRHRF,Harfleur,Harfleur,FR,49.5,0.2
FRHRN,Harnes,Harnes,FR,50.45,2.9
FRHS2,Haisnes,Haisnes,FR,50.51667,2.8
FRHSA,Hauteville-sur-Mer,Hauteville-sur-Mer,FR,48.98333,-1.53333
FRHSG,Hossegor,Hossegor,FR,43.66667,-1.43333
FRHSN,Le Theil-sur-Huisne,Le Theil-sur-Huisne,FR,48.26667,0.7
FRHTI,Taden,Taden,FR,48.48333,-2.01667
FRHUN,Huningue,Huningue,FR,47.6,7.58333
FRHV2,Hautvillers,Hautvillers,FR,49.08333,3.95
FRHY9,Cheny,Cheny,FR,47.95,3.53333
FRHYD,Bligny,Bligny,FR,48.16667,4.61667
FRHYJ,Prinquiau,Prinquiau,FR,47.36667,-2.01667
FRHYR,Hyères,Hyères,FR,43.11667,6.11667
FRHZK,Crestet,Crestet,FR,44.21667,5.1
FRIAV,Saint-Savinien,Saint-Savinien,FR,45.88333,-0.68333
FRIBA,La Vôge-les-Bains,La Vôge-les-Bains,FR,48,6.26667
FRIDX,Ile-d'Aix,Ile-d'Aix,FR,46.01667,-1.18333
FRIDY,L'Île-d'Yeu,L'Île-d'Yeu,FR,46.71667,-2.35
FRIEC,Riec-sur-Bélon,Riec-sur-Bélon,FR,47.83333,-3.7
FRIGS,Ingrandes,Ingrandes,FR,47.4,-0.91667
FRIHR,Île-de-Bréhat,Île-de-Bréhat,FR,48.8432094,-3.0007713
FRIHS,Biaches,Biaches,FR,49.91667,2.91667
FRIHT,Richemont,Richemont,FR,49.28333,6.16667
FRILR,L'Île-Rousse,L'Île-Rousse,FR,42.63333,8.93333
FRILS,Morainvilliers,Morainvilliers,FR,48.93333,1.93333
FRIOU,Issou,Issou,FR,48.98333,1.8
FRIRT,Bissert,Bissert,FR,48.93333,7.03333
FRIS4,Île-de-Sein,Île-de-Sein,FR,48.03333,-4.85
FRISG,Isle-Saint-Georges,Isle-Saint-Georges,FR,44.71667,-0.48333
FRISM,Isigny-sur-Mer,Isigny-sur-Mer,FR,49.3,-1.1
FRIUS,Les Trois Lacs,Les Trois Lacs,FR,49.23333,1.33333
FRIXY,Igney,Igney,FR,48.26667,6.4
FRIY8,Chauffour,Chauffour,FR,48.6208278,6.2543713
FRIZO,Izon,Izon,FR,44.91667,-0.36667
FRJAV,Javrezac,Javrezac,FR,45.7,-0.35
FRJFM,Ondes,Ondes,FR,43.78333,1.3
FRJKI,Hordain,Hordain,FR,50.26667,3.31667
FRJLP,Juan-les-Pins,Juan-les-Pins,FR,43.56667,7.1
FRJMQ,Combertault,Combertault,FR,47,4.9
FRJPL,Virey,Virey,FR,46.83333,4.86667
FRJUU,Jouarre,Jouarre,FR,48.93333,3.13333
FRJYS,La Penne-sur-Ouveze,La Penne-sur-Ouveze,FR,44.25,5.21667
FRKAQ,Saint-Julien-de-Chédon,Saint-Julien-de-Chédon,FR,47.3319841,1.2076041
FRKLO,Ponte Leccia,Ponte Leccia,FR,42.46667,9.2
FRKLU,Muides-sur-Loire,Muides-sur-Loire,FR,47.66667,1.53333
FRKLY,Cruzy,Cruzy,FR,43.35,2.95
FRKRE,Kerlouan,Kerlouan,FR,48.65,-4.36667
FRKRZ,Reigny,Reigny,FR,46.5765317,2.3522203
FRL49,Liré,Liré,FR,47.35,-1.16667
FRL5T,Lignières-de-Touraine,Lignières-de-Touraine,FR,47.3,0.41667
FRL83,La Moutonne,La Moutonne,FR,43.11667,6.06667
FRLA4,Lauris,Lauris,FR,43.75,5.31667
FRLA5,Lauraguel,Lauraguel,FR,43.1,2.16667
FRLAD,l'Ardoise,l'Ardoise,FR,44.1,4.7
FRLAI,Lannion,Lannion,FR,48.73333,-3.45
FRLAV,Lavéra,Lavéra,FR,43.38333,5.03333
FRLBD,La Bassée,La Bassée,FR,50.53333,2.8
FRLCR,Le Creusot,Le Creusot,FR,46.8,4.43333
FRLCT,La Ciotat,La Ciotat,FR,43.18333,5.6
FRLD2,Logonna-Daoulas,Logonna-Daoulas,FR,48.31667,-4.3
FRLDN,Landerneau,Landerneau,FR,48.45,-4.25
FRLEH,Le Havre,Le Havre,FR,49.5,0.1
FRLEZ,Lézardrieux,Lézardrieux,FR,48.78333,-3.1
FRLF2,Lège-Cap-Ferret,Lège-Cap-Ferret,FR,44.8,-1.15
FRLFR,Le Fret,Le Fret,FR,48.28333,-4.51667
FRLGM,Lagny-sur-Marne,Lagny-sur-Marne,FR,48.86667,2.71667
FRLGQ,Le Grand-Quevilly,Le Grand-Quevilly,FR,49.41667,1.03333
FRLGR,Le Grau-du-Roi,Le Grau-du-Roi,FR,43.53333,4.13333
FRLGU,le Guildo,le Guildo,FR,48.56667,-2.21667
FRLIB,Libourne,Libourne,FR,44.91667,-0.25
FRLIO,Lyon,Lyon,FR,45.76667,4.83333
FRLIS,L'Isle-sur-la-Sorgue,L'Isle-sur-la-Sorgue,FR,43.91667,5.05
FRLJG,Illange,Illange,FR,49.33333,6.18333
FRLKJ,Campouriez,Campouriez,FR,44.68333,2.61667
FRLKL,Lesconil,Lesconil,FR,47.8,-4.21667
FRLKZ,Concoeur-et-Corboin,Concoeur-et-Corboin,FR,47.16667,4.91667
FRLLE,Lille,Lille,FR,50.63333,3.06667
FRLLW,Villevallier,Villevallier,FR,48.01667,3.31667
FRLMD,la Mède,la Mède,FR,43.4,5.11667
FRLMW,La Maxe,La Maxe,FR,49.16667,6.18333
FRLMY,Limay,Limay,FR,48.98333,1.73333
FRLMZ,Limetz-Villez,Limetz-Villez,FR,49.06667,1.55
FRLN3,Landéda,Landéda,FR,48.58333,-4.56667
FRLN8,Landevennec,Landevennec,FR,48.3,-4.26667
FRLO6,Lanmodez,Lanmodez,FR,48.85,-3.1
FRLO7,Loché,Loché,FR,46.28333,4.76667
FRLO9,Chorey-les-Beaune,Chorey-les-Beaune,FR,47.05,4.86667
FRLOA,Longueau,Longueau,FR,49.86667,2.35
FRLOC,Loctudy,Loctudy,FR,47.83333,-4.16667
FRLOW,Loisy,Loisy,FR,46.58333,5.03333
FRLP7,Lamor-Plage,Lamor-Plage,FR,47.7,-3.38333
FRLPE,la Pallice,la Pallice,FR,46.16667,-1.21667
FRLQ4,Trédrez-Locquémeau,Trédrez-Locquémeau,FR,48.7,-3.56667
FRLQ5,Locquirec,Locquirec,FR,48.7,-3.65
FRLQA,Le Mas-d'Agenais,Le Mas-d'Agenais,FR,44.4,0.21667
FRLQD,Lesdins,Lesdins,FR,49.88333,3.26667
FRLQG,Lamagistère,Lamagistère,FR,44.11667,0.8
FRLQT,Louvières,Louvières,FR,48.03333,5.28333
FRLRH,La Rochelle,La Rochelle,FR,46.16667,-1.15
FRLRT,Lorient,Lorient,FR,47.75,-3.36667
FRLSB,Les Billaux,Les Billaux,FR,44.95,-0.23333
FRLSO,Les Sables-d'Olonne,Les Sables-d'Olonne,FR,46.5,-1.78333
FRLTF,Les Trois-Fontaines,Les Trois-Fontaines,FR,50.13333,4.78333
FRLTR,Le Tréport,Le Tréport,FR,50.06667,1.36667
FRLTT,Le Trait,Le Trait,FR,49.48333,0.8
FRLUQ,Lugrin,Lugrin,FR,46.4,6.66667
FRLVE,Le Verdon-sur-Mer,Le Verdon-sur-Mer,FR,45.55,-1.06667
FRLWM,Le Moustoir,Le Moustoir,FR,47.61667,-2.85
FRLXA,Le Perreux-sur-Marne,Le Perreux-sur-Marne,FR,48.83333,2.48333
FRLZF,La Forêt-Fouesnant,La Forêt-Fouesnant,FR,47.91667,-3.98333
FRM52,Vandières,Vandières,FR,49.1,3.73333
FRM56,Séné,Séné,FR,47.61667,-2.75
FRM57,Vaux,Vaux,FR,49.1,6.1
FRM75,Muids,Muids,FR,49.21667,1.3
FRM89,Mailly-le-Château,Mailly-le-Château,FR,47.6,3.63333
FRMAC,Mâcon,Mâcon,FR,46.3,4.83333
FRMAU,Maubeuge,Maubeuge,FR,50.28333,3.96667
FRMBT,Montbartier,Montbartier,FR,43.9,1.26667
FRMCC,Morancé,Morancé,FR,45.9,4.7
FRMCQ,Macau,Macau,FR,45.01667,-0.61667
FRMDA,Mudaison,Mudaison,FR,43.63333,4.01667
FRMDW,Sainte-Maure-de-Peyriac,Sainte-Maure-de-Peyriac,FR,44.01667,0.15
FRME4,Mérifons,Mérifons,FR,43.61667,3.28333
FRME5,Île-Molène,Île-Molène,FR,48.396318,-4.9568086
FRMEA,Meaux,Meaux,FR,48.96667,2.88333
FRMEL,Melun,Melun,FR,48.53333,2.66667
FRMGU,Mauguio,Mauguio,FR,43.61667,4.01667
FRMHB,La Trinité-sur-Mer,La Trinité-sur-Mer,FR,47.58333,-3.03333
FRMJU,Moulle,Moulle,FR,50.78333,2.16667
FRMJY,Colombier,Colombier,FR,44.78333,0.51667
FRMKX,Crissay-sur-Manse,Crissay-sur-Manse,FR,47.15,0.48333
FRML9,Molosmes,Molosmes,FR,47.88333,4.05
FRMLH,Mulhouse,Mulhouse,FR,47.75,7.33333
FRMM6,Montmartin-sur-Mer,Montmartin-sur-Mer,FR,48.98333,-1.51667
FRMMJ,Saint-Androny,Saint-Androny,FR,45.18333,-0.65
FRMMV,Malmy,Malmy,FR,49.6,4.83333
FRMOS,Montargis,Montargis,FR,48,2.73333
FRMQA,Martot,Martot,FR,49.3,1.05
FRMQY,Millery,Millery,FR,48.81667,6.11667
FRMR3,Mornac-sur-Seudre,Mornac-sur-Seudre,FR,45.71667,-1.03333
FRMR6,Mérignat,Mérignat,FR,46.06667,5.43333
FRMR7,Marolles,Marolles,FR,48.71667,4.63333
FRMRN,Marans,Marans,FR,46.3,-1
FRMRS,Marseille,Marseille,FR,43.3,5.4
FRMRW,Mireval,Mireval,FR,43.5,3.8
FRMSI,Méry-sur-Oise,Méry-sur-Oise,FR,49.06667,2.2
FRMT6,Montech,Montech,FR,43.95,1.23333
FRMTD,Montbéliard,Montbéliard,FR,47.51667,6.8
FRMTX,Montoir-de-Bretagne,Montoir-de-Bretagne,FR,47.33333,-2.15
FRMV2,Malleval,Malleval,FR,45.38333,4.73333
FRMVG,Magnanville,Magnanville,FR,48.96667,1.68333
FRMWF,Blomac,Blomac,FR,43.2,2.6
FRMWR,Marseillan,Marseillan,FR,43.35,3.53333
FRMXN,Morlaix,Morlaix,FR,48.58333,-3.83333
FRMYK,Moyencourt,Moyencourt,FR,49.71667,2.93333
FRMZK,Le Mériot,Le Mériot,FR,48.5,3.45
FRMZM,Metz,Metz,FR,49.13333,6.16667
FRMZS,Mézières-sur-Seine,Mézières-sur-Seine,FR,48.96667,1.8
FRN25,Nommay,Nommay,FR,47.53333,6.85
FRNAC,Carnac,Carnac,FR,47.58333,-3.08333
FRNCB,Le Conquet,Le Conquet,FR,48.36667,-4.76667
FRNCE,Nice,Nice,FR,43.7,7.26667
FRNEF,Neuf-Brisach,Neuf-Brisach,FR,48.01667,7.53333
FRNEH,Vognes,Vognes,FR,45.81667,5.71667
FRNGI,Saint-Gilles,Saint-Gilles,FR,46.88333,4.66667
FRNLA,Sainte-Anne-sur-Vilaine,Sainte-Anne-sur-Vilaine,FR,47.71667,-1.81667
FRNMA,Penmarch,Penmarch,FR,47.8126044,-4.3377655
FRNMS,Nemours,Nemours,FR,48.26667,2.7
FRNMT,Sainte-Marie-du-Mont,Sainte-Marie-du-Mont,FR,49.38333,-1.21667
FRNNH,Channes,Channes,FR,47.93333,4.25
FRNOP,Baden,Baden,FR,47.61667,-2.91667
FRNOU,Port-la-Nouvelle,Port-la-Nouvelle,FR,43.01667,3.05
FRNQU,Le Conquet,Le Conquet,FR,48.36667,-4.76667
FRNRH,Penmarc'H Point,Penmarc'H Point,FR,47.8,-4.36667
FRNSD,Lavans-lès-Dole,Lavans-lès-Dole,FR,47.13333,5.58333
FRNTE,Nantes,Nantes,FR,47.21667,-1.55
FRNTZ,Bantouzelle,Bantouzelle,FR,50.06667,3.2
FRNUS,Nanteuil-sur-Aisne,Nanteuil-sur-Aisne,FR,49.51667,4.3
FRNVS,Nevers,Nevers,FR,47,3.15
FRNYI,Neuilly-en-Sancerre,Neuilly-en-Sancerre,FR,47.3,2.68333
FRNYY,Montallery,Montallery,FR,47.78333,3.7
FRNZ3,Monze,Monze,FR,43.15,2.46667
FROEI,L'Oserie,L'Oserie,FR,48.53333,0.95
FROFF,Plogoff,Plogoff,FR,48.03333,-4.66667
FROGB,Boulogne-Billancourt,Boulogne-Billancourt,FR,48.83333,2.25
FROHP,Orchamps,Orchamps,FR,47.15,5.65
FROJA,Boutiers-Saint-Trojan,Boutiers-Saint-Trojan,FR,45.71667,-0.3
FRONY,Cognocoli,Cognocoli,FR,41.81667,8.9
FROOZ,Chooz,Chooz,FR,50.1,4.8
FROQL,Locmiquélic,Locmiquélic,FR,47.71667,-3.35
FROS2,Ouessant,Ouessant,FR,48.45,-5.1
FROSH,Lutzelbourg,Lutzelbourg,FR,48.73333,7.25
FROTM,Ottmarsheim,Ottmarsheim,FR,47.78333,7.51667
FROTY,Le Crotoy,Le Crotoy,FR,50.21667,1.61667
FROUI,Ouistreham,Ouistreham,FR,49.28333,-0.26667
FROYI,Oigny-en-Valois,Oigny-en-Valois,FR,49.21667,3.13333
FROYY,Saudoy,Saudoy,FR,48.68333,3.71667
FRP5C,Busnes,Busnes,FR,50.58333,2.51667
FRP62,Pont-à-Vendin,Pont-à-Vendin,FR,50.46667,2.88333
FRPAB,Pont-l'Abbé,Pont-l'Abbé,FR,47.86667,-4.21667
FRPAD,Pagny-la-Ville,Pagny-la-Ville,FR,47.06667,5.16667
FRPAI,Paimpol,Paimpol,FR,48.78333,-3.05
FRPAJ,Pont-Arcy,Pont-Arcy,FR,49.38333,3.61667
FRPAP,Pauillac,Pauillac,FR,45.2,-0.75
FRPAR,Paris,Paris,FR,48.85,2.35
FRPBF,Paimbuf,Paimbuf,FR,47.28333,-2.01667
FRPC6,Saint-Nicolas,Saint-Nicolas,FR,50.3,2.76667
FRPD2,Plombières-lès-Dijon,Plombières-lès-Dijon,FR,47.33333,4.96667
FRPDB,Port-de-Bouc,Port-de-Bouc,FR,43.4,4.98333
FRPDF,Pontevès,Pontevès,FR,43.56667,6.05
FRPDH,Port-des-Barques,Port-des-Barques,FR,45.9485018,-1.0780706
FRPDU,Saint-Pierre-d'Autils,Saint-Pierre-d'Autils,FR,49.11667,1.41667
FRPET,Petit-Couronne,Petit-Couronne,FR,49.38333,1.03333
FRPF4,Étrigny,Étrigny,FR,46.58333,4.8
FRPG5,Port de Goulee,Port de Goulee,FR,45.4,-0.9
FRPGC,Plougrescant,Plougrescant,FR,48.85,-3.23333
FRPGQ,Pogny,Pogny,FR,48.86667,4.48333
FRPH4,Portiragnes,Portiragnes,FR,43.3,3.33333
FRPHG,Campagnac,Campagnac,FR,44.03333,1.85
FRPHN,Pleudihen-sur-Rance,Pleudihen-sur-Rance,FR,48.5,-1.96667
FRPHT,Plichancourt,Plichancourt,FR,48.75,4.65
FRPI2,Pirou,Pirou,FR,49.18333,-1.58333
FRPI9,Préfailles,Préfailles,FR,47.13333,-2.21667
FRPJE,Port-Jérôme,Port-Jérôme,FR,49.46667,0.53333
FRPJH,Saint-Christophe-la-Couperie,Saint-Christophe-la-Couperie,FR,47.25,-1.2
FRPJU,Pujaut,Pujaut,FR,44,4.76667
FRPKL,Pouillé,Pouillé,FR,47.31667,1.28333
FRPKM,Monnières,Monnières,FR,47.13333,-1.35
FRPKS,Pouilly-sur-Loire,Pouilly-sur-Loire,FR,47.28333,2.95
FRPM6,Port Manec'h,Port Manec'h,FR,47.81667,-3.78333
FRPNF,Port-Navalo,Port-Navalo,FR,47.55,-2.9
FRPNH,Pont-d'Ouche,Pont-d'Ouche,FR,47.16667,4.68333
FRPNU,Paillencourt,Paillencourt,FR,50.25,3.26667
FRPO4,Ota,Ota,FR,42.26667,8.75
FRPOV,Port-Vendres,Port-Vendres,FR,42.51667,3.11667
FRPOX,Pontrieux,Pontrieux,FR,48.7,-3.16667
FRPPL,Port-Louis,Port-Louis,FR,47.71667,-3.35
FRPQC,Pont-Réan,Pont-Réan,FR,48,-1.78333
FRPQE,Poses,Poses,FR,49.3,1.23333
FRPRC,Pornic,Pornic,FR,47.11667,-2.1
FRPRJ,Port-Joinville,Port-Joinville,FR,46.71667,-2.35
FRPRP,Propriano,Propriano,FR,41.68333,8.9
FRPS9,Perros-Guirec,Perros-Guirec,FR,48.81667,-3.45
FRPSL,Port-Saint-Louis-du-Rhône,Port-Saint-Louis-du-Rhône,FR,43.38333,4.8
FRPSX,Pont-Sainte-Maxence,Pont-Sainte-Maxence,FR,49.3,2.6
FRPTI,Pont-de-l'Isère,Pont-de-l'Isère,FR,45,4.88333
FRPTV,Pontavert,Pontavert,FR,49.4,3.81667
FRPUM,Précy-sur-Marne,Précy-sur-Marne,FR,48.93333,2.78333
FRPVO,Porto-Vecchio,Porto-Vecchio,FR,41.58333,9.28333
FRPVX,Pont-de-Vaux,Pont-de-Vaux,FR,46.43333,4.93333
FRPWA,Pernant,Pernant,FR,49.38333,3.21667
FRPXZ,Plobsheim,Plobsheim,FR,48.46667,7.71667
FRPYX,Pargny-sur-Saulx,Pargny-sur-Saulx,FR,48.76667,4.81667
FRPZ3,Plouézec,Plouézec,FR,48.75,-2.98333
FRQBR,Camarsac,Camarsac,FR,44.83333,-0.36667
FRQEN,Quenne,Quenne,FR,47.78333,3.65
FRQEY,Saint-Antoine-du-Queyret,Saint-Antoine-du-Queyret,FR,44.76667,0.01667
FRQGS,Soulanges,Soulanges,FR,48.78333,4.53333
FRQLC,Saint-Quentin-la-Motte-Croix-au-Bailly,Saint-Quentin-la-Motte-Croix-au-Bailly,FR,50.06667,1.45
FRQLK,Denicé,Denicé,FR,46,4.65
FRQMM,Campagne,Campagne,FR,43.78333,4.03333
FRQPL,Communay,Communay,FR,45.6,4.83333
FRQQQ,Cormicy,Cormicy,FR,49.36667,3.9
FRQRU,Quiberville,Quiberville,FR,49.9,0.91667
FRQSC,Quinsac,Quinsac,FR,44.75,-0.5
FRQSM,Crouttes-sur-Marne,Crouttes-sur-Marne,FR,48.98333,3.23333
FRQSO,Samois-sur-Seine,Samois-sur-Seine,FR,48.45,2.75
FRQTS,Santoche,Santoche,FR,47.4,6.51667
FRQUI,Quiberon,Quiberon,FR,47.48333,-3.11667
FRQUL,Querqueville,Querqueville,FR,49.66667,-1.7
FRQVP,Demigny,Demigny,FR,46.93333,4.83333
FRQWC,Châteauvert,Châteauvert,FR,43.5,6.03333
FRQWM,Reignier-Ésery,Reignier-Ésery,FR,46.13333,6.26667
FRQXA,Reichsfeld,Reichsfeld,FR,48.36667,7.38333
FRQYR,Troyes,Troyes,FR,48.3,4.08333
FRQYV,Colombiers,Colombiers,FR,43.31667,3.13333
FRQZH,Serra-di-Ferro,Serra-di-Ferro,FR,41.73333,8.8
FRQZX,Camillac,Camillac,FR,45.05,-0.58333
FRR26,Roche-Saint-Secret,Roche-Saint-Secret,FR,44.48333,5.03333
FRRAD,Radicatel,Radicatel,FR,49.5,0.5
FRRAV,Cravant,Cravant,FR,47.68333,3.68333
FRRCO,Rochefort,Rochefort,FR,45.95,-0.96667
FRRDM,La Couarde-sur-Mer,La Couarde-sur-Mer,FR,46.2,-1.4
FRRDN,Redon,Redon,FR,47.65,-2.08333
FRRDT,La Redorte,La Redorte,FR,43.25,2.63333
FRREI,Reichstett,Reichstett,FR,48.65,7.75
FRRF3,Toulenne,Toulenne,FR,44.55,-0.26667
FRRFA,Homps,Homps,FR,43.26667,2.71667
FRRH7,Taponas,Taponas,FR,46.11667,4.76667
FRRHE,Reims,Reims,FR,49.26667,4.03333
FRRHP,Ouessant,Ouessant,FR,48.46667,-5.08333
FRRLI,Ramillies,Ramillies,FR,50.2,3.25
FRRME,Armentières,Armentières,FR,50.68333,2.88333
FRRMO,Larmor-Baden,Larmor-Baden,FR,47.58333,-2.9
FRRN3,Rions,Rions,FR,44.65,-0.35
FRRNY,Frangy,Frangy,FR,46.01667,5.93333
FRRON,Roncq,Roncq,FR,50.75,3.11667
FRROU,Roubaix,Roubaix,FR,50.68333,3.18333
FRRQE,Rech,Rech,FR,48.98333,7.01667
FRRRB,Sarralbe,Sarralbe,FR,49,7.01667
FRRS4,Frossay,Frossay,FR,47.25,-1.93333
FRRSA,Roquebrune-sur-Argens,Roquebrune-sur-Argens,FR,43.43333,6.63333
FRRSQ,Rosult,Rosult,FR,50.45,3.36667
FRRTB,Port-en-Bessin-Huppain,Port-en-Bessin-Huppain,FR,49.35,-0.75
FRRTE,Bourg-Charente,Bourg-Charente,FR,45.66667,-0.23333
FRRTV,Chartèves,Chartèves,FR,49.08333,3.48333
FRRUN,Rungis,Rungis,FR,48.75,2.35
FRRUR,Plouër-sur-Rance,Plouër-sur-Rance,FR,48.53333,-2
FRRVC,Rivecourt,Rivecourt,FR,49.35,2.73333
FRRXL,Rosières-aux-Salines,Rosières-aux-Salines,FR,48.6,6.33333
FRRYG,le Château Renard,le Château Renard,FR,48.9080943,4.8028216
FRRYN,Royan,Royan,FR,45.61667,-1.05
FRRYY,Pierry,Pierry,FR,49.01667,3.93333
FRRZT,Saint-Désirat,Saint-Désirat,FR,45.25,4.78333
FRRZW,Combaillaux,Combaillaux,FR,43.68333,3.76667
FRRZX,Pujols-sur-Ciron,Pujols-sur-Ciron,FR,44.56667,-0.35
FRS29,Saint-Pabu,Saint-Pabu,FR,48.5659128,-4.6159266
FRS2R,Saint-Martin-de-Ré,Saint-Martin-de-Ré,FR,46.2,-1.36667
FRS4P,Santa-Maria-Poggio,Santa-Maria-Poggio,FR,42.33333,9.5
FRS5M,Saâcy-sur-Marne,Saâcy-sur-Marne,FR,48.96667,3.21667
FRS8C,Sercus,Sercus,FR,50.7,2.45
FRSAR,Sarreguemines,Sarreguemines,FR,49.11667,7.06667
FRSBK,Saint-Brieuc,Saint-Brieuc,FR,48.51667,-2.78333
FRSET,Sète,Sète,FR,43.4,3.7
FRSGT,Sainte-Gemmes-sur-Loire,Sainte-Gemmes-sur-Loire,FR,47.41667,-0.56667
FRSIR,Saint-Rémy,Saint-Rémy,FR,47.63333,4.3
FRSIT,Saint-Vit,Saint-Vit,FR,47.18333,5.81667
FRSL8,Saint-Laurent-sur-Mer,Saint-Laurent-sur-Mer,FR,49.36667,-0.88333
FRSLV,Solesmes,Solesmes,FR,47.85,-0.3
FRSML,Saint-Malo,Saint-Malo,FR,48.65,-2.01667
FRSMW,Samoreau,Samoreau,FR,48.41667,2.75
FRSNM,Flammerans,Flammerans,FR,47.23333,5.45
FRSNQ,Sancé,Sancé,FR,46.33333,4.83333
FRSNR,Saint-Nazaire,Saint-Nazaire,FR,47.28333,-2.2
FRSO6,Sauzon,Sauzon,FR,47.36667,-3.21667
FRSP5,Saint-Paul,Saint-Paul,FR,43.8989759,5.7132269
FRSPK,Spycker,Spycker,FR,50.96667,2.31667
FRSQR,Saint-Pierre-Quiberon,Saint-Pierre-Quiberon,FR,47.51667,-3.13333
FRSQS,Saint-Christ-Briost,Saint-Christ-Briost,FR,49.85,2.93333
FRSQV,Sandrancourt,Sandrancourt,FR,49.03333,1.65
FRSRL,Saint-Raphaël,Saint-Raphaël,FR,43.41667,6.76667
FRSS2,Saint-Saturnin,Saint-Saturnin,FR,43.5174547,3.3371168
FRSSK,Saint-Sébastien-sur-Loire,Saint-Sébastien-sur-Loire,FR,47.2,-1.5
FRSTP,Saint-Tropez,Saint-Tropez,FR,43.26667,6.63333
FRSTQ,Saint-Quentin,Saint-Quentin,FR,49.85,3.28333
FRSUP,Seurre,Seurre,FR,46.98333,5.15
FRSVS,Saint-Valery-sur-Somme,Saint-Valery-sur-Somme,FR,50.18333,1.63333
FRSWD,Saint-Wandrille-Rançon,Saint-Wandrille-Rançon,FR,49.53333,0.76667
FRSXB,Strasbourg,Strasbourg,FR,48.56667,7.75
FRSYQ,Sauvoy,Sauvoy,FR,48.63333,5.6
FRSYY,Sailly-sur-la-Lys,Sailly-sur-la-Lys,FR,50.65,2.76667
FRSZI,Saint-Nazaire-sur-Charente,Saint-Nazaire-sur-Charente,FR,45.95,-1.05
FRTBE,La Turballe,La Turballe,FR,47.35,-2.51667
FRTCJ,Châtillon-Coligny,Châtillon-Coligny,FR,47.81667,2.85
FRTEW,Le Thoronet,Le Thoronet,FR,43.45,6.3
FRTG4,Talmont-sur-Gironde,Talmont-sur-Gironde,FR,45.53333,-0.9
FRTGH,Thomery,Thomery,FR,48.4,2.78333
FRTIG,Tigery,Tigery,FR,48.63333,2.5
FRTII,Talais,Talais,FR,45.48333,-1.05
FRTIM,Saint-Simon,Saint-Simon,FR,49.75,3.16667
FRTIN,Pantin,Pantin,FR,48.9,2.4
FRTJE,Trouville-sur-Mer,Trouville-sur-Mer,FR,49.36667,0.08333
FRTJX,Escautpont,Escautpont,FR,50.41667,3.56667
FRTL4,Sausset-les-Pins,Sausset-les-Pins,FR,43.33333,5.11667
FRTLN,Toulon,Toulon,FR,43.11667,5.93333
FRTLP,Gatteville-le-Phare,Gatteville-le-Phare,FR,49.68333,-1.28333
FRTMG,Saint-Martin-la-Garenne,Saint-Martin-la-Garenne,FR,49.03333,1.68333
FRTMN,Thun-Saint-Martin,Thun-Saint-Martin,FR,50.2,3.28333
FRTON,Tonnay-Charente,Tonnay-Charente,FR,45.95,-0.9
FRTOV,Tourlaville,Tourlaville,FR,49.63333,-1.56667
FRTPO,Trilport,Trilport,FR,48.95,2.93333
FRTQJ,Saint-Saturnin-d'Apt,Saint-Saturnin-d'Apt,FR,43.91667,5.36667
FRTR9,Trégunc,Trégunc,FR,47.85,-3.85
FRTRE,Tréguier,Tréguier,FR,48.78333,-3.23333
FRTRI,Trignac,Trignac,FR,47.31667,-2.18333
FRTTG,Téteghem,Téteghem,FR,51,2.41667
FRTTU,Île-Tudy,Île-Tudy,FR,47.83333,-4.16667
FRTUA,Saint-Usage,Saint-Usage,FR,47.1,5.26667
FRTUU,Toucy,Toucy,FR,47.73333,3.3
FRTVL,Thionville,Thionville,FR,49.35,6.16667
FRTWA,Arès,Arès,FR,44.76667,-1.13333
FRTXM,Mulcent,Mulcent,FR,48.88333,1.65
FRTZZ,Ternay,Ternay,FR,45.61667,4.81667
FRUBS,Saubusse,Saubusse,FR,43.65,-1.18333
FRUCL,Pleumeleuc,Pleumeleuc,FR,48.18333,-1.91667
FRUCM,L'Éguille,L'Éguille,FR,45.7,-0.98333
FRUCS,Saint-Urcisse,Saint-Urcisse,FR,43.93333,1.61667
FRUDP,Camp-du-Castellet,Camp-du-Castellet,FR,43.25,5.75
FRUEU,Gueux,Gueux,FR,49.25,3.9
FRUFF,Cuffies,Cuffies,FR,49.4,3.31667
FRUFN,Buffon,Buffon,FR,47.65,4.26667
FRUGV,Bougival,Bougival,FR,48.86667,2.13333
FRUIM,Guimaëc,Guimaëc,FR,48.66667,-3.7
FRUIP,Quimper,Quimper,FR,48,-4.1
FRUJI,Saint-Gonnery,Saint-Gonnery,FR,48.11667,-2.81667
FRUJJ,Saint-Satur,Saint-Satur,FR,47.33333,2.85
FRUJK,Monnières,Monnières,FR,47.11667,5.46667
FRUJQ,Saint-Sauveur-de-Meilhan,Saint-Sauveur-de-Meilhan,FR,44.4812455,-0.001683
FRUJY,Pouilly,Pouilly,FR,47.4,3.75
FRULP,Mareuil-le-Port,Mareuil-le-Port,FR,49.08333,3.73333
FRUMX,Mareuil-lès-Meaux,Mareuil-lès-Meaux,FR,48.93333,2.85
FRUNL,Cauneille,Cauneille,FR,43.53333,-1.06667
FRUNS,Guînes,Guînes,FR,50.86667,1.86667
FRUQJ,Saint-Seuri-de-Bourg,Saint-Seuri-de-Bourg,FR,45.05,-0.56667
FRURO,Rouen,Rouen,FR,49.45,1.1
FRUSJ,Mus,Mus,FR,43.73333,4.2
FRUSU,Vulaines-sur-Seine,Vulaines-sur-Seine,FR,48.41667,2.75
FRUTE,Leucate,Leucate,FR,42.91667,3.03333
FRUTI,Écutigny,Écutigny,FR,47.08333,4.61667
FRUUC,Bruch,Bruch,FR,44.21667,0.41667
FRUUO,Boursault,Boursault,FR,49.05,3.85
FRUVI,Guerville,Guerville,FR,48.95,1.73333
FRUVJ,Mauves,Mauves,FR,45.03333,4.83333
FRUVV,Tessy-sur-Vire,Tessy-sur-Vire,FR,48.96667,-1.06667
FRUXE,Joigny,Joigny,FR,47.98333,3.4
FRUXL,Carlux,Carlux,FR,44.88333,1.35
FRUYO,Butry-sur-Oise,Butry-sur-Oise,FR,49.08333,2.2
FRV33,Villeneuve-de-Blaye,Villeneuve-de-Blaye,FR,45.08333,-0.61667
FRV88,Charmes,Charmes,FR,48.36667,6.28333
FRVA5,Saint-Vallier,Saint-Vallier,FR,46.65,4.36667
FRVAF,Valence,Valence,FR,44.93333,4.88333
FRVAL,Valenciennes,Valenciennes,FR,50.36667,3.53333
FRVC4,Villers-sous-Châtillon,Villers-sous-Châtillon,FR,49.1,3.8
FRVCS,Carnas,Carnas,FR,43.83333,3.98333
FRVEJ,Verjux,Verjux,FR,46.88333,4.96667
FRVEO,Vernaison,Vernaison,FR,45.65,4.81667
FRVEY,Clairvaux-d'Aveyron,Clairvaux-d'Aveyron,FR,44.41667,2.41667
FRVFG,Romeny-sur-Marne,Romeny-sur-Marne,FR,48.98333,3.33333
FRVFM,Villefranche-sur-Mer,Villefranche-sur-Mer,FR,43.7,7.31667
FRVGE,Villegusien-le-Lac,Villegusien-le-Lac,FR,47.73333,5.3
FRVH4,Crézancy-en-Sancerre,Crézancy-en-Sancerre,FR,47.3,2.75
FRVHM,Vendenheim,Vendenheim,FR,48.66667,7.71667
FRVIG,Saint-Thibault-des-Vignes,Saint-Thibault-des-Vignes,FR,48.86667,2.68333
FRVIY,Vincey,Vincey,FR,48.33333,6.33333
FRVJE,Murviel,Murviel,FR,43.43333,3.13333
FRVL4,Vérin,Vérin,FR,45.45,4.75
FRVM5,Verneuil,Verneuil,FR,49.1,3.66667
FRVM6,Le Vivier-sur-Mer,Le Vivier-sur-Mer,FR,48.6,-1.78333
FRVNE,Vannes,Vannes,FR,47.65,-2.76667
FRVNR,Saint-Vallerin,Saint-Vallerin,FR,46.68333,4.66667
FRVNZ,Vernizy,Vernizy,FR,46.6644399,4.2708782
FRVQR,Véron,Véron,FR,48.13333,3.3
FRVR4,Veules-les-Roses,Veules-les-Roses,FR,49.86667,0.8
FRVR5,Villerville,Villerville,FR,49.4,0.13333
FRVRD,Verdun,Verdun,FR,49.16667,5.38333
FRVRU,Ver-sur-Mer,Ver-sur-Mer,FR,49.33333,-0.53333
FRVSQ,Varesnes,Varesnes,FR,49.56667,3.05
FRVSS,Villefranche-sur-Saône,Villefranche-sur-Saône,FR,45.98333,4.71667
FRVTI,Saint-Valentin,Saint-Valentin,FR,46.95,1.86667
FRVTM,Venteuil,Venteuil,FR,49.08333,3.83333
FRVUX,Villenauxe,Villenauxe,FR,48.4,3.3
FRVVL,Villeneuve-lès-Avignon,Villeneuve-lès-Avignon,FR,43.98333,4.78333
FRW2C,Novillars,Novillars,FR,47.28333,6.13333
FRWBY,Bayon-sur-Gironde,Bayon-sur-Gironde,FR,45.05,-0.6
FRWIK,Roquecourbe,Roquecourbe,FR,43.66667,2.3
FRWMN,Blienschwiller,Blienschwiller,FR,48.33333,7.41667
FRWNT,Warneton,Warneton,FR,50.73333,2.95
FRWQA,Mézoargues,Mézoargues,FR,43.86667,4.65
FRWTT,Watten,Watten,FR,50.83333,2.21667
FRWWW,Mirepeisset,Mirepeisset,FR,43.28333,2.9
FRX28,Saint-Pierre-de-Manneville,Saint-Pierre-de-Manneville,FR,49.4,0.93333
FRXAN,Anse,Anse,FR,45.93333,4.71667
FRXCB,Corcelles-en-Beaujolais,Corcelles-en-Beaujolais,FR,46.15,4.71667
FRXCS,Saint-Vaize,Saint-Vaize,FR,45.81667,-0.63333
FRXDH,Saint-Léger-sur-Dheune,Saint-Léger-sur-Dheune,FR,46.85,4.63333
FRXER,Port-Sainte-Marie,Port-Sainte-Marie,FR,44.25,0.4
FRXEU,Buxeuil,Buxeuil,FR,48.05,4.4
FRXGL,Saint-Gilles,Saint-Gilles,FR,43.68333,4.41667
FRXGV,Saint-Gilles-Croix-de-Vie,Saint-Gilles-Croix-de-Vie,FR,46.68333,-1.93333
FRXLG,Lignorelles,Lignorelles,FR,47.85,3.71667
FRXLZ,Civrac-de-Blaye,Civrac-de-Blaye,FR,45.11667,-0.45
FRXRG,Muro,Muro,FR,42.55,8.91667
FRXRY,Luneray,Luneray,FR,49.83333,0.91667
FRXSW,Vonges,Vonges,FR,47.3,5.4
FRXVF,Monestier,Monestier,FR,44.76667,0.31667
FRXVY,Noyen-sur-Seine,Noyen-sur-Seine,FR,48.45,3.35
FRXXD,Ravigny,Ravigny,FR,48.45,-0.06667
FRXYR,Tracy-sur-Loire,Tracy-sur-Loire,FR,47.31667,2.88333
FRY78,Hardricourt,Hardricourt,FR,49,1.9
FRYAN,Junay,Junay,FR,47.88333,3.95
FRYEN,Creney-près-Troyes,Creney-près-Troyes,FR,48.33333,4.13333
FRYGP,Rogny-les-Sept-Écluses,Rogny-les-Sept-Écluses,FR,47.73333,2.88333
FRYJK,Ponteilla,Ponteilla,FR,42.63333,2.81667
FRYMS,Ambly-sur-Meuse,Ambly-sur-Meuse,FR,49.01667,5.45
FRYNE,La Seyne-sur-Mer,La Seyne-sur-Mer,FR,43.1,5.88333
FRYNR,Sanary-sur-Mer,Sanary-sur-Mer,FR,43.11667,5.8
FRYSM,Sorcy-Saint-Martin,Sorcy-Saint-Martin,FR,48.7,5.61667
FRYSO,Fleurey-sur-Ouche,Fleurey-sur-Ouche,FR,47.31667,4.85
FRYSU,Seyssuel,Seyssuel,FR,45.56667,4.85
FRYUJ,Pouillenay,Pouillenay,FR,47.5,4.46667
FRYUP,Monguilhem,Monguilhem,FR,43.85,-0.18333
FRYUS,Mouy-sur-Seine,Mouy-sur-Seine,FR,48.41667,3.23333
FRYVG,Blagny-sur-Vingeanne,Blagny-sur-Vingeanne,FR,47.43333,5.36667
FRYXA,Chailly-sur-Armançon,Chailly-sur-Armançon,FR,47.26667,4.48333
FRYYO,Yport,Yport,FR,49.73333,0.31667
FRZAN,Saint-Genis-de-Saintonge,Saint-Genis-de-Saintonge,FR,45.48333,-0.58333
FRZCY,Luzancy,Luzancy,FR,48.96667,3.16667
FRZEV,Plozévet,Plozévet,FR,47.98333,-4.43333
FRZHA,Rochefort-du-Gard,Rochefort-du-Gard,FR,43.98333,4.68333
FRZIC,Pouldreuzic,Pouldreuzic,FR,47.95,-4.36667
FRZLE,Azille,Azille,FR,43.28333,2.66667
FRZLJ,Pouzilhac,Pouzilhac,FR,44.05,4.58333
FRZLL,Corcelles-les-Arts,Corcelles-les-Arts,FR,46.95,4.8
FRZMB,Caromb,Caromb,FR,44.11667,5.1
FRZMM,Cormeilles,Cormeilles,FR,49.25,0.38333
FRZMY,Cormeray,Cormeray,FR,47.48333,1.4
FRZNN,Corconne,Corconne,FR,43.86667,3.93333
FRZOG,Ronchin,Ronchin,FR,50.6,3.1
FRZPP,Denée,Denée,FR,47.38333,-0.6
FRZT7,Collorgues,Collorgues,FR,44,4.28333
FRZTW,Bram,Bram,FR,43.25,2.11667
FRZUI,Buzet-sur-Baïse,Buzet-sur-Baïse,FR,44.25,0.28333
FRZXC,Camplong-d'Aude,Camplong-d'Aude,FR,43.13333,2.65
FRZXD,Pougny,Pougny,FR,47.38333,3
FRZXH,Pontlevoy,Pontlevoy,FR,47.38333,1.25
FRZXN,Monein,Monein,FR,43.31667,-0.58333
FRZYL,Lazenay,Lazenay,FR,47.06667,2.06667
FRZZU,Carnoules,Carnoules,FR,43.3,6.18333
GACCB,Cocobeach,Cocobeach,GA,1.0055667,9.5842085
GACLZ,Cap Lopez,Cap Lopez,GA,-0.633333,8.716667
GAEKU,Equata,Equata,GA,-0.21667,9.3
GAGAX,Gamba,Gamba,GA,-2.7201331,10.0189421
GALBV,Libreville,Libreville,GA,0.4086518,9.4418849
GAMBY,M'bya Terminal,M'bya Terminal,GA,-3.883333,10.933333
GANYA,Nyanga,Nyanga,GA,-3.0080415,10.9964746
GAOGU,Oguandjo Terminal,Oguandjo Terminal,GA,-1.5,8.9
GAOWE,Owendo,Owendo,GA,0.3208235,9.4952738
GAPOG,Port Gentil,Port Gentil,GA,-0.7151966,8.7787919
GB7TR,Norton,Norton,GB,52.15,-2.18333
GBABA,Aberaeron,Aberaeron,GB,52.25,-4.25
GBABD,Aberdeen,Aberdeen,GB,57.13333,-2.1
GBABF,Aberdyfi (Aberdovey),Aberdyfi (Aberdovey),GB,52.55,-4.03333
GBABJ,Saint Abbs,Saint Abbs,GB,55.9,-2.13333
GBABS,Aber Sôch (Abersoch),Aber Sôch (Abersoch),GB,52.81667,-4.5
GBABV,Aberdovey,Aberdovey,GB,52.53333,-4.05
GBABW,Barmouth (Abermaw),Barmouth (Abermaw),GB,52.71667,-4.05
GBACA,Acharacle,Acharacle,GB,56.743439,-5.795472
GBACB,Back,Back,GB,58.26667,-6.31667
GBACE,Achiltibuie,Achiltibuie,GB,58.03333,-5.36667
GBACV,Cove (Aberdeen),Cove (Aberdeen),GB,57.1,-2.06667
GBADF,Ardfern,Ardfern,GB,56.18333,-5.53333
GBADK,Ardkeen,Ardkeen,GB,54.41667,-5.51667
GBADM,Aird Mhor (Ardmhor),Aird Mhor (Ardmhor),GB,57.01667,-7.41667
GBADR,Aberdaron,Aberdaron,GB,52.8,-4.71667
GBAEE,Abergele,Abergele,GB,53.28333,-3.58333
GBAEN,Salen,Salen,GB,56.7,-5.78333
GBAET,Ardentinny,Ardentinny,GB,56.03333,-4.9
GBAEW,Hanwell,Hanwell,GB,51.5089838,-0.3381584
GBAFW,Aberffraw,Aberffraw,GB,53.18333,-4.45
GBAGL,Ardglass,Ardglass,GB,54.26667,-5.61667
GBAGO,Arinagour,Arinagour,GB,56.61667,-6.53333
GBAGU,Ardgour,Ardgour,GB,56.71667,-5.25
GBAHN,Achnacroish,Achnacroish,GB,56.5,-5.48333
GBAIS,St Agnes,St Agnes,GB,50.2951351,-5.2009211
GBAIT,Aith,Aith,GB,60.28333,-1.38333
GBAKL,Auckengill,Auckengill,GB,58.56667,-3.06667
GBALB,Aldeburgh,Aldeburgh,GB,52.15,1.6
GBALI,Arlington,Arlington,GB,51.75,-1.83333
GBALL,Alloa,Alloa,GB,56.11667,-3.78333
GBALM,Alnmouth,Alnmouth,GB,55.38333,-1.61667
GBALP,Althorpe,Althorpe,GB,53.58333,-0.73333
GBAMB,Amble,Amble,GB,55.31667,-1.58333
GBAMD,"Armadale, Isle of Skye","Armadale, Isle of Skye",GB,57.05,-5.9
GBAMH,Ardmaleish,Ardmaleish,GB,55.86667,-5.08333
GBAML,Ambleside,Ambleside,GB,54.43333,-2.96667
GBAMN,Ardnamurchan,Ardnamurchan,GB,56.68333,-6.08333
GBAMR,Aird Ma Ruibhe,Aird Ma Ruibhe,GB,57.7,-7.18333
GBAMW,Amlwch,Amlwch,GB,53.41667,-4.35
GBANA,Anasuria,Anasuria,GB,57.25,0.8
GBANG,Annalong,Annalong,GB,54.1,-5.9
GBANN,Annan,Annan,GB,54.98333,-3.26667
GBANO,Road Town,Road Town,GB,53.6584247,-1.7267211
GBANS,Anstruther,Anstruther,GB,56.21667,-2.7
GBAOL,Abbotsley,Abbotsley,GB,52.18333,-0.2
GBAOT,Abbotsbury,Abbotsbury,GB,50.66667,-2.6
GBAPI,Appin,Appin,GB,56.56667,-5.35
GBAPP,Appledore,Appledore,GB,51.05,-4.2
GBAPS,Applecross,Applecross,GB,57.38333,-5.8
GBAQW,Longsight,Longsight,GB,53.46667,-2.2
GBARB,Arbroath,Arbroath,GB,56.56667,-2.58333
GBARC,Abercastle,Abercastle,GB,51.95,-5.11667
GBARD,Ardrossan,Ardrossan,GB,55.61667,-4.81667
GBARG,Arisaig,Arisaig,GB,56.9,-5.85
GBARP,West Harptree,West Harptree,GB,51.3,-2.61667
GBARV,Ardveenish,Ardveenish,GB,57,-7.4
GBASA,Saint-Anne's-on-Sea,Saint-Anne's-on-Sea,GB,53.75,-3.05
GBASG,Ardrishaig,Ardrishaig,GB,56.01667,-5.45
GBATS,Sleat,Sleat,GB,57.05,-5.9
GBAUL,Aultbea,Aultbea,GB,57.83333,-5.56667
GBAVC,Avoch,Avoch,GB,57.55,-4.16667
GBAVL,Alveley,Alveley,GB,52.45,-2.33333
GBAVO,Avonmouth,Avonmouth,GB,51.5,-2.68333
GBAXO,Axmouth,Axmouth,GB,50.7,-3.05
GBAYD,Aberdour,Aberdour,GB,56.05,-3.28333
GBAYR,Ayr,Ayr,GB,55.45,-4.61667
GBAYW,Aberystwyth,Aberystwyth,GB,52.41667,-4.08333
GBBAD,Barry Dock,Barry Dock,GB,51.38333,-3.25
GBBAN,Bangor,Bangor,GB,54.65,-5.66667
GBBAW,Baltic Wharf,Baltic Wharf,GB,51.4453319,0.3628771
GBBAZ,Barton on Sea,Barton on Sea,GB,50.73333,-1.65
GBBBB,Breaston,Breaston,GB,52.8980803,-1.3189508
GBBBE,Branscombe,Branscombe,GB,50.7,-3.13333
GBBBK,Burton Bradstock,Burton Bradstock,GB,50.7,-2.71667
GBBBN,Balbriggan,Balbriggan,GB,53.6,-6.16667
GBBBP,Bembridge,Bembridge,GB,50.68333,-1.08333
GBBBX,Barnstone,Barnstone,GB,52.9,-0.9
GBBCE,Barcaldine,Barcaldine,GB,56.51667,-5.3
GBBCH,Bruichladdich,Bruichladdich,GB,55.76667,-6.36667
GBBCR,Buck's Cross,Buck's Cross,GB,51.3567709,0.1338647
GBBCS,Brancaster Staithe,Brancaster Staithe,GB,52.96667,0.66667
GBBD2,Bedhampton,Bedhampton,GB,50.85,-1
GBBDA,Birkdale,Birkdale,GB,53.63333,-3.03333
GBBDB,Barnoldby le Beck,Barnoldby le Beck,GB,53.5,-0.13333
GBBDF,"Broadford, Isle of Skye","Broadford, Isle of Skye",GB,57.23333,-5.9
GBBDI,"Brodick, Isle of Arran","Brodick, Isle of Arran",GB,55.58333,-5.16667
GBBDT,Broadstairs,Broadstairs,GB,51.36667,1.41667
GBBDX,Baldirton,Baldirton,GB,53.15,-2.94
GBBDZ,Bardsea,Bardsea,GB,54.15,-3.06667
GBBE2,Bubwith,Bubwith,GB,53.81667,-0.91667
GBBEH,Berry Head,Berry Head,GB,50.4,-3.48333
GBBEL,Belfast,Belfast,GB,54.596391,-5.9301829
GBBFB,Braefoot Bay,Braefoot Bay,GB,56.05,-3.31667
GBBFE,Brierfield,Brierfield,GB,53.81667,-2.23333
GBBFF,Banff,Banff,GB,57.66667,-2.53333
GBBFO,Bodffordd,Bodffordd,GB,53.26667,-4.36667
GBBFP,Blackford,Blackford,GB,55.9265763,-3.1859869
GBBFU,Broughton In Furness,Broughton In Furness,GB,54.26667,-3.2
GBBFY,Briton Ferry,Briton Ferry,GB,51.63333,-3.81667
GBBGY,Bingley,Bingley,GB,53.85,-1.83333
GBBHB,Ballyhalbert,Ballyhalbert,GB,54.5,-5.45
GBBHJ,Bramshall,Bramshall,GB,52.8963158,-1.9106394
GBBHK,Bromborough,Bromborough,GB,53.33333,-2.98333
GBBHR,Barrow-upon-Humber,Barrow-upon-Humber,GB,53.68333,-0.38333
GBBHW,Billingham,Billingham,GB,54.6,-1.3
GBBID,Bideford,Bideford,GB,51.01667,-4.21667
GBBIF,Barrow in Furness,Barrow in Furness,GB,54.11667,-3.23333
GBBIK,Briston,Briston,GB,52.85,1.06667
GBBIP,Bishop Auckland,Bishop Auckland,GB,54.6640762,-1.6752864
GBBKC,"Backaland, Eday","Backaland, Eday",GB,59.15,-2.75
GBBKD,Buckden,Buckden,GB,52.2965726,-0.2517052
GBBKS,Blackness,Blackness,GB,56,-3.51667
GBBLB,Blackburn,Blackburn,GB,53.6337717,-2.7409564
GBBLC,Blakeney,Blakeney,GB,52.95,1.01667
GBBLI,Balintore,Balintore,GB,57.75,-3.9
GBBLJ,Blairmore,Blairmore,GB,55.98333,-4.9
GBBLK,Blackpool,Blackpool,GB,53.816667,-3.05
GBBLR,Ballylumford,Ballylumford,GB,54.83333,-5.78333
GBBLS,Brightlingsea,Brightlingsea,GB,51.81667,1.01667
GBBLT,Bolton,Bolton,GB,53.58333,-2.43333
GBBLU,Beaulieu,Beaulieu,GB,50.81667,-1.43333
GBBLY,Blyth,Blyth,GB,55.1270903,-1.5099726
GBBLZ,Barlborough,Barlborough,GB,53.28333,-1.28333
GBBMC,Balmacara,Balmacara,GB,57.28333,-5.61667
GBBMO,Burnmouth,Burnmouth,GB,55.83333,-2.06667
GBBMR,Beaumaris,Beaumaris,GB,53.26667,-4.1
GBBMT,"Belmont, Unst","Belmont, Unst",GB,60.68333,-0.96667
GBBMU,Barmouth,Barmouth,GB,52.71667,-4.05
GBBMX,Boulmer,Boulmer,GB,55.41667,-1.56667
GBBNB,Bunnahabhain,Bunnahabhain,GB,55.88333,-6.13333
GBBND,Barnstaple,Barnstaple,GB,51.06667,-4.05
GBBNG,Bangor,Bangor,GB,53.23333,-4.13333
GBBNH,Barton upon Humber,Barton upon Humber,GB,53.66667,-0.43333
GBBNR,Ballantrae,Ballantrae,GB,55.08333,-4.98333
GBBNX,Blackwell,Blackwell,GB,53.1198336,-1.3537674
GBBOC,Burnham on Crouch,Burnham on Crouch,GB,51.61667,0.83333
GBBOE,Bootle,Bootle,GB,53.46667,-3.01667
GBBOH,Bournemouth,Bournemouth,GB,50.73333,-1.88333
GBBOL,Botley,Botley,GB,51.7101501,-0.5785421
GBBON,Bo'ness,Bo'ness,GB,56,-3.6
GBBOS,Boston,Boston,GB,52.96667,-0.03333
GBBOT,Borth-y-Gest,Borth-y-Gest,GB,52.91667,-4.13333
GBBOW,Bowling,Bowling,GB,55.91667,-4.48333
GBBPE,Broadmoor,Broadmoor,GB,51.9137042,-4.9815837
GBBPT,Burry Port,Burry Port,GB,51.68333,-4.25
GBBQQ,Bickington,Bickington,GB,50.53333,-3.68333
GBBQX,Beadnell,Beadnell,GB,55.55,-1.63333
GBBRF,Bradford,Bradford,GB,53.78333,-1.75
GBBRJ,Brora,Brora,GB,58.01667,-3.85
GBBRK,Birkenhead,Birkenhead,GB,53.4,-3.03333
GBBRN,Burnley,Burnley,GB,53.8,-2.21667
GBBRP,Bridport,Bridport,GB,50.73333,-2.75
GBBRR,Barra,Barra,GB,57,-7.45
GBBRS,Bristol,Bristol,GB,51.45,-2.58333
GBBRT,Bridlington,Bridlington,GB,54.08333,-0.2
GBBRU,"Bruray, Out Skerries","Bruray, Out Skerries",GB,60.41667,-0.75
GBBRW,Bridgwater,Bridgwater,GB,51.11667,-3
GBBRX,Brixham,Brixham,GB,50.38333,-3.5
GBBSC,Boscastle,Boscastle,GB,50.68333,-4.7
GBBSH,Brighton,Brighton,GB,50.788658,0.3062875
GBBSI,Bognor Regis,Bognor Regis,GB,50.78333,-0.68333
GBBSL,Bosley,Bosley,GB,53.18333,-2.11667
GBBSM,Bourton,Bourton,GB,51.4210438,-2.7087749
GBBSN,Baltasound,Baltasound,GB,60.75,-0.86667
GBBSS,Borrowstowness,Borrowstowness,GB,54.43333,-3.51667
GBBSX,Beesands,Beesands,GB,50.2518727,-3.6575042
GBBSY,Barnsley,Barnsley,GB,53.55,-1.48333
GBBTK,Bedstone,Bedstone,GB,52.36667,-2.93333
GBBTL,Burntisland,Burntisland,GB,56.06667,-3.23333
GBBTZ,Butterwick,Butterwick,GB,52.98333,0
GBBUA,Budleigh Salterton,Budleigh Salterton,GB,50.63333,-3.33333
GBBUC,Buckie,Buckie,GB,57.66667,-2.96667
GBBUD,Bude,Bude,GB,50.83333,-4.55
GBBUF,Burray,Burray,GB,58.85,-2.91667
GBBUH,Burghead,Burghead,GB,57.7,-3.48333
GBBUO,Barrow On Soar,Barrow On Soar,GB,52.75,-1.13333
GBBUS,Burton upon Stather,Burton upon Stather,GB,53.65,-0.68333
GBBUY,Bury,Bury,GB,50.9,-0.56667
GBBVO,Burravoe,Burravoe,GB,60.48333,-1.01667
GBBVR,Balvicar,Balvicar,GB,56.28333,-5.6
GBBWC,Burwick,Burwick,GB,58.75,-2.96667
GBBWK,Berwick-upon-Tweed,Berwick-upon-Tweed,GB,55.78333,-2
GBBWM,Bray,Bray,GB,51.5,-0.7
GBBWR,Burrow,Burrow,GB,50.9757622,-2.8374569
GBBWU,Barrow upon Trent,Barrow upon Trent,GB,52.85,-1.46667
GBBWV,Budock Water,Budock Water,GB,50.15,-5.11667
GBBWX,Brettenham,Brettenham,GB,52.4161098,0.8363133
GBBXB,Bexhill,Bexhill,GB,50.85,0.46667
GBBXF,Bassingham,Bassingham,GB,53.11667,-0.63333
GBBXS,Brighstone,Brighstone,GB,50.63333,-1.38333
GBBXT,Brotton,Brotton,GB,54.56667,-0.93333
GBBXX,Beer,Beer,GB,50.68333,-3.08333
GBBYI,Brynsiencyn,Brynsiencyn,GB,53.18333,-4.23333
GBBYN,Broadmayne,Broadmayne,GB,50.68333,-2.38333
GBBYP,Ballintoy,Ballintoy,GB,55.23333,-6.35
GBBZR,Bryher,Bryher,GB,49.95,-6.35
GBBZT,Broughton,Broughton,GB,53.16667,-3
GBC5T,Cardington,Cardington,GB,52.1,-0.4
GBCAA,Caldecote,Caldecote,GB,52.1908063,-0.0306102
GBCAB,Carbost,Carbost,GB,57.3015391,-6.3532262
GBCAF,Collafirth,Collafirth,GB,60.53333,-1.36667
GBCAG,"Ceann a Gharaidh, Eriskay","Ceann a Gharaidh, Eriskay",GB,57.06667,-7.28333
GBCAH,Carnlough,Carnlough,GB,54.98333,-6
GBCAN,Canvey Island,Canvey Island,GB,51.51667,0.56667
GBCAR,Cardigan (Aberteifi),Cardigan (Aberteifi),GB,52.08333,-4.65
GBCAU,Camusnagaul,Camusnagaul,GB,56.83333,-5.13333
GBCAX,Carlisle,Carlisle,GB,54.894722,-2.936389
GBCBA,Castlebay,Castlebay,GB,56.95,-7.46667
GBCBE,Camber,Camber,GB,50.93333,0.78333
GBCBL,Cairnbulg,Cairnbulg,GB,57.66667,-1.91667
GBCBM,Combe Martin,Combe Martin,GB,51.2,-4.03333
GBCBO,Cranborne,Cranborne,GB,50.91667,-1.91667
GBCBT,Campbeltown,Campbeltown,GB,55.43333,-5.63333
GBCBX,Baxenden,Baxenden,GB,53.73333,-2.35
GBCCC,Criccieth,Criccieth,GB,52.91667,-4.23333
GBCCE,Catterline,Catterline,GB,56.8979509,-2.2178874
GBCCH,Christchurch,Christchurch,GB,50.73333,-1.75
GBCCL,Cape Cornwall,Cape Cornwall,GB,50.11667,-5.7
GBCDF,Cardiff,Cardiff,GB,51.5,-3.2
GBCDK,Chideock,Chideock,GB,50.71667,-2.81667
GBCEB,Cemaes Bay,Cemaes Bay,GB,53.41667,-4.45
GBCEG,Chester,Chester,GB,53.1908873,-2.8908955
GBCEI,Ceinewydd (New Quay),Ceinewydd (New Quay),GB,52.21667,-4.36667
GBCEL,Cellardyke,Cellardyke,GB,56.23333,-2.65
GBCET,Carsethorn,Carsethorn,GB,54.91667,-3.56667
GBCFE,Crieff,Crieff,GB,56.36667,-3.83333
GBCFG,Carrickfergus,Carrickfergus,GB,54.7136165,-5.8073112
GBCFM,Corfe Mullen,Corfe Mullen,GB,50.78333,-2.03333
GBCGB,Coldingham,Coldingham,GB,55.88333,-2.16667
GBCGJ,"Craighouse, Isle of Jura","Craighouse, Isle of Jura",GB,55.83333,-5.95
GBCGP,Cloghan Point/Carrickfergus,Cloghan Point/Carrickfergus,GB,54.7,-5.8
GBCGT,Covent Garden,Covent Garden,GB,51.5117363,-0.1226769
GBCGY,Congresbury,Congresbury,GB,51.36667,-2.81667
GBCGZ,Cadgwith,Cadgwith,GB,49.98333,-5.16667
GBCHD,Charleston,Charleston,GB,56.58333,-3
GBCHE,Mostyn,Mostyn,GB,53.3,-3.26667
GBCHF,Charlestown,Charlestown,GB,50.3329873,-4.7577601
GBCHJ,Charmouth,Charmouth,GB,50.73333,-2.9
GBCHR,Chorley,Chorley,GB,53.6531915,-2.6294313
GBCHT,Chepstow,Chepstow,GB,51.63333,-2.66667
GBCII,Chillington,Chillington,GB,50.896037,-2.8698669
GBCIS,Coniston,Coniston,GB,54.3689253,-3.0755427
GBCIT,Collieston,Collieston,GB,57.35,-1.91667
GBCKK,Crosskirk,Crosskirk,GB,58.6,-3.65
GBCKM,Cockermouth,Cockermouth,GB,54.6613,-3.362
GBCKN,Culkein,Culkein,GB,58.25,-5.35
GBCKR,Chickerell,Chickerell,GB,50.61667,-2.5
GBCKS,Creeksea,Creeksea,GB,51.63333,0.78333
GBCLF,Cliffe,Cliffe,GB,51.154196,1.3722273
GBCLJ,Claonaig,Claonaig,GB,55.756002,-5.3951603
GBCLM,Culkein/Drumbeg,Culkein/Drumbeg,GB,58.23333,-5.33333
GBCLR,Coleraine,Coleraine,GB,55.1315912,-6.671861
GBCLS,Clacton-on-Sea,Clacton-on-Sea,GB,51.8,1.15
GBCLY,Clydebank,Clydebank,GB,55.9,-4.4
GBCMA,Cefn-Mawr,Cefn-Mawr,GB,52.96667,-3.06667
GBCMD,Cramond,Cramond,GB,55.96667,-3.28333
GBCMP,Crombie,Crombie,GB,56.05,-3.53333
GBCMS,"Cumbrae Slip, Great Cumbrae","Cumbrae Slip, Great Cumbrae",GB,55.78333,-4.9
GBCNA,"Canna, Inner Hebrides","Canna, Inner Hebrides",GB,57.05,-6.5
GBCNC,Crinan,Crinan,GB,56.08333,-5.56667
GBCNM,Central Mainland (Shetland),Central Mainland (Shetland),GB,60.31667,-1.26667
GBCNP,Saint Catherine's Point,Saint Catherine's Point,GB,50.56667,-1.3
GBCNU,Craignure,Craignure,GB,56.46667,-5.71667
GBCNV,Caernarfon,Caernarfon,GB,53.1394364,-4.2769751
GBCNX,Cawsand,Cawsand,GB,50.3323268,-4.2027534
GBCNZ,Cockenzie,Cockenzie,GB,55.95,-2.95
GBCOL,Colchester,Colchester,GB,51.8896903,0.8994651
GBCOQ,Connah's Quay,Connah's Quay,GB,53.21667,-3.06667
GBCOR,Corpach,Corpach,GB,56.85,-5.11667
GBCOV,Coverack,Coverack,GB,50.0224895,-5.0971985
GBCOW,Cowes,Cowes,GB,50.7633176,-1.2985186
GBCOY,Coryton,Coryton,GB,51.5134,0.51869
GBCPD,Chapel Saint Leonards,Chapel Saint Leonards,GB,53.21667,0.31667
GBCQQ,Cockwood,Cockwood,GB,50.6,-3.43333
GBCQY,Connahs Quay,Connahs Quay,GB,53.21667,-3.06667
GBCR5,Cropton,Cropton,GB,54.28333,-0.83333
GBCRA,Carradale,Carradale,GB,55.58333,-5.46667
GBCRJ,Crail,Crail,GB,56.26667,-2.63333
GBCRN,Cromarty,Cromarty,GB,57.66667,-4.03333
GBCRR,Cromer,Cromer,GB,52.93333,1.3
GBCRT,Carrington,Carrington,GB,53.43333,-2.38333
GBCRV,Carlton Colville,Carlton Colville,GB,52.45,1.7
GBCRX,Craster,Craster,GB,55.46667,-1.58333
GBCSC,Caister on Sea,Caister on Sea,GB,52.65,1.75
GBCSN,Garston,Garston,GB,53.33333,-2.9
GBCSR,Chester,Chester,GB,53.1908873,-2.8908955
GBCST,Chichester,Chichester,GB,50.83333,-0.78333
GBCSU,Cadishead,Cadishead,GB,53.4,-2.45
GBCSW,Castletown,Castletown,GB,50.56667,-2.45
GBCTF,Castleford,Castleford,GB,53.71667,-1.35
GBCTM,Chatham,Chatham,GB,51.381944,0.523333
GBCTP,Caythorpe,Caythorpe,GB,53.0250422,-0.6033186
GBCU8,Curbar,Curbar,GB,53.26667,-1.63333
GBCUA,"Cuan Ferry, Seil","Cuan Ferry, Seil",GB,56.26667,-5.63333
GBCUB,"Church Bay, Rathlin Island","Church Bay, Rathlin Island",GB,55.28333,-6.18333
GBCUE,Cushendun,Cushendun,GB,55.13333,-6.05
GBCUJ,Cumbria,Cumbria,GB,54.6143136,-2.9420899
GBCUM,Cumbraes,Cumbraes,GB,55.73333,-4.91667
GBCUN,Cullen,Cullen,GB,57.6911126,-2.8195913
GBCUR,Curlew,Curlew,GB,52.234961,1.4852137
GBCUS,Cushendall,Cushendall,GB,55.08333,-6.05
GBCUV,"Cullivoe, Yell","Cullivoe, Yell",GB,60.7,-1.01667
GBCVA,Colintraive,Colintraive,GB,55.91667,-5.13333
GBCVE,Cove,Cove,GB,55.93333,-2.35
GBCVI,Cove (Leith),Cove (Leith),GB,55.93333,-2.35
GBCVL,Clovelly,Clovelly,GB,50.9909081,-4.3998573
GBCVT,Coventry,Coventry,GB,52.41667,-1.55
GBCVW,Convoys Wharf,Convoys Wharf,GB,51.4860832,-0.0284851
GBCWA,Conwy (Conway),Conwy (Conway),GB,53.28333,-3.83333
GBCWH,West Chiltington,West Chiltington,GB,50.93333,-0.45
GBCWN,Charlestown,Charlestown,GB,56.03333,-3.5
GBCYD,Clynderwen,Clynderwen,GB,51.83333,-4.7
GBCYG,Claydon,Claydon,GB,52.14708,-1.3331576
GBCYN,Cairnryan,Cairnryan,GB,54.96667,-5.01667
GBCYP,Clydeport,Clydeport,GB,55.7392233,-4.8659422
GBCYY,Colwyn Bay (Bae Colwyn),Colwyn Bay (Bae Colwyn),GB,53.3,-3.73333
GBCZV,Clunbury,Clunbury,GB,52.41667,-2.91667
GBCZZ,Constantine,Constantine,GB,50.11667,-5.16667
GBDAG,Dagenham,Dagenham,GB,51.55,0.16667
GBDAL,Dalton in Furness,Dalton in Furness,GB,54.1563701,-3.1807567
GBDBG,Ardbeg,Ardbeg,GB,55.63333,-6.1
GBDBR,Dunbar,Dunbar,GB,56,-2.51667
GBDBY,Dulas Bay,Dulas Bay,GB,53.36667,-4.26667
GBDDT,Durward Dauntless,Durward Dauntless,GB,57.5,-0.08333
GBDEB,Denby,Denby,GB,53.01667,-1.4
GBDER,Dereham,Dereham,GB,52.68333,0.93333
GBDET,Denton,Denton,GB,50.8,0.05
GBDEX,Deal,Deal,GB,51.2239544,1.4027344
GBDFD,Dartford,Dartford,GB,51.45,0.21667
GBDFN,Foston,Foston,GB,52.8838407,-1.721045
GBDHD,Donaghadee,Donaghadee,GB,54.63333,-5.53333
GBDIG,Dalbeattie,Dalbeattie,GB,54.9307016,-3.8200724
GBDIN,Dingle,Dingle,GB,53.38333,-2.95
GBDIW,Dingwall,Dingwall,GB,57.6,-4.45
GBDMB,Boddam,Boddam,GB,57.45,-1.76667
GBDMO,Dromore,Dromore,GB,54.41667,-6.15
GBDNE,Dunster,Dunster,GB,51.16667,-3.43333
GBDNF,Dunrossness and Fair Isle,Dunrossness and Fair Isle,GB,59.55,-1.63333
GBDNQ,Dean Quarry,Dean Quarry,GB,54.6459758,-3.4179248
GBDNU,Dunoon,Dunoon,GB,55.95,-4.95
GBDNW,Dunwich,Dunwich,GB,52.26667,1.61667
GBDOR,Ballydorn,Ballydorn,GB,54.48333,-5.63333
GBDOS,Dale Roads,Dale Roads,GB,51.7,-5.15
GBDRE,Dunure,Dunure,GB,55.38333,-4.75
GBDRH,Durham,Durham,GB,54.7770139,-1.5756205
GBDRL,Darlington,Darlington,GB,54.53333,-1.56667
GBDRX,Drax,Drax,GB,53.73333,-0.98333
GBDS2,Daresbury,Daresbury,GB,53.33333,-2.63333
GBDSK,Dunseverick,Dunseverick,GB,55.23333,-6.45
GBDSS,Dungeness,Dungeness,GB,50.91667,0.96667
GBDTE,Dunstable,Dunstable,GB,51.8861316,-0.5209341
GBDTF,Dunstaffnage,Dunstaffnage,GB,56.4477895,-5.4465015
GBDTM,Dartmouth,Dartmouth,GB,50.35,-3.58333
GBDTN,Dunston,Dunston,GB,54.95,-1.65
GBDUC,Dunchurch,Dunchurch,GB,52.33333,-1.28333
GBDUE,Dunbeath,Dunbeath,GB,58.25,-3.43333
GBDUM,Dumfries,Dumfries,GB,55.05,-3.6
GBDUN,Dundee,Dundee,GB,56.5,-2.96667
GBDUT,Drumintee,Drumintee,GB,54.0970499,-6.4156072
GBDVN,Dunvegan,Dunvegan,GB,57.43333,-6.58333
GBDVP,Devonport,Devonport,GB,50.36667,-4.18333
GBDVR,Dover,Dover,GB,51.1251275,1.3134228
GBDWI,Dalwhinnie,Dalwhinnie,GB,56.934472,-4.2418957
GBDWL,Bradwell Waterside,Bradwell Waterside,GB,51.73333,0.88333
GBDWY,Dewsbury,Dewsbury,GB,53.7,-1.61667
GBDXY,Derby,Derby,GB,52.9233008,-1.4765491
GBDYB,Dalgety Bay,Dalgety Bay,GB,56.03333,-3.35
GBDYN,Ardyne,Ardyne,GB,55.86667,-5.03333
GBDYS,Dysart,Dysart,GB,56.13333,-3.11667
GBEAA,"Easdale, Seil","Easdale, Seil",GB,56.28333,-5.65
GBEAM,Eastham,Eastham,GB,53.3,-2.96667
GBEBO,Eastbourne,Eastbourne,GB,50.76667,0.28333
GBECO,Earls Colne,Earls Colne,GB,51.93333,0.68333
GBECS,Eccles,Eccles,GB,53.48333,-2.33333
GBEDI,Edinburgh,Edinburgh,GB,55.95,-3.2
GBEEN,Shobdon,Shobdon,GB,52.25,-2.86667
GBEER,Deerness,Deerness,GB,58.96667,-2.85
GBEGI,Egilsay,Egilsay,GB,59.15,-2.93333
GBEGO,"Elgol, Isle of Skye","Elgol, Isle of Skye",GB,57.15,-6.1
GBEHY,East Hyde,East Hyde,GB,51.8436611,-0.3639747
GBEIL,Sheildaig,Sheildaig,GB,54.21667,-2.8
GBEIN,Eling,Eling,GB,50.9,-1.48333
GBEKN,Eisken,Eisken,GB,58.6,-6.51667
GBELB,"Ellenabeich, Seil","Ellenabeich, Seil",GB,56.28333,-5.65
GBELI,Elie,Elie,GB,56.2,-2.81667
GBELL,Ellesmere Port,Ellesmere Port,GB,53.2789347,-2.9022507
GBELS,Elsham,Elsham,GB,53.6,-0.43333
GBEME,East Mersea,East Mersea,GB,51.7899128,0.9791486
GBEMN,Hempton,Hempton,GB,52.8267651,0.8386651
GBENB,Tenbury,Tenbury,GB,52.3,-2.58333
GBENH,Beenham,Beenham,GB,51.41667,-1.15
GBENN,Pennan,Pennan,GB,57.66667,-2.26667
GBENT,Brent,Brent,GB,51.5639957,-0.2759064
GBEON,Seaton,Seaton,GB,50.71667,-3.08333
GBERE,Stamford Bridge,Stamford Bridge,GB,53.9891083,-0.8988821
GBERI,Erith,Erith,GB,51.48333,0.18333
GBESD,Willesden,Willesden,GB,51.53333,-0.23333
GBESG,Easington,Easington,GB,54.78333,-1.35
GBESH,Shoreham-by-Sea,Shoreham-by-Sea,GB,50.83333,-0.26667
GBESK,Eishken,Eishken,GB,58.016246,-6.5300158
GBESS,Eshaness,Eshaness,GB,60.5,-1.55
GBESW,East Wellow,East Wellow,GB,50.9818839,-1.5688195
GBEVT,Evanton,Evanton,GB,57.65,-4.28333
GBEWL,Elmswell,Elmswell,GB,52.2356789,0.911281
GBEWT,East Wittering,East Wittering,GB,50.76667,-0.88333
GBEXE,Exeter,Exeter,GB,50.7,-3.53333
GBEXM,Exmouth,Exmouth,GB,50.58333,-3.4
GBEYM,Eyemouth,Eyemouth,GB,55.86667,-2.1
GBFAI,Fairisle,Fairisle,GB,59.51667,-1.6
GBFAL,Falmouth,Falmouth,GB,50.1552197,-5.0688262
GBFAS,Faslane,Faslane,GB,56.06667,-4.81667
GBFAV,Faversham,Faversham,GB,51.3158434,0.8911283
GBFAW,Fawley,Fawley,GB,50.8269825,-1.3598386
GBFBH,Flamborough,Flamborough,GB,54.11667,-0.11667
GBFBU,Fishbourne,Fishbourne,GB,50.73333,-1.16667
GBFDK,Fosdyke,Fosdyke,GB,52.8795977,-0.0440458
GBFEB,Ferrybridge,Ferrybridge,GB,53.7,-1.26667
GBFEE,Fairlie,Fairlie,GB,55.75,-4.85
GBFEI,Felbrigg,Felbrigg,GB,52.9,1.26667
GBFEO,Feolin Ferry,Feolin Ferry,GB,55.85,-6.06667
GBFID,Findochty,Findochty,GB,57.7,-2.9
GBFIH,Fisherrow/Musselburgh,Fisherrow/Musselburgh,GB,55.93333,-3.06667
GBFIN,Findhorn,Findhorn,GB,57.65,-3.6
GBFIO,"Fionnphort, Isle of Mull","Fionnphort, Isle of Mull",GB,56.31667,-6.36667
GBFIS,Fishguard,Fishguard,GB,51.98333,-4.96667
GBFLE,Fleetwood,Fleetwood,GB,53.91667,-3
GBFLH,Flotta,Flotta,GB,58.83333,-3.13333
GBFLK,Flookburgh,Flookburgh,GB,54.16667,-2.96667
GBFLN,Flaxton,Flaxton,GB,54.03333,-0.95
GBFLT,Farlington,Farlington,GB,54.1,-1.06667
GBFLU,Flushing,Flushing,GB,50.15,-5.06667
GBFLW,Flixborough,Flixborough,GB,53.61667,-0.68333
GBFNH,"Fishnish, Isle of Mull","Fishnish, Isle of Mull",GB,56.5,-5.8
GBFNT,Finnart,Finnart,GB,56.66667,-4.41667
GBFNV,Foinaven,Foinaven,GB,60.33333,-4.4
GBFOI,Foindlemore - Loch Glendhu,Foindlemore - Loch Glendhu,GB,58.25,-4.98333
GBFOL,Folkestone,Folkestone,GB,51.08333,1.15
GBFOR,Forth,Forth,GB,55.75,-3.68333
GBFOW,Frisby on the Wreake,Frisby on the Wreake,GB,52.7430435,-0.9649649
GBFOY,Fowey,Fowey,GB,50.3350885,-4.6350209
GBFRB,Fraserburgh,Fraserburgh,GB,57.68333,-2.01667
GBFRD,Ferndale,Ferndale,GB,51.65,-3.43333
GBFRH,Fingringhoe,Fingringhoe,GB,51.8458733,0.9455325
GBFRI,Frinton-on-Sea,Frinton-on-Sea,GB,51.83333,1.23333
GBFRM,Formby,Formby,GB,53.55,-3.05
GBFRW,Freshwater,Freshwater,GB,50.66667,-1.51667
GBFRX,Ferrybridge,Ferrybridge,GB,53.7106701,-1.2751652
GBFTI,The Forties,The Forties,GB,52.76667,-1.48333
GBFTR,Fortrose,Fortrose,GB,57.58333,-4.13333
GBFUC,Waterfoot,Waterfoot,GB,55.0604186,-6.0583439
GBFUR,Furnace,Furnace,GB,56.15,-5.16667
GBFUU,Thurnscoe,Thurnscoe,GB,53.53333,-1.3
GBFWE,Freshwater East,Freshwater East,GB,51.65,-4.86667
GBFWM,Fort William,Fort William,GB,56.81667,-5.11667
GBFXT,Felixstowe,Felixstowe,GB,51.9642959,1.3289938
GBFYD,Ferryside,Ferryside,GB,51.76667,-4.36667
GBGAD,Garelochhead,Garelochhead,GB,56.08333,-4.83333
GBGAE,Graemsay,Graemsay,GB,58.91667,-3.26667
GBGAI,Gainsborough,Gainsborough,GB,53.3995376,-0.7758801
GBGAR,Gairloch,Gairloch,GB,57.7,-5.66667
GBGAS,"Galmisdale, Eigg","Galmisdale, Eigg",GB,56.88333,-6.13333
GBGAT,Gateshead,Gateshead,GB,54.93333,-1.61667
GBGAW,Gaerwen,Gaerwen,GB,53.2234878,-4.2733853
GBGBS,Goring-by-Sea,Goring-by-Sea,GB,50.8126677,-0.4214561
GBGDB,Guardbridge,Guardbridge,GB,56.3605947,-2.8906486
GBGDN,Gardenstown,Gardenstown,GB,57.66667,-2.33333
GBGIG,"Ardminish, Gigha Island","Ardminish, Gigha Island",GB,55.66667,-5.73333
GBGIL,Gillingham,Gillingham,GB,51.38333,0.55
GBGIR,Girvan,Girvan,GB,55.23333,-4.86667
GBGIS,Garlieston,Garlieston,GB,54.78333,-4.36667
GBGIV,Govilon,Govilon,GB,51.81667,-3.06667
GBGL9,Poulton,Poulton,GB,51.7,-1.85
GBGLA,Glenarm,Glenarm,GB,54.9685998,-5.952345
GBGLC,Glenluce,Glenluce,GB,54.86667,-4.83333
GBGLD,Glasson Dock,Glasson Dock,GB,53.98333,-2.85
GBGLG,Glenuig,Glenuig,GB,56.83333,-5.81667
GBGLH,Gareloch,Gareloch,GB,56.1,-4.81667
GBGLO,Gloucester,Gloucester,GB,51.8653705,-2.2458192
GBGLP,Golspie,Golspie,GB,57.98333,-3.96667
GBGLW,Glasgow,Glasgow,GB,55.83333,-4.25
GBGMA,Glenmallan,Glenmallan,GB,56.11667,-4.81667
GBGMY,Grimsay,Grimsay,GB,57.46667,-7.2
GBGNC,Greencastle,Greencastle,GB,54.03333,-6.1
GBGNL,Glenelg,Glenelg,GB,57.21667,-5.63333
GBGNQ,Gunthorpe,Gunthorpe,GB,52.86667,0.98333
GBGOA,Great Oakley,Great Oakley,GB,51.9,1.18333
GBGOO,Goole,Goole,GB,53.71667,-0.86667
GBGOR,Gorran Haven,Gorran Haven,GB,50.23333,-4.8
GBGOS,Gosport,Gosport,GB,50.7952074,-1.1210853
GBGOX,Goxhill,Goxhill,GB,53.66667,-0.33333
GBGRG,Grangemouth,Grangemouth,GB,56,-3.71667
GBGRH,Great Harwood,Great Harwood,GB,53.7867282,-2.4067502
GBGRJ,Grovehurst Jetty/Sittingbourne,Grovehurst Jetty/Sittingbourne,GB,51.33333,0.73333
GBGRK,Greenock,Greenock,GB,55.93333,-4.75
GBGRN,Granton,Granton,GB,55.96667,-3.21667
GBGRO,Groomsport,Groomsport,GB,54.66667,-5.61667
GBGRU,Grutness,Grutness,GB,59.86667,-1.28333
GBGRW,Grove Port,Grove Port,GB,53.58333,-0.7
GBGSA,Glensanda,Glensanda,GB,56.56667,-5.55
GBGSR,Aldersgate,Aldersgate,GB,51.51667,-0.08333
GBGSY,Grimsby,Grimsby,GB,53.5671407,-0.0788045
GBGTN,Garston,Garston,GB,53.33333,-2.9
GBGTY,Great Yarmouth,Great Yarmouth,GB,52.6071742,1.7314845
GBGUD,Gourdon,Gourdon,GB,56.83333,-2.28333
GBGUR,Gourock,Gourock,GB,55.95,-4.83333
GBGUT,"Gutcher, Yell","Gutcher, Yell",GB,60.66667,-1.01667
GBGUW,Gunness Wharf,Gunness Wharf,GB,53.5875331,-0.730671
GBGVL,Gulval,Gulval,GB,50.13333,-5.51667
GBGVS,Gravesend,Gravesend,GB,51.4424747,0.3694468
GBGWG,Great Wakering,Great Wakering,GB,51.55,0.8
GBGWK,Gweek,Gweek,GB,50.1,-5.2
GBGYL,Argyll,Argyll,GB,56.4074441,-5.4756724
GBGYS,Grays,Grays,GB,51.4780898,0.3233131
GBHA2,Ashley,Ashley,GB,51.06667,-1.45
GBHAA,Harraby,Harraby,GB,54.88333,-2.9
GBHAM,Hamble,Hamble,GB,50.8591605,-1.3144661
GBHAY,Hayle,Hayle,GB,50.1889224,-5.4174853
GBHBK,Hest Bank,Hest Bank,GB,54.08333,-2.8
GBHDB,Hilton/Derby,Hilton/Derby,GB,52.870637,-1.6340237
GBHDD,Howdendyke,Howdendyke,GB,53.73333,-0.85
GBHDF,Huddersfield,Huddersfield,GB,53.65,-1.78333
GBHDN,Haslingden,Haslingden,GB,53.7049596,-2.325692
GBHDR,Helford River,Helford River,GB,50.08333,-5.15
GBHDS,Holland on Sea,Holland on Sea,GB,51.76667,1.13333
GBHEB,Hebburn,Hebburn,GB,54.96667,-1.51667
GBHEQ,Heaton,Heaton,GB,54.03333,-2.85
GBHGW,Hightown,Hightown,GB,53.51667,-3.05
GBHGY,Hougharry and Loch Eport,Hougharry and Loch Eport,GB,57.6,-7.55
GBHHN,Holehaven,Holehaven,GB,51.5098609,0.5535382
GBHKI,Halkirk,Halkirk,GB,58.51667,-3.5
GBHLN,Helensburgh,Helensburgh,GB,56,-4.73333
GBHLO,Holy Loch,Holy Loch,GB,55.98333,-4.93333
GBHLU,Hunslet/Leeds,Hunslet/Leeds,GB,53.78333,-1.53333
GBHLY,Holyhead,Holyhead,GB,53.3106715,-4.6330966
GBHMA,Helmsdale,Helmsdale,GB,58.11667,-3.65
GBHMV,"Hamnavoe, Burra Isle","Hamnavoe, Burra Isle",GB,60.1,-1.33333
GBHMY,Hemsby,Hemsby,GB,52.7,1.68333
GBHNS,"Hamars Ness, Fetlar","Hamars Ness, Fetlar",GB,60.61667,-0.93333
GBHNT,Hunstanton,Hunstanton,GB,52.9393841,0.4901743
GBHNU,Hainault,Hainault,GB,51.6,0.08333
GBHOJ,Howdon,Howdon,GB,54.98333,-1.46667
GBHOM,Holm,Holm,GB,58.9,-2.9
GBHOP,Hopeman,Hopeman,GB,57.7,-3.43333
GBHOS,Hoswick,Hoswick,GB,60,-1.26667
GBHOV,"Housa Voe, Papa Stour","Housa Voe, Papa Stour",GB,60.33333,-1.66667
GBHP2,Greatham,Greatham,GB,54.63333,-1.23333
GBHPC,Hope Cove,Hope Cove,GB,50.23333,-3.85
GBHPT,Hound Point,Hound Point,GB,56.03333,-3.3
GBHRF,Harefield,Harefield,GB,51.6,-0.48333
GBHRL,Harlow,Harlow,GB,51.7685568,0.0949036
GBHRN,Herne Bay,Herne Bay,GB,51.3719507,1.1306951
GBHRW,Harwich,Harwich,GB,51.9445801,1.2898522
GBHSE,Hessle/Hull,Hessle/Hull,GB,53.71667,-0.43333
GBHST,Hunterston,Hunterston,GB,55.71667,-4.88333
GBHTA,Streatham,Streatham,GB,51.429769,-0.1311105
GBHTG,Hastings,Hastings,GB,50.8550976,0.5821779
GBHTH,Hythe,Hythe,GB,51.06667,1.08333
GBHTP,Hartlepool,Hartlepool,GB,54.68333,-1.21667
GBHTS,Whitehills,Whitehills,GB,57.66667,-2.56667
GBHTT,Hetton,Hetton,GB,54.0247454,-2.0618758
GBHUL,Hull,Hull,GB,53.73333,-0.31667
GBHUT,Houton,Houton,GB,58.91667,-3.18333
GBHUX,Hutton,Hutton,GB,51.6303311,0.3557565
GBHVO,"Ham Voe, Foula","Ham Voe, Foula",GB,60.13333,-2.03333
GBHWV,Howwood,Howwood,GB,55.8,-4.55
GBHWZ,Hugh Town,Hugh Town,GB,49.91667,-6.31667
GBHXL,Goxhill,Goxhill,GB,53.88333,-0.2
GBHXX,Hedon,Hedon,GB,53.73333,-0.18333
GBHYG,Hayling Island,Hayling Island,GB,50.83333,-0.98333
GBHYI,Holy Island,Holy Island,GB,55.66667,-1.8
GBHYM,Heysham,Heysham,GB,54.0494955,-2.890311
GBHYR,Heybridge,Heybridge,GB,51.71667,0.7
GBIAY,Inverallochy,Inverallochy,GB,57.66667,-1.91667
GBICH,Inchture,Inchture,GB,56.43333,-3.16667
GBIFN,Shifnal,Shifnal,GB,52.66667,-2.36667
GBIGG,Eigg,Eigg,GB,56.9,-6.16667
GBIGM,Ingoldmells,Ingoldmells,GB,53.18333,0.33333
GBIGT,Ingatestone,Ingatestone,GB,51.6710667,0.3858842
GBILF,Ilfracombe,Ilfracombe,GB,51.21667,-4.11667
GBILL,Gills,Gills,GB,58.65,-3.15
GBIMG,Islandmagee,Islandmagee,GB,54.81667,-5.7
GBIMM,Immingham,Immingham,GB,53.6,-0.21667
GBINK,Inverkeithing,Inverkeithing,GB,56.01667,-3.4
GBINR,Inverie,Inverie,GB,57.03333,-5.68333
GBINS,Instow,Instow,GB,51.05,-4.16667
GBINT,Wintringham,Wintringham,GB,54.13333,-0.65
GBINV,Inverness,Inverness,GB,57.48333,-4.21667
GBIOG,Isle of Grain,Isle of Grain,GB,51.45,0.7
GBION,"Baile Mor, Iona","Baile Mor, Iona",GB,56.33333,-6.4
GBIOS,Isle of Sheppey,Isle of Sheppey,GB,51.4,0.81667
GBIPS,Ipswich,Ipswich,GB,52.0579324,1.1528095
GBIRB,Irby,Irby,GB,53.3519359,-3.1181304
GBIRE,Leire,Leire,GB,52.5098373,-1.2270872
GBIRV,Irvine,Irvine,GB,55.6,-4.66667
GBISA,Port Isaac,Port Isaac,GB,50.58333,-4.81667
GBISY,Islay,Islay,GB,55.8586803,-3.9480243
GBITC,Itchenor,Itchenor,GB,50.799782,-0.8737383
GBIVG,Invergordon,Invergordon,GB,57.7,-4.16667
GBIVK,Inverkip,Inverkip,GB,55.9,-4.86667
GBIVR,Inveraray,Inveraray,GB,56.23333,-5.06667
GBJAR,Jarrow,Jarrow,GB,54.98333,-1.45
GBJHV,Johnshaven,Johnshaven,GB,56.8,-2.33333
GBJHW,Crown Dry-Dock,Crown Dry-Dock,GB,53.23333,-0.31667
GBJOG,John O'Groats,John O'Groats,GB,58.63333,-3.06667
GBJTB,Johnstonebridge,Johnstonebridge,GB,55.2,-3.41667
GBJUR,Jura,Jura,GB,56.01667,-5.91667
GBKAL,"Kallin (Ceallan), Isle of Grimsay","Kallin (Ceallan), Isle of Grimsay",GB,57.48333,-7.2
GBKBE,Kinlochbervie,Kinlochbervie,GB,58.45,-5.03333
GBKBK,Burstwick,Burstwick,GB,53.73333,-0.13333
GBKBT,Kirkcudbright,Kirkcudbright,GB,54.83333,-4.05
GBKCG,Kennacraig,Kennacraig,GB,55.8,-5.46667
GBKCN,Kircubbin,Kircubbin,GB,54.48333,-5.53333
GBKDE,Kincardine,Kincardine,GB,56.06667,-3.7
GBKEA,Keadby,Keadby,GB,53.6,-0.73333
GBKEI,Keighley,Keighley,GB,53.88333,-1.91667
GBKES,Keiss,Keiss,GB,58.53333,-3.11667
GBKET,"Kettletoft, Sanday","Kettletoft, Sanday",GB,59.23333,-2.6
GBKEV,Keyhaven,Keyhaven,GB,50.71667,-1.56667
GBKGH,Killingholme,Killingholme,GB,53.61667,-0.26667
GBKHA,Thakeham,Thakeham,GB,50.93333,-0.41667
GBKHN,Kinghorn,Kinghorn,GB,56.06667,-3.16667
GBKIB,Kingsbridge,Kingsbridge,GB,50.28333,-3.76667
GBKIC,Kilcreggan,Kilcreggan,GB,55.98333,-4.85
GBKIH,Kirkham,Kirkham,GB,53.7827278,-2.8714885
GBKIM,Kimmeridge,Kimmeridge,GB,50.61667,-2.11667
GBKIO,Killough,Killough,GB,54.25,-5.63333
GBKIP,Kippford,Kippford,GB,54.86667,-3.78333
GBKIS,Kishorn,Kishorn,GB,57.4,-5.58333
GBKKD,Kirkcaldy,Kirkcaldy,GB,56.11667,-3.15
GBKKH,Kirkheaton,Kirkheaton,GB,55.0913603,-1.9709207
GBKKL,Kirkby Lonsdale,Kirkby Lonsdale,GB,54.201,-2.597
GBKKN,Kirkconnel,Kirkconnel,GB,55.38333,-4
GBKLK,Kilkeel,Kilkeel,GB,54.06667,-6
GBKLN,King's Lynn,King's Lynn,GB,52.75,0.38333
GBKLR,Kilroot,Kilroot,GB,54.726551,-5.7692322
GBKLY,Kilgetty,Kilgetty,GB,51.73333,-4.7
GBKMI,Kemsing,Kemsing,GB,51.3,0.21667
GBKNC,Kinlochleven,Kinlochleven,GB,56.7,-4.98333
GBKNK,Kingsnorth,Kingsnorth,GB,51.1165834,0.8608126
GBKOA,Kilchoan,Kilchoan,GB,56.7,-6.1
GBKOH,"Kinloch, Rum","Kinloch, Rum",GB,57,-6.28333
GBKRM,Kirtomy,Kirtomy,GB,58.53333,-4.15
GBKSF,Knutsford,Knutsford,GB,53.3033492,-2.3705745
GBKTT,Ketteringham,Ketteringham,GB,52.5835238,1.2003305
GBKWE,Kingswear,Kingswear,GB,50.33333,-3.56667
GBKWH,Hatston,Hatston,GB,59,-2.96667
GBKWL,Kirkwall,Kirkwall,GB,58.98333,-2.95
GBKYE,Kyles of Bute,Kyles of Bute,GB,55.86667,-5.21667
GBKYH,Killyleagh,Killyleagh,GB,54.4,-5.71667
GBKYL,Kyle of Lochalsh,Kyle of Lochalsh,GB,57.26667,-5.71667
GBKYN,Kyleakin,Kyleakin,GB,57.26667,-5.73333
GBKYU,Kylesku,Kylesku,GB,58.25,-5.01667
GBLAB,Llanaber,Llanaber,GB,52.73333,-4.08333
GBLAH,Lamlash,Lamlash,GB,55.53333,-5.15
GBLAN,Lancaster,Lancaster,GB,54.0488219,-2.8013499
GBLAO,Landore,Landore,GB,51.63333,-3.91667
GBLAR,Larne,Larne,GB,54.8508458,-5.8183116
GBLAV,Lavenham,Lavenham,GB,52.1,0.8
GBLAX,Laxo,Laxo,GB,60.35,-1.2
GBLBA,Leeds,Leeds,GB,53.8,-1.58333
GBLBD,"Lochboisdale (Loch Baghasdail), South Uist","Lochboisdale (Loch Baghasdail), South Uist",GB,57.15,-7.31667
GBLBE,Loch Buie (Mull),Loch Buie (Mull),GB,56.3,-5.9
GBLBH,Lamb Head,Lamb Head,GB,59.08333,-2.53333
GBLCA,Lochawe,Lochawe,GB,56.4,-5.05
GBLCC,Loch Carnan,Loch Carnan,GB,57.33333,-7.25
GBLCD,Loch Torridon,Loch Torridon,GB,57.58,-5.76
GBLCG,Loch Long,Loch Long,GB,56.08333,-4.85
GBLCM,Lytchett Minster,Lytchett Minster,GB,50.73333,-2.05
GBLCN,Lincoln,Lincoln,GB,53.2293545,-0.5404819
GBLCR,Lochcarron,Lochcarron,GB,57.4,-5.48333
GBLCS,Leicester,Leicester,GB,52.6187226,-1.2177036
GBLDC,Ladock,Ladock,GB,50.31667,-4.95
GBLDO,Llandudno,Llandudno,GB,53.322475,-3.8243251
GBLDS,Saint Leonards-on-Sea,Saint Leonards-on-Sea,GB,50.85,0.56667
GBLDV,Llandovery,Llandovery,GB,51.9954586,-3.7977071
GBLDY,Londonderry,Londonderry,GB,54.9978678,-7.3213056
GBLEA,Long Eaton,Long Eaton,GB,52.8985715,-1.270813
GBLEI,Leith,Leith,GB,55.95,-3.16667
GBLEQ,Land's End,Land's End,GB,50.06667,-5.71667
GBLER,Lerwick,Lerwick,GB,60.15,-1.15
GBLEW,Edgeware,Edgeware,GB,51.6,-0.26667
GBLFF,Llansteffan,Llansteffan,GB,51.76667,-4.38333
GBLGO,Largo,Largo,GB,56.21667,-2.95
GBLGP,London Gateway Port,London Gateway Port,GB,51.5,0.48333
GBLGS,Largs,Largs,GB,55.78333,-4.85
GBLHO,"Longhope, Hoy","Longhope, Hoy",GB,58.8,-3.2
GBLHP,Longhope,Longhope,GB,51.8723096,-2.4561351
GBLHS,Loch Striven,Loch Striven,GB,55.93333,-5.06667
GBLHT,Little Hulton,Little Hulton,GB,53.5307,-2.4188
GBLHV,Little Haven,Little Haven,GB,51.76667,-5.1
GBLIB,Liverpool Bay Terminal,Liverpool Bay Terminal,GB,53.68333,-3.55
GBLIF,Foston,Foston,GB,52.9793084,-0.7201341
GBLIT,Littlehampton,Littlehampton,GB,50.8095801,-0.5424424
GBLIV,Liverpool,Liverpool,GB,53.41667,-3
GBLL3,Lullington,Lullington,GB,52.7,-1.61667
GBLLD,Llanddulas,Llanddulas,GB,53.28333,-3.63333
GBLLN,Llanelli,Llanelli,GB,51.66667,-4.15
GBLLO,Llanon,Llanon,GB,52.2827412,-4.1755579
GBLLS,Llanstephan,Llanstephan,GB,52.0688494,-3.2845205
GBLLU,Littlebourne,Littlebourne,GB,51.26667,1.16667
GBLLZ,Llanidloes,Llanidloes,GB,52.4482359,-3.5410891
GBLMA,Lochmaddy,Lochmaddy,GB,57.6,-7.18333
GBLMK,Limekilns,Limekilns,GB,56.03333,-3.48333
GBLMN,Ballymartin,Ballymartin,GB,54.06667,-5.95
GBLMT,Llansamlet,Llansamlet,GB,51.65,-3.88333
GBLNA,Lochearnhead,Lochearnhead,GB,56.38333,-4.28333
GBLND,Llandow,Llandow,GB,51.449005,-3.5222606
GBLNG,Llangadog,Llangadog,GB,51.9379682,-3.8837633
GBLNL,Llangollen,Llangollen,GB,52.9694033,-3.1711111
GBLNM,Lynmouth,Lynmouth,GB,51.21667,-3.81667
GBLOE,Looe,Looe,GB,50.35,-4.45
GBLOK,Little Oakley,Little Oakley,GB,51.91667,1.23333
GBLOL,Lochaline,Lochaline,GB,56.53333,-5.78333
GBLON,London,London,GB,51.5074456,-0.1277653
GBLOS,Leigh-on-Sea,Leigh-on-Sea,GB,51.55,0.66667
GBLOU,Loughborough,Loughborough,GB,52.7723859,-1.2077985
GBLOV,Lochinver,Lochinver,GB,58.15,-5.25
GBLOW,Lowestoft,Lowestoft,GB,52.4766308,1.7537638
GBLOY,Walls,Walls,GB,60.21667,-1.55
GBLOZ,Lode,Lode,GB,52.5902809,0.3379664
GBLRG,Lairg,Lairg,GB,58.03333,-4.4
GBLRP,Loch Ryan Pt,Loch Ryan Pt,GB,54.98333,-5.03333
GBLRZ,"Lochranza, Isle of Arran","Lochranza, Isle of Arran",GB,55.7,-5.3
GBLSC,Loch Scridain (Isle Mull),Loch Scridain (Isle Mull),GB,56.33333,-6.18333
GBLSH,Langstone,Langstone,GB,50.83333,-0.98333
GBLSM,Lismore Island,Lismore Island,GB,56.48333,-5.55
GBLSS,Lossiemouth,Lossiemouth,GB,57.7,-3.28333
GBLTD,Bolt Head,Bolt Head,GB,50.21667,-3.78333
GBLTL,Littlebrook,Littlebrook,GB,51.4627977,0.2445587
GBLTP,London Thamesport,London Thamesport,GB,51.43333,0.6
GBLTS,"Loth, Sanday","Loth, Sanday",GB,59.2,-2.7
GBLUG,Lugton,Lugton,GB,55.75,-4.53333
GBLUI,"South Cuan, Luing","South Cuan, Luing",GB,56.26667,-5.63333
GBLUL,Lulworth Camp,Lulworth Camp,GB,50.63333,-2.23333
GBLUX,Luxulyan,Luxulyan,GB,50.38333,-4.75
GBLVK,Levenwick,Levenwick,GB,59.96667,-1.26667
GBLVR,"Leverburgh, Harris","Leverburgh, Harris",GB,57.76667,-7.01667
GBLWC,Lulworth Cove,Lulworth Cove,GB,50.66667,-2.21667
GBLWL,Latheronwheel,Latheronwheel,GB,58.26667,-3.36667
GBLWT,West Thurrock,West Thurrock,GB,51.47712,0.2721259
GBLXG,Luxborough,Luxborough,GB,51.11667,-3.46667
GBLXY,Loxley,Loxley,GB,53.4,-1.48333
GBLYB,Lybster,Lybster,GB,58.3,-3.28333
GBLYD,Lydney,Lydney,GB,51.71667,-2.51667
GBLYL,Leyland,Leyland,GB,53.6904813,-2.6991336
GBLYM,Lymington,Lymington,GB,50.7583753,-1.5426885
GBLYR,Lyme Regis,Lyme Regis,GB,50.73333,-2.93333
GBLYS,Lyness,Lyness,GB,58.83333,-3.2
GBLYT,Lynton,Lynton,GB,51.21667,-3.83333
GBLYW,Ballywalter,Ballywalter,GB,54.3297872,-5.6179732
GBM89,Miserden,Miserden,GB,51.78333,-2.1
GBMAI,Maidens,Maidens,GB,55.33333,-4.78333
GBMAL,Maldon,Maldon,GB,51.7155563,0.6843548
GBMAW,Marchwood,Marchwood,GB,50.88333,-1.43333
GBMBT,Market Bosworth,Market Bosworth,GB,52.6217051,-1.4149268
GBMCD,Macduff,Macduff,GB,57.66667,-2.48333
GBMCL,Macclesfield,Macclesfield,GB,53.2606635,-2.1255158
GBMDE,Bramdean,Bramdean,GB,51.03333,-1.11667
GBMDI,Ardwick,Ardwick,GB,53.46667,-2.2
GBMDL,Middleham,Middleham,GB,54.28333,-1.8
GBMDW,Middlewich,Middlewich,GB,53.1927371,-2.4453171
GBMEB,Menai Bridge,Menai Bridge,GB,53.2259347,-4.1631064
GBMED,Med,Med,GB,51.66667,0.9
GBMES,Medstead,Medstead,GB,51.129972,-1.0644445
GBMFN,Morfa Nefyn,Morfa Nefyn,GB,52.93333,-4.53333
GBMFS,Milford-on-Sea,Milford-on-Sea,GB,50.71667,-1.58333
GBMFY,Meikle Ferry,Meikle Ferry,GB,57.85,-4.13333
GBMGH,Maghera,Maghera,GB,54.8448023,-6.6718648
GBMGO,Magheramorne,Magheramorne,GB,54.8166449,-5.7666651
GBMGP,"Magilligan Point Ferry Terminal, Lough Foyle","Magilligan Point Ferry Terminal, Lough Foyle",GB,55.18333,-6.96667
GBMGT,Margate,Margate,GB,51.3878174,1.3819699
GBMHD,Minehead,Minehead,GB,51.2,-3.46667
GBMHJ,Meppershall,Meppershall,GB,52,-0.33333
GBMHT,Martlesham Heath,Martlesham Heath,GB,52.0600216,1.2719846
GBMID,Middlesbrough,Middlesbrough,GB,54.56667,-1.15
GBMIS,Mistley,Mistley,GB,51.940023,1.0847028
GBMLF,Milford Haven,Milford Haven,GB,51.71667,-5.03333
GBMLG,Mallaig,Mallaig,GB,57,-5.83333
GBMLI,Mullion,Mullion,GB,50.03333,-5.23333
GBMLM,Millom,Millom,GB,54.209639,-3.270189
GBMLP,"Millport, Great Cumbrae","Millport, Great Cumbrae",GB,55.75,-4.95
GBMML,Melmerby,Melmerby,GB,54.1834941,-1.4758243
GBMMR,Mossmoran,Mossmoran,GB,56.08333,-3.31667
GBMNC,Manchester,Manchester,GB,53.5,-2.21667
GBMNS,"Moaness, Hoy","Moaness, Hoy",GB,58.91667,-3.31667
GBMON,Montrose,Montrose,GB,56.7,-2.45
GBMRB,"Maryfield, Bressay","Maryfield, Bressay",GB,60.15,-1.11667
GBMRR,Moelfre Roads,Moelfre Roads,GB,53.35,-4.23333
GBMRS,Morston,Morston,GB,52.95,0.96667
GBMRY,Maryport,Maryport,GB,54.7128,-3.4926
GBMSC,"Manchester Ship Canal, Salford","Manchester Ship Canal, Salford",GB,53.48333,-2.31667
GBMSD,Maitresse Island,Maitresse Island,GB,48.96667,-2.06667
GBMSH,Mousehole,Mousehole,GB,50.08333,-5.55
GBMSI,Great Massingham,Great Massingham,GB,52.76667,0.66667
GBMTH,Methil,Methil,GB,56.18333,-3.01667
GBMTP,Mablethorpe,Mablethorpe,GB,53.3408271,0.2606772
GBMUA,Muasdale,Muasdale,GB,55.6,-5.66667
GBMVC,Moreton Valence,Moreton Valence,GB,51.7897031,-2.3188378
GBMVG,Mevagissey,Mevagissey,GB,50.26667,-4.78333
GBMYE,Mid Yell,Mid Yell,GB,60.6,-1.06667
GBMYL,Mylor,Mylor,GB,50.16667,-5.05
GBMYN,Maydown,Maydown,GB,55.01667,-7.25
GBMYS,Maylandsea,Maylandsea,GB,51.68333,0.76667
GBMYW,Maesycwmmer,Maesycwmmer,GB,51.63333,-3.23333
GBNAI,Nairn,Nairn,GB,57.58333,-3.88333
GBNAR,Arran,Arran,GB,55.577451,-5.2521609
GBNBC,Newbiggin by the Sea,Newbiggin by the Sea,GB,55.16667,-1.51667
GBNBI,Nethy Bridge,Nethy Bridge,GB,57.26667,-3.63333
GBNBS,Newton by the Sea,Newton by the Sea,GB,55.5,-1.66667
GBNBU,Newburgh,Newburgh,GB,56.3510044,-3.237601
GBNBW,North Berwick,North Berwick,GB,56.06667,-2.71667
GBNCL,Newcastle upon Tyne,Newcastle upon Tyne,GB,54.96667,-1.6
GBNCN,Norton Canes,Norton Canes,GB,52.66667,-1.96667
GBNCS,Newcastle,Newcastle,GB,54.21667,-5.9
GBNCY,Newcastle Emlyn,Newcastle Emlyn,GB,52.03333,-4.46667
GBNDY,Sanday,Sanday,GB,59.2484042,-2.5824319
GBNEA,Neath,Neath,GB,51.65,-3.8
GBNEF,Nefyn,Nefyn,GB,52.93333,-4.5
GBNEH,Neap House,Neap House,GB,53.6083051,-0.699839
GBNFC,North Finchley,North Finchley,GB,51.61667,-0.16667
GBNFK,Hoverton,Hoverton,GB,52.93333,1.3
GBNFR,Friden,Friden,GB,53.1432698,-1.7458232
GBNFT,Northfleet,Northfleet,GB,51.4432285,0.3363286
GBNGG,Nigg,Nigg,GB,57.71667,-4
GBNGI,Newbiggin,Newbiggin,GB,54.8433436,-2.0800692
GBNHC,North Cove,North Cove,GB,52.43333,1.73333
GBNHO,New Holland,New Holland,GB,53.7,-0.36667
GBNHS,North Harris,North Harris,GB,57.88333,-6.86667
GBNHV,Newhaven,Newhaven,GB,50.7945315,0.0483875
GBNLE,Thornley,Thornley,GB,54.75,-1.43333
GBNLN,Nelson,Nelson,GB,53.8363428,-2.2116469
GBNME,Northmavine,Northmavine,GB,60.5173335,-1.4139909
GBNMT,North Marston,North Marston,GB,51.8965923,-0.88079
GBNMY,Normans Bay,Normans Bay,GB,50.81667,0.38333
GBNNR,Normanton le Heath,Normanton le Heath,GB,52.7,-1.43333
GBNO2,Gretton,Gretton,GB,52.53333,-0.66667
GBNOH,"North Haven, Fair Isle","North Haven, Fair Isle",GB,59.53333,-1.6
GBNOQ,North Queensferry,North Queensferry,GB,56.01667,-3.4
GBNOT,Norton,Norton,GB,54.11667,-0.76667
GBNPO,Newport,Newport,GB,50.7,-1.28333
GBNPT,Newport,Newport,GB,51.5882332,-2.9974967
GBNRB,Northbay,Northbay,GB,57,-7.4
GBNRF,North Ferriby,North Ferriby,GB,53.71667,-0.5
GBNRM,North Walsham,North Walsham,GB,52.8213308,1.3861979
GBNRO,North Ronaldsay,North Ronaldsay,GB,59.35,-2.43333
GBNRR,North Roe to Hillswick,North Roe to Hillswick,GB,60.58333,-1.33333
GBNRW,Norwich,Norwich,GB,52.6285576,1.2923954
GBNRY,Newry,Newry,GB,54.1775283,-6.337506
GBNSA,Ness,Ness,GB,58.45,-6.33333
GBNSD,North Sunderland,North Sunderland,GB,55.56667,-1.66667
GBNSH,North Shields,North Shields,GB,55,-1.46667
GBNSN,Neilston,Neilston,GB,55.78333,-4.41667
GBNSS,Thorpeness,Thorpeness,GB,52.16667,1.61667
GBNTF,Newton Ferrers,Newton Ferrers,GB,50.31667,-4.03333
GBNTG,Nottingham,Nottingham,GB,52.9534193,-1.1496461
GBNTH,Northwich,Northwich,GB,53.2602539,-2.5145104
GBNTL,North Lochs,North Lochs,GB,58.1,-6.48333
GBNTW,Nantwich,Nantwich,GB,53.0671376,-2.5221184
GBNTZ,North Tawton,North Tawton,GB,50.8,-3.9
GBNUI,North Uist,North Uist,GB,57.603803,-7.3473444
GBNWF,Newhaven/Edinburgh,Newhaven/Edinburgh,GB,55.98333,-3.18333
GBNWK,Newark,Newark,GB,55.3615278,-3.9122685
GBNWN,Newtown,Newtown,GB,50.7,-1.4
GBNY2,Buckden,Buckden,GB,54.18333,-2.08333
GBNYD,Neyland,Neyland,GB,51.7,-4.93333
GBNYL,Newlyn,Newlyn,GB,50.1062596,-5.5500155
GBOAK,Oakhamness,Oakhamness,GB,52.6793509,-0.8019024
GBOBA,Oban,Oban,GB,56.41667,-5.46667
GBOBR,Oulton Broad,Oulton Broad,GB,52.48333,1.73333
GBOCH,Lochs,Lochs,GB,58.1,-6.48333
GBODD,"Oddsta, Fetlar","Oddsta, Fetlar",GB,60.61667,-0.91667
GBODH,Oldham,Oldham,GB,53.55,-2.11667
GBODL,Old Dalby,Old Dalby,GB,52.8066079,-1.0024769
GBODO,Old Dornie,Old Dornie,GB,58.03333,-5.41667
GBOGH,Brough,Brough,GB,53.71667,-0.58333
GBOHM,Bosham,Bosham,GB,50.81667,-0.86667
GBOHT,Shotts,Shotts,GB,55.81667,-3.78333
GBOKK,Old Kilpatrick,Old Kilpatrick,GB,55.91667,-4.45
GBOLL,Coll,Coll,GB,58.27291,-6.3147747
GBOOR,Buntingford,Buntingford,GB,51.9464245,-0.0086957
GBOOT,Hooton,Hooton,GB,53.28333,-2.95
GBORH,Orford,Orford,GB,52.1,1.53333
GBORK,Orkney,Orkney,GB,58.9418231,-3.1296944
GBORR,Corran,Corran,GB,56.71667,-5.23333
GBOTC,South Lochs,South Lochs,GB,58.0188289,-6.5964161
GBOTR,"Otternish, North Uist","Otternish, North Uist",GB,57.68333,-7.18333
GBOWW,Oswaldtwistle,Oswaldtwistle,GB,53.7398209,-2.3988049
GBOYL,Poyle,Poyle,GB,51.4798243,-0.5145106
GBPAD,Padstow,Padstow,GB,50.5412387,-4.9389149
GBPAE,Pentraeth,Pentraeth,GB,53.26667,-4.21667
GBPAG,Paglesham,Paglesham,GB,51.63333,0.66667
GBPAK,Port Askaig,Port Askaig,GB,55.85,-6.11667
GBPAL,Palnackie,Palnackie,GB,54.8921701,-3.8404925
GBPAP,Port Appin,Port Appin,GB,56.55,-5.4
GBPAR,Par,Par,GB,50.35,-4.71667
GBPAT,Paddington,Paddington,GB,51.5,-0.18333
GBPBA,Portballintrae,Portballintrae,GB,55.21667,-6.53333
GBPBD,Pembridge,Pembridge,GB,52.21667,-2.9
GBPBM,Prenton/Birkenhead,Prenton/Birkenhead,GB,53.36667,-3.03333
GBPCO,Porth Colmon,Porth Colmon,GB,52.9,-4.63333
GBPCW,Porthcawl,Porthcawl,GB,51.48333,-3.7
GBPDD,Pen-Clawdd,Pen-Clawdd,GB,51.7662165,-2.792751
GBPDI,Port Dinorwic,Port Dinorwic,GB,53.1850692,-4.2057931
GBPDL,Pontardulais,Pontardulais,GB,51.71667,-4.08333
GBPED,Pembroke Dock,Pembroke Dock,GB,51.693539,-4.9392016
GBPEG,Port Edgar,Port Edgar,GB,55.98333,-3.41667
GBPEM,Pembroke,Pembroke,GB,51.66667,-4.9
GBPEN,Penzance,Penzance,GB,50.1194794,-5.5352463
GBPER,Perth,Perth,GB,56.4,-3.43333
GBPFT,Purfleet,Purfleet,GB,51.4816756,0.2395499
GBPFY,Portaferry,Portaferry,GB,54.38333,-5.55
GBPGD,Portgordon,Portgordon,GB,57.66667,-3.01667
GBPGG,Port Glasgow,Port Glasgow,GB,55.93333,-4.68333
GBPGI,Porthgain,Porthgain,GB,51.93333,-5.16667
GBPGV,Port Gaverne,Port Gaverne,GB,50.6,-4.81667
GBPHD,Peterhead,Peterhead,GB,57.5,-1.78333
GBPHV,Peacehaven,Peacehaven,GB,50.8,0
GBPI7,Pitney,Pitney,GB,51.05,-2.78333
GBPIE,"Pierowall, Westray","Pierowall, Westray",GB,59.31667,-3
GBPKA,Portskerra,Portskerra,GB,58.56667,-3.91667
GBPKD,Penkridge,Penkridge,GB,52.73333,-2.11667
GBPKL,Pocklington,Pocklington,GB,53.9315681,-0.7761036
GBPKN,Portknockie,Portknockie,GB,57.7,-2.86667
GBPKR,Pickering,Pickering,GB,54.25,-0.78333
GBPLN,Port Ellen,Port Ellen,GB,55.63333,-6.18333
GBPLO,Plockton,Plockton,GB,57.33333,-5.65
GBPLP,Polperro,Polperro,GB,50.33333,-4.53333
GBPLR,Polruan,Polruan,GB,50.31667,-4.61667
GBPLV,Porthleven,Porthleven,GB,50.08333,-5.31667
GBPLY,Plymouth,Plymouth,GB,50.4,-4.11667
GBPMD,Portmadoc,Portmadoc,GB,52.928056,-4.133333
GBPME,Portsmouth,Portsmouth,GB,50.8514265,-0.9903921
GBPMK,Portmahomack,Portmahomack,GB,57.83333,-3.81667
GBPMM,Penmaenmawr,Penmaenmawr,GB,53.2681395,-3.9200268
GBPMR,"Port Mor, Muck","Port Mor, Muck",GB,56.83333,-6.23333
GBPMY,Pembrey,Pembrey,GB,51.68333,-4.26667
GBPNA,Patna,Patna,GB,55.36667,-4.5
GBPNB,Penberth,Penberth,GB,50.05,-5.6
GBPNE,Pendeen,Pendeen,GB,50.16667,-5.66667
GBPNG,Portnalong,Portnalong,GB,57.3281713,-6.4039956
GBPNH,Penarth,Penarth,GB,51.43333,-3.16667
GBPNV,Portnahaven,Portnahaven,GB,55.66667,-6.5
GBPOC,Port Clarence,Port Clarence,GB,54.58333,-1.23333
GBPOG,Port Logan,Port Logan,GB,54.7,-4.95
GBPOH,Porthoustock,Porthoustock,GB,50.05,-5.06667
GBPOI,"Point, Island of Lismore","Point, Island of Lismore",GB,56.55,-5.43333
GBPOO,Poole,Poole,GB,50.7179472,-1.981521
GBPOR,Porth,Porth,GB,51.61667,-3.4
GBPPE,Port Penrhyn,Port Penrhyn,GB,53.2347,-4.1113
GBPPG,Pipe Gate,Pipe Gate,GB,52.96667,-2.38333
GBPPK,Portpatrick,Portpatrick,GB,54.85,-5.11667
GBPPO,Saint Peter Port,Saint Peter Port,GB,49.45,-2.53333
GBPPW,Papa Westray,Papa Westray,GB,59.33333,-2.88333
GBPQT,Bishopsteignton,Bishopsteignton,GB,50.55,-3.53333
GBPRE,Preston,Preston,GB,53.75,-2.71667
GBPRJ,Portreath,Portreath,GB,50.26667,-5.3
GBPRL,Portloe,Portloe,GB,50.21667,-4.9
GBPRN,Portnaguran and Ness,Portnaguran and Ness,GB,58.48333,-6.21667
GBPRP,Portincaple,Portincaple,GB,56.1,-4.85
GBPRT,Portree,Portree,GB,57.41667,-6.18333
GBPRU,Portbury,Portbury,GB,51.46667,-2.71667
GBPRY,Penryn,Penryn,GB,50.1685457,-5.1034063
GBPRZ,Porlock,Porlock,GB,51.2086491,-3.5959091
GBPSB,Sutton Bridge,Sutton Bridge,GB,52.76667,0.18333
GBPSC,Portscatho,Portscatho,GB,50.18333,-4.98333
GBPSE,Port Seton,Port Seton,GB,55.96667,-2.95
GBPSM,Port Saint Mary,Port Saint Mary,GB,54.06667,-4.73333
GBPSU,Port Sunlight,Port Sunlight,GB,53.33333,-2.98333
GBPSW,Portstewart,Portstewart,GB,55.18333,-6.71667
GBPSY,Portsoy,Portsoy,GB,57.68333,-2.68333
GBPTB,Port Talbot,Port Talbot,GB,51.6,-3.78333
GBPTC,Pettycur,Pettycur,GB,56.06667,-3.18333
GBPTD,Porthmadog,Porthmadog,GB,52.93333,-4.11667
GBPTG,Porthgwarra,Porthgwarra,GB,50.03333,-5.66667
GBPTH,Portishead,Portishead,GB,51.48333,-2.76667
GBPTL,Portland,Portland,GB,50.5672516,-2.4472529
GBPTR,Portrush,Portrush,GB,55.2060325,-6.6540486
GBPTS,Portslade,Portslade,GB,50.844,-0.216
GBPTT,Partington,Partington,GB,53.41667,-2.41667
GBPVD,Portavadie,Portavadie,GB,55.86667,-5.3
GBPVG,Portavogie,Portavogie,GB,54.45,-5.45
GBPWE,Poolewe,Poolewe,GB,57.75,-5.6
GBPWI,Port William,Port William,GB,54.76667,-4.58333
GBPWL,Pwllheli,Pwllheli,GB,52.88333,-4.41667
GBPWM,Pittenweem,Pittenweem,GB,56.21667,-2.73333
GBQDL,Quedgeley,Quedgeley,GB,51.81667,-2.28333
GBQGT,Wallesbourne Hastings,Wallesbourne Hastings,GB,52.18333,-1.58333
GBQUB,Queenborough,Queenborough,GB,51.4124923,0.738639
GBQWR,Bishops Castle,Bishops Castle,GB,52.5,-3
GBQZL,Clevedon,Clevedon,GB,51.43333,-2.83333
GBRAP,"Rapness, Westray","Rapness, Westray",GB,59.26667,-2.86667
GBRAS,"Clachan, Raasay","Clachan, Raasay",GB,57.33333,-6.06667
GBRAV,Ravensthorpe Dewsbury,Ravensthorpe Dewsbury,GB,53.679333,-1.662917
GBRAY,"Rothesay, Isle of Bute","Rothesay, Isle of Bute",GB,55.88333,-5.15
GBRBB,Robin Hoods Bay,Robin Hoods Bay,GB,54.4,-0.48333
GBRBD,Rawcliffe Bridge,Rawcliffe Bridge,GB,53.66667,-0.93333
GBRBL,Erribol,Erribol,GB,58.46667,-4.23333
GBRCB,Rhu Coigach - Badluachrach,Rhu Coigach - Badluachrach,GB,57.88333,-5.38333
GBRCD,Bracadale,Bracadale,GB,57.35,-6.4
GBRCS,Rochester,Rochester,GB,51.3883811,0.504925
GBRDA,Rossendale,Rossendale,GB,53.68333,-2.25
GBRDH,Rudh Re - Red Point,Rudh Re - Red Point,GB,57.63333,-5.81667
GBRDN,Reading,Reading,GB,51.45,-0.96667
GBRDS,Reddish,Reddish,GB,53.43333,-2.15
GBREA,Reay,Reay,GB,58.55,-3.78333
GBREB,Redcliff Bay,Redcliff Bay,GB,51.46667,-2.78333
GBRED,Red Bay,Red Bay,GB,55.06667,-6.01667
GBREJ,Rejerrah,Rejerrah,GB,50.35,-5.08333
GBREM,Reedham,Reedham,GB,52.55,1.56667
GBREN,Renfrew,Renfrew,GB,55.88333,-4.4
GBRER,Redcar,Redcar,GB,54.6,-1.05
GBREV,"Brevig, Barra","Brevig, Barra",GB,56.95,-7.43333
GBRFD,Rochford,Rochford,GB,51.5838691,0.7056174
GBRFR,Rock Ferry,Rock Ferry,GB,53.36667,-3
GBRGH,Brough,Brough,GB,58.65,-3.33333
GBRGL,Ravenglass,Ravenglass,GB,54.35,-3.4
GBRGN,Mid Glamorgan,Mid Glamorgan,GB,51.5,-3.45
GBRHB,"Rhubodach, Isle of Bute","Rhubodach, Isle of Bute",GB,55.91667,-5.13333
GBRHS,Rhôs-on-Sea,Rhôs-on-Sea,GB,53.3,-3.75
GBRHU,Rhu,Rhu,GB,56.01667,-4.76667
GBRHY,Rhyl,Rhyl,GB,53.3207425,-3.4907258
GBRIC,Richborough,Richborough,GB,51.28333,1.33333
GBRID,Ridham Dock,Ridham Dock,GB,51.3830073,0.7585162
GBRIE,Scourie,Scourie,GB,58.35,-5.15
GBRIG,Tendring,Tendring,GB,51.8753236,1.1128842
GBRLG,Bar Light,Bar Light,GB,53.53333,-3.31667
GBRLW,Carloway,Carloway,GB,58.26667,-6.76667
GBRMB,Ramsbottom,Ramsbottom,GB,53.63333,-2.31667
GBRME,Rosemarkie,Rosemarkie,GB,57.6,-4.11667
GBRMG,Ramsgate,Ramsgate,GB,51.3334726,1.4196476
GBRNE,Rhosneigr,Rhosneigr,GB,53.23333,-4.51667
GBRNN,Bernera (N Uist),Bernera (N Uist),GB,58.230242,-6.8428332
GBRNR,Bernera (Lewis),Bernera (Lewis),GB,58.18333,-6.98333
GBROC,Rock,Rock,GB,50.53333,-4.9
GBROR,Rostrevor,Rostrevor,GB,54.1,-6.2
GBROU,Rousay,Rousay,GB,59.13333,-2.96667
GBROW,Rowhedge,Rowhedge,GB,51.8569723,0.9486956
GBROY,Rosyth,Rosyth,GB,56.03333,-3.43333
GBRPH,Reepham,Reepham,GB,52.7642702,1.0904313
GBRRB,Garrabost,Garrabost,GB,58.21667,-6.23333
GBRRD,River Dart,River Dart,GB,50.33333,-3.55
GBRRO,Carron,Carron,GB,56.0245689,-3.7929389
GBRRR,Eardiston,Eardiston,GB,52.8196542,-2.9376108
GBRSB,Birsay,Birsay,GB,59.11667,-3.28333
GBRSH,Rosneath,Rosneath,GB,56.01667,-4.81667
GBRSL,Thundersley,Thundersley,GB,51.55,0.58333
GBRST,Breasclete,Breasclete,GB,58.2,-6.75
GBRSY,Ramsey,Ramsey,GB,52.4494068,-0.1021136
GBRTH,Rotherham,Rotherham,GB,53.43333,-1.35
GBRTL,Port Erroll,Port Erroll,GB,57.4,-1.83333
GBRTY,Rosehearty,Rosehearty,GB,57.7,-2.1
GBRUM,Ruan Minor,Ruan Minor,GB,49.98333,-5.18333
GBRUN,Runcorn,Runcorn,GB,53.33333,-2.75
GBRVF,River Fowey,River Fowey,GB,50.4,-4.58333
GBRWS,Wetheringsett,Wetheringsett,GB,52.25,1.11667
GBRYD,Ryde,Ryde,GB,50.73333,-1.16667
GBRYE,Rye,Rye,GB,50.9511871,0.7327667
GBRYL,Reynoldston,Reynoldston,GB,51.58333,-4.18333
GBSAA,Southend-on-Sea,Southend-on-Sea,GB,51.53333,0.7
GBSAD,Sandford,Sandford,GB,50.81667,-3.66667
GBSAG,Saint Agnes,Saint Agnes,GB,49.88333,-6.33333
GBSAI,Shanklin,Shanklin,GB,50.61667,-1.18333
GBSAU,Saundersfoot,Saundersfoot,GB,51.7,-4.71667
GBSAV,Stratford-upon-Avon,Stratford-upon-Avon,GB,52.1927803,-1.70634
GBSBA,Stapleford Abbots,Stapleford Abbots,GB,51.63333,0.16667
GBSBI,Stowbridge,Stowbridge,GB,52.63333,0.36667
GBSCA,Scarborough,Scarborough,GB,54.2820009,-0.4011868
GBSCB,Salcombe,Salcombe,GB,50.23333,-3.78333
GBSCC,"Scalpay, Outer Hebridies","Scalpay, Outer Hebridies",GB,57.86667,-6.68333
GBSCF,Scapa,Scapa,GB,58.96667,-2.98333
GBSCG,"Scalasaig, Colonsay","Scalasaig, Colonsay",GB,56.06667,-6.16667
GBSCH,Stockinish,Stockinish,GB,57.8173826,-6.8282739
GBSCM,Saint Combs and Charleston,Saint Combs and Charleston,GB,57.66667,-1.91667
GBSCN,"Scarinish, Tiree","Scarinish, Tiree",GB,56.51667,-6.81667
GBSCO,"Sconser, Isle of Skye","Sconser, Isle of Skye",GB,57.3,-6.11667
GBSCP,Scunthorpe,Scunthorpe,GB,53.58333,-0.65
GBSCR,Scrabster,Scrabster,GB,58.61667,-3.55
GBSCT,Stockton,Stockton,GB,52.25,-2.7
GBSDL,Snodland,Snodland,GB,51.3349191,0.432657
GBSDM,Sidmouth,Sidmouth,GB,50.68333,-3.25
GBSDO,Sandown,Sandown,GB,50.65,-1.15
GBSDQ,Sheldon,Sheldon,GB,52.45,-1.76667
GBSDS,Sandside,Sandside,GB,58.56667,-3.78333
GBSDT,Bradstone,Bradstone,GB,50.56667,-4.26667
GBSDW,Sandwich,Sandwich,GB,51.26667,1.35
GBSEA,Seaham,Seaham,GB,54.8372106,-1.3355612
GBSEC,Southend Argyll,Southend Argyll,GB,55.31667,-5.63333
GBSED,Salt End,Salt End,GB,53.73333,-0.23333
GBSEF,Seaforth,Seaforth,GB,53.46667,-3.01667
GBSES,Sidlesham,Sidlesham,GB,50.78333,-0.78333
GBSEZ,Sheen,Sheen,GB,53.15,-1.83333
GBSF5,Scarcliffe,Scarcliffe,GB,53.2134956,-1.2588054
GBSFK,Scarfskerry,Scarfskerry,GB,58.65,-3.26667
GBSFR,Seaford,Seaford,GB,50.76667,0.1
GBSFU,Stuartfield,Stuartfield,GB,57.5,-2.05
GBSFW,Scapa Flow,Scapa Flow,GB,58.88333,-3.06667
GBSFY,Salford,Salford,GB,53.48333,-2.26667
GBSGC,Badminton,Badminton,GB,51.53333,-2.28333
GBSGM,Sheringham,Sheringham,GB,52.93333,1.2
GBSGP,Saint Margaret's Hope,Saint Margaret's Hope,GB,58.83333,-2.95
GBSGT,Stillington,Stillington,GB,54.105853,-1.1303107
GBSHE,Sheffield,Sheffield,GB,53.36667,-1.5
GBSHG,South Hayling,South Hayling,GB,50.78333,-0.96667
GBSHK,Southwick,Southwick,GB,50.83333,-0.23333
GBSHN,Shandon,Shandon,GB,56.05,-4.8
GBSHO,Shoreham,Shoreham,GB,51.31667,0.18333
GBSHS,Sheerness,Sheerness,GB,51.4398236,0.7620398
GBSHT,Shotton,Shotton,GB,54.7563817,-1.3852333
GBSHU,Seahouses,Seahouses,GB,55.58333,-1.66667
GBSHV,Shell Haven,Shell Haven,GB,51.5052,0.4902
GBSHX,Shieldaig,Shieldaig,GB,57.51667,-5.63333
GBSHY,Saint Helens,Saint Helens,GB,53.45,-2.73333
GBSID,Snape Bridge,Snape Bridge,GB,52.15,1.5
GBSIL,Silloth,Silloth,GB,54.869,-3.381
GBSJJ,Small Heath,Small Heath,GB,52.45,-1.81667
GBSJL,Strangford,Strangford,GB,54.36667,-5.56667
GBSJU,Saint Just,Saint Just,GB,50.1,-5.68333
GBSJY,Studland,Studland,GB,50.63333,-1.93333
GBSKE,Skegness,Skegness,GB,53.15,0.33333
GBSKR,Skerray,Skerray,GB,58.53333,-4.3
GBSKV,Saint Keverne,Saint Keverne,GB,50.05,-5.1
GBSKZ,Skeld,Skeld,GB,60.16667,-1.43333
GBSLB,Selby,Selby,GB,53.78333,-1.06667
GBSLC,Saltcoats,Saltcoats,GB,55.61667,-4.8
GBSLV,Solva (Solfach),Solva (Solfach),GB,51.86667,-5.18333
GBSMA,Saint Marys Bay,Saint Marys Bay,GB,51.01667,0.96667
GBSMC,Saint Monance (Saint Monans),Saint Monance (Saint Monans),GB,56.21667,-2.76667
GBSMH,"Saint Margaret's Hope, South Ronaldsay","Saint Margaret's Hope, South Ronaldsay",GB,58.83333,-2.96667
GBSMM,Saint Michael's Mount,Saint Michael's Mount,GB,50.11667,-5.46667
GBSMP,Saint Sampson (Golant),Saint Sampson (Golant),GB,50.36667,-4.65
GBSMU,Summercourt,Summercourt,GB,50.35,-4.96667
GBSMV,Saint Mawes,Saint Mawes,GB,50.15,-5.01667
GBSMW,Simonswood,Simonswood,GB,53.5,-2.86667
GBSNC,Sennen Cove,Sennen Cove,GB,50.06667,-5.7
GBSND,Southend,Southend,GB,51.5680323,0.7040854
GBSNJ,Sand,Sand,GB,60.21667,-1.38333
GBSNK,Sandness,Sandness,GB,60.3,-1.65
GBSNS,Stromness,Stromness,GB,58.9614356,-3.2993767
GBSNV,Saint Minver,Saint Minver,GB,50.55,-4.86667
GBSNW,St Andrews,St Andrews,GB,56.33333,-2.78333
GBSOA,Stroma,Stroma,GB,58.68333,-3.11667
GBSOQ,South Queensferry,South Queensferry,GB,55.98333,-3.4
GBSOT,Stoke on Trent,Stoke on Trent,GB,53,-2.18333
GBSOU,Southampton,Southampton,GB,50.899862,-1.43843
GBSOW,Stanlow,Stanlow,GB,53.282995,-2.8519993
GBSPI,Sandhaven and Pitullie,Sandhaven and Pitullie,GB,57.68333,-2.03333
GBSPQ,Stackpole Quay,Stackpole Quay,GB,51.61667,-4.9
GBSPT,Sompting,Sompting,GB,50.81667,-0.35
GBSPY,Shapinsay,Shapinsay,GB,59.05,-2.85
GBSQK,Saint Martins,Saint Martins,GB,50.8334225,-0.127312
GBSRC,Strathcarron,Strathcarron,GB,57.43333,-5.41667
GBSRH,Strathaird,Strathaird,GB,57.16667,-6.05
GBSRI,Stalbridge,Stalbridge,GB,50.95,-2.36667
GBSRQ,Southerness,Southerness,GB,54.86667,-3.6
GBSRT,Southport,Southport,GB,53.65,-3
GBSRX,Sark,Sark,GB,49.43333,-2.36667
GBSRY,South Ronaldsay,South Ronaldsay,GB,58.73333,-2.96667
GBSRZ,Strete,Strete,GB,50.31667,-3.63333
GBSSH,South Shields,South Shields,GB,54.98333,-1.41667
GBSSK,Shiskine,Shiskine,GB,55.51667,-5.3
GBSSS,Sharpness,Sharpness,GB,51.71663,-2.470734
GBSSY,Selsey,Selsey,GB,50.73333,-0.8
GBST2,Stechford,Stechford,GB,52.48333,-1.8
GBSTH,Salthouse,Salthouse,GB,52.93333,1.1
GBSTO,Stornoway,Stornoway,GB,58.21667,-6.36667
GBSTQ,Saint Quivox,Saint Quivox,GB,55.48333,-4.56667
GBSTR,Stranraer,Stranraer,GB,54.9,-5.03333
GBSTT,Stockton-on-Tees,Stockton-on-Tees,GB,54.56667,-1.31667
GBSTZ,Staithes,Staithes,GB,54.55,-0.8
GBSUH,Spurn Head,Spurn Head,GB,53.5745558,0.1099185
GBSUL,Sullom Voe,Sullom Voe,GB,60.46667,-1.3
GBSUN,Sunderland,Sunderland,GB,54.9,-1.38333
GBSUT,South Arne,South Arne,GB,56.06667,4.25
GBSVI,Sevington,Sevington,GB,51.11667,0.9
GBSVN,Stonehaven,Stonehaven,GB,56.96667,-2.21667
GBSVS,Saint David's,Saint David's,GB,51.88333,-5.26667
GBSVT,Silvertown,Silvertown,GB,51.5,0.03333
GBSVW,Seaview,Seaview,GB,50.7233468,-1.1250214
GBSVZ,Saint Mary's,Saint Mary's,GB,49.91667,-6.3
GBSWA,Swansea,Swansea,GB,51.63333,-3.96667
GBSWC,Sandwick,Sandwick,GB,59.98333,-1.25
GBSWD,Southwold,Southwold,GB,52.3260841,1.6793095
GBSWE,Swanage,Swanage,GB,50.61667,-1.96667
GBSWN,Swinton,Swinton,GB,53.5,-2.35
GBSWY,Scalloway,Scalloway,GB,60.13333,-1.28333
GBSXE,Staxigoe,Staxigoe,GB,58.43333,-3.03333
GBSYL,Shinness,Shinness,GB,58.08333,-4.46667
GBSYM,Symbister,Symbister,GB,60.33333,-1.03333
GBSYR,Stourton/Leeds,Stourton/Leeds,GB,53.78333,-1.53333
GBSYY,Steynton,Steynton,GB,51.71667,-5.01667
GBSZB,Sizewell Beach,Sizewell Beach,GB,52.2,1.61667
GBSZC,Saint Clement,Saint Clement,GB,50.25,-5.01667
GBSZT,Snizort,Snizort,GB,57.48333,-6.31667
GBTAB,"Tarbert,Harris","Tarbert,Harris",GB,57.9,-6.8
GBTAD,Taddiport,Taddiport,GB,50.93333,-4.15
GBTAI,Tayinloan,Tayinloan,GB,55.65,-5.65
GBTAM,Tameside,Tameside,GB,53.48333,-2.08333
GBTAR,"Tarbert, Loch Fyne","Tarbert, Loch Fyne",GB,55.86667,-5.41667
GBTAY,Tayport,Tayport,GB,56.45,-2.88333
GBTBN,Toberonochy,Toberonochy,GB,56.2,-5.61667
GBTBR,Saint Brelade,Saint Brelade,GB,49.2,-2.2
GBTBY,Torbay/Paignton,Torbay/Paignton,GB,50.45,-3.56667
GBTDI,Tudweiliog,Tudweiliog,GB,52.9,-4.6
GBTED,Stanstead,Stanstead,GB,52.1,0.68333
GBTEE,Teesport,Teesport,GB,54.58333,-1.15
GBTEN,Tenby (Dinbych-y-pysgod),Tenby (Dinbych-y-pysgod),GB,51.66667,-4.71667
GBTEZ,Talbot Green,Talbot Green,GB,51.5364126,-3.3867954
GBTFO,Tilford,Tilford,GB,51.18333,-0.75
GBTFR,Trefforest,Trefforest,GB,51.58333,-3.31667
GBTFT,Toft Shetland,Toft Shetland,GB,60.46667,-1.21667
GBTGU,Tongue,Tongue,GB,58.46667,-4.41667
GBTHM,Topsham,Topsham,GB,50.68333,-3.45
GBTHP,Thamesport,Thamesport,GB,51.4403,0.6875
GBTHR,Thurso,Thurso,GB,58.58333,-3.51667
GBTHS,Thames Haven,Thames Haven,GB,51.5092668,0.5069974
GBTHT,South Uist and Eriskay,South Uist and Eriskay,GB,57.06667,-7.26667
GBTIG,Tighnabruaich,Tighnabruaich,GB,55.9,-5.23333
GBTIL,Tilbury,Tilbury,GB,51.46,0.345
GBTLD,Shetland,Shetland,GB,60.333333,-1.333333
GBTLE,Saint Helens,Saint Helens,GB,50.68333,-1.1
GBTLI,Tayvallich,Tayvallich,GB,56.01667,-5.61667
GBTLN,Talmine,Talmine,GB,58.53333,-4.41667
GBTND,Standlake,Standlake,GB,51.71667,-1.41667
GBTNG,Tingwall Orkney,Tingwall Orkney,GB,59.08333,-3.05
GBTNM,Teignmouth,Teignmouth,GB,50.55,-3.46667
GBTNN,Hilton,Hilton,GB,52.2799974,-0.1093715
GBTNR,Saint Helier,Saint Helier,GB,49.18333,-2.1
GBTOB,Tobermory,Tobermory,GB,56.63333,-6.08333
GBTOL,Tollesbury,Tollesbury,GB,51.754622,0.8483869
GBTOR,Torquay,Torquay,GB,50.45,-3.5
GBTPB,Thorpe Bay,Thorpe Bay,GB,51.88333,0.75
GBTPO,Torpoint,Torpoint,GB,50.38333,-4.21667
GBTRA,Tranmere,Tranmere,GB,53.36667,-3.01667
GBTRD,Torridon,Torridon,GB,57.53333,-5.51667
GBTRL,Thornhill,Thornhill,GB,53.35,-1.7
GBTRN,Troon,Troon,GB,55.55,-4.65
GBTRO,Trefor,Trefor,GB,53,-4.4
GBTRR,Trearddur,Trearddur,GB,53.28333,-4.61667
GBTRS,South Harris,South Harris,GB,53.4144021,-1.5117258
GBTRU,Truro,Truro,GB,50.2633381,-5.0510525
GBTSO,Tresco,Tresco,GB,49.95,-6.33333
GBTTL,Tetney Terminal,Tetney Terminal,GB,53.48333,0.01667
GBTVD,Tividale,Tividale,GB,52.51667,-2.06667
GBTWL,Tingwall,Tingwall,GB,60.16667,-1.21667
GBTYD,Tyddewi (St David's),Tyddewi (St David's),GB,51.88333,-5.25
GBTYM,Tynemouth,Tynemouth,GB,55.01667,-1.43333
GBTYN,Tyne,Tyne,GB,55,-1.43333
GBUCN,Buchan,Buchan,GB,57.4704939,-1.7737569
GBUEN,Saint Ouen,Saint Ouen,GB,49.21667,-2.2
GBUFY,Upper Froyle,Upper Froyle,GB,51.18333,-0.91667
GBUGH,Billingborough,Billingborough,GB,52.8938586,-0.3409855
GBUIG,Uig,Uig,GB,57.58333,-6.36667
GBULF,Ulva Ferry,Ulva Ferry,GB,56.48333,-6.13333
GBULL,Ullapool,Ullapool,GB,57.9,-5.16667
GBULS,"Ulsta, Yell","Ulsta, Yell",GB,60.5,-1.16667
GBUNS,Bunessan,Bunessan,GB,56.31667,-6.23333
GBUPH,Upholland,Upholland,GB,53.53333,-2.71667
GBUPI,Uppingham,Uppingham,GB,52.58333,-0.71667
GBUPR,Upnor,Upnor,GB,51.4,0.51667
GBURT,Sturton by Stow,Sturton by Stow,GB,53.3,-0.65
GBUTS,Stromeferry,Stromeferry,GB,57.35,-5.53333
GBUYE,"Uyeasound, Unst","Uyeasound, Unst",GB,60.7,-0.91667
GBVEN,Ventnor,Ventnor,GB,50.6,-1.2
GBVID,Vidlin,Vidlin,GB,60.36667,-1.13333
GBVOE,Voe,Voe,GB,60.35,-1.25
GBVVE,Belgrave,Belgrave,GB,52.6523025,-1.1215629
GBWAB,Wadebridge,Wadebridge,GB,50.51667,-4.83333
GBWAF,Watford,Watford,GB,51.6553875,-0.3957425
GBWAT,Watchet,Watchet,GB,51.179924,-3.3306406
GBWAX,West Auckland,West Auckland,GB,54.63333,-1.73333
GBWBF,West Burrafirth,West Burrafirth,GB,60.3,-1.53333
GBWBY,Wembley,Wembley,GB,51.55,-0.28333
GBWCB,Whitcombe,Whitcombe,GB,50.68333,-2.4
GBWDN,Widnes,Widnes,GB,53.35,-2.73333
GBWEX,Withernsea,Withernsea,GB,53.7292374,0.0332759
GBWEY,Weymouth,Weymouth,GB,50.6096257,-2.4543424
GBWFD,Wakefield,Wakefield,GB,53.7,-1.48333
GBWFT,Waterfoot,Waterfoot,GB,55.06667,-6.06667
GBWGD,West Grinstead,West Grinstead,GB,50.96667,-0.33333
GBWGN,Wigan,Wigan,GB,53.53333,-2.61667
GBWGW,Walsgrave on Sowe,Walsgrave on Sowe,GB,52.41667,-1.43333
GBWHE,Whitehead,Whitehead,GB,54.75,-5.7
GBWHH,Isle of Whithorn,Isle of Whithorn,GB,54.7,-4.36667
GBWHL,"Whitehall Village, Stronsay","Whitehall Village, Stronsay",GB,59.13333,-2.61667
GBWHV,Whitehaven,Whitehaven,GB,54.548,-3.5855
GBWIC,Wick Caithness,Wick Caithness,GB,58.43333,-3.08333
GBWIG,Wigtown,Wigtown,GB,54.86667,-4.43333
GBWIS,Wisbech,Wisbech,GB,52.6651733,0.1606824
GBWIV,Wivenhoe,Wivenhoe,GB,51.8555328,0.9591846
GBWJH,Blewbury,Blewbury,GB,51.55,-1.23333
GBWKI,West Kirby,West Kirby,GB,53.3733229,-3.1865608
GBWKM,Wickham,Wickham,GB,50.9,-1.18333
GBWKO,Warkworth,Warkworth,GB,55.35,-1.6
GBWL2,Willingham,Willingham,GB,52.3211283,0.0811446
GBWLA,Wallasea,Wallasea,GB,51.6157138,0.8660137
GBWLG,Whaligoe,Whaligoe,GB,58.33333,-3.18333
GBWLK,Walker,Walker,GB,54.98333,-1.55
GBWLS,Wells,Wells,GB,51.2094511,-2.6451203
GBWLZ,Walls Shetland,Walls Shetland,GB,60.21667,-1.56667
GBWMB,Wemyss Bay,Wemyss Bay,GB,55.88333,-4.9
GBWMD,West Mainland,West Mainland,GB,52.5153087,-2.0206248
GBWMF,Walmer,Walmer,GB,51.2068884,1.3999154
GBWMS,West Mersea,West Mersea,GB,51.78333,0.91667
GBWND,Warndon,Warndon,GB,52.2,-2.16667
GBWNL,Whinnyfold,Whinnyfold,GB,57.38333,-1.86667
GBWNS,Wells-next-the-Sea,Wells-next-the-Sea,GB,52.9549725,0.8515402
GBWNZ,Walton-on-the-Naze,Walton-on-the-Naze,GB,51.86667,1.26667
GBWOL,North Woolwich,North Woolwich,GB,51.5004071,0.064154
GBWOR,Workington,Workington,GB,54.6365,-3.5549
GBWOT,Worthing,Worthing,GB,50.81667,-0.38333
GBWPT,Warrenpoint,Warrenpoint,GB,54.0999923,-6.2512827
GBWRB,West Loch Tarbert,West Loch Tarbert,GB,55.85,-5.43333
GBWRE,Wardle,Wardle,GB,53.11667,-2.58333
GBWRH,Wareham,Wareham,GB,50.68333,-2.11667
GBWRN,Warrington,Warrington,GB,53.38333,-2.6
GBWRY,Westray,Westray,GB,54.6582374,-3.3167083
GBWSM,Weston-Super-Mare,Weston-Super-Mare,GB,51.35,-2.96667
GBWSP,Weston Point,Weston Point,GB,53.31667,-2.75
GBWTB,Whitby,Whitby,GB,54.48333,-0.61667
GBWTE,Westerleigh,Westerleigh,GB,51.8137106,-2.0507298
GBWTS,Whitstable,Whitstable,GB,51.3606286,1.0240626
GBWTW,Wallsend,Wallsend,GB,54.98333,-1.53333
GBWUF,Wolvey,Wolvey,GB,52.48702,-1.3678957
GBWWE,West Wemyss,West Wemyss,GB,56.13333,-3.08333
GBWWL,Gowdall,Gowdall,GB,53.6946326,-1.0582264
GBWWW,Hutton Cranswick,Hutton Cranswick,GB,53.9607355,-0.4402974
GBWXW,Westgate,Westgate,GB,54.73333,-2.13333
GBWYC,Wychbold,Wychbold,GB,52.28333,-2.1
GBWYK,Wyke Regis,Wyke Regis,GB,50.58333,-2.48333
GBWYR,Wyre,Wyre,GB,53.9000859,-2.8389532
GBWYS,Westbury on Severn,Westbury on Severn,GB,51.81667,-2.41667
GBWYX,West Bay,West Bay,GB,50.7,-2.75
GBXSS,Seal Sands,Seal Sands,GB,54.63333,-1.13333
GBYAP,Yapton,Yapton,GB,50.8,-0.6
GBYFR,Yell and Fetlar,Yell and Fetlar,GB,60.7,-0.96667
GBYKE,Yoker,Yoker,GB,55.8909025,-4.3777792
GBYLL,Yelland,Yelland,GB,51.0670081,-4.1492707
GBYLW,Holywood,Holywood,GB,54.63333,-5.81667
GBYLY,Hartley,Hartley,GB,54.4636607,-2.3132626
GBYMO,Yarmouth,Yarmouth,GB,50.7,-1.5
GBYNT,Whitney,Whitney,GB,52.11667,-3.08333
GBYOS,Lydd on Sea,Lydd on Sea,GB,50.93333,0.95
GBYRK,York,York,GB,54.0609807,-1.6988474
GBYTH,Blyth,Blyth,GB,53.36667,-1.06667
GBYVZ,Stonehouse,Stonehouse,GB,51.7474678,-2.283024
GBZOY,Westonzoyland,Westonzoyland,GB,51.1,-2.91667
GDGRE,Grenville,Grenville,GD,12.1228312,-61.6225151
GDHIL,"Hillsborough, Carriacou Is","Hillsborough, Carriacou Is",GD,12.482993,-61.45732
GDSTG,Saint George's,Saint George's,GD,12.0535331,-61.751805
GEABK,Sukhumi,Sukhumi,GE,43,41
GEANA,Anaklia,Anaklia,GE,42.4,41.58333
GEBUS,Batumi,Batumi,GE,41.6509502,41.6360085
GEIES,Khashmi,Khashmi,GE,41.75,45.16667
GEKUL,Kulevi,Kulevi,GE,42.26667,41.63333
GEPTI,Poti,Poti,GE,42.141614,41.6748028
GESPS,Sup'sa,Sup'sa,GE,42.03333,41.8
GFCAY,Cayenne,Cayenne,GF,4.93333,-52.33333
GFCCY,Awala-Yalimapo,Awala-Yalimapo,GF,5.68333,-53.93333
GFDDC,Dégrad des Cannes,Dégrad des Cannes,GF,4.86667,-52.26667
GFLCY,Ouanary,Ouanary,GF,4.21667,-51.66667
GFOYP,Saint-Georges,Saint-Georges,GF,3.9,-51.8
GFQKR,Kourou,Kourou,GF,5.15,-52.63333
GFREM,Dégrad des Cannes-Pariacabo Pt/Remire,Dégrad des Cannes-Pariacabo Pt/Remire,GF,4.88333,-52.28333
GFSLM,Saint-Laurent-du-Maroni,Saint-Laurent-du-Maroni,GF,5.5,-54.03333
GGACI,Alderney,Alderney,GG,49.68333,-2.2
GGGCI,Guernsey,Guernsey,GG,49.43333,-2.58333
GGSPT,Saint Peter Port,Saint Peter Port,GG,49.45,-2.55
GHADA,Ada,Ada,GH,5.9169853,-0.5699183
GHAXI,Axim,Axim,GH,4.865362,-2.242169
GHCCT,Cape Coast,Cape Coast,GH,5.107467,-1.2430793
GHKIT,Keta,Keta,GH,5.9215688,0.9910728
GHSEK,Sekondi,Sekondi,GH,4.927456,-1.7490216
GHSHA,Shama,Shama,GH,5.0102883,-1.6289843
GHSPD,Saltpond,Saltpond,GH,5.203008,-1.057419
GHTEM,Tema,Tema,GH,5.6596409,-0.0096771
GHTKD,Takoradi,Takoradi,GH,4.887401,-1.7519316
GHWEA,Winneba,Winneba,GH,5.35006,-0.62134
GIGIB,Gibraltar,Gibraltar,GI,36.140807,-5.3541295
GLAGM,Tasiilaq,Tasiilaq,GL,65.6,-37.63333
GLDAN,Daneborg,Daneborg,GL,74.3046566,-20.2224284
GLFHN,Kangerdluarssoruseg (Færingehavn,Kangerdluarssoruseg (Færingehavn,GL,63.698207,-51.545643
GLGOH,Nuuk (Godthaab),Nuuk (Godthaab),GL,64.18333,-51.75
GLIUT,Ivigtut,Ivigtut,GL,61.2071937,-48.1692956
GLJAV,Ilulissat (Jakobshavn),Ilulissat (Jakobshavn),GL,69.2197127,-51.0986385
GLJCH,Qasigiannguit (Christianshaab),Qasigiannguit (Christianshaab),GL,68.8202586,-51.1918512
GLJEG,Aasiaat (Egedesminde),Aasiaat (Egedesminde),GL,68.709588,-52.8512976
GLJFR,Paamiut (Fredrikshaab),Paamiut (Fredrikshaab),GL,61.994618,-49.6659478
GLJGO,Qeqertarsuaq (Godhavn),Qeqertarsuaq (Godhavn),GL,69.246235,-53.5353658
GLJGR,Kangilinguit (Gronnedal),Kangilinguit (Gronnedal),GL,61.2318197,-48.0992604
GLJHS,Sisimiut (Holsteinsborg),Sisimiut (Holsteinsborg),GL,66.9371906,-53.6664816
GLJJU,Qaqortoq (Julianehaab),Qaqortoq (Julianehaab),GL,60.718202,-46.0385214
GLJNN,Nanortalik,Nanortalik,GL,60.1400246,-45.2428523
GLJSU,Maniitsoq (Sukkertoppen),Maniitsoq (Sukkertoppen),GL,65.4174357,-52.8967817
GLKAN,Kangerlussuaq Havn,Kangerlussuaq Havn,GL,66.96667,-50.93333
GLKUL,Kullorsuaq,Kullorsuaq,GL,74.58333,-57.2
GLKUN,Kuummiut,Kuummiut,GL,65.86667,-37.01667
GLKUS,Kulusuk,Kulusuk,GL,65.5756356,-37.1869257
GLMML,Maarmorliik,Maarmorliik,GL,71.13333,-51.28333
GLMRG,Mesters Vig,Mesters Vig,GL,72.2333,-23.9167
GLNAL,Nalunaq Gold Mine,Nalunaq Gold Mine,GL,60.31667,-44.93333
GLNAQ,Qaanaaq,Qaanaaq,GL,77.4686357,-69.2222746
GLOBY,Illorqortoormiut (Scoresbysund),Illorqortoormiut (Scoresbysund),GL,70.485278,-21.966667
GLSEQ,Seqi Olivine Mine,Seqi Olivine Mine,GL,64.96667,-51.56667
GLTHU,Pituffik,Pituffik,GL,76.533333,-68.75
GLTNT,Tiniteqilaaq,Tiniteqilaaq,GL,65.9,-37.81667
GLTOV,Toqqusaq,Toqqusaq,GL,73.4433335,-56.5888876
GLUAK,Narsarsuaq,Narsarsuaq,GL,61.1555545,-45.4238591
GLUMD,Uummannaq,Uummannaq,GL,70.6746156,-52.1267637
GMBJL,Banjul,Banjul,GM,13.45535,-16.575646
GMSUK,Sukuta,Sukuta,GM,13.4,-16.7
GNBEL,Bel-Air,Bel-Air,GN,10.23333,-14.46667
GNBFA,Boffa,Boffa,GN,10.18333,-14.03333
GNBRP,Port de Boké,Port de Boké,GN,10.7489911,-14.5585741
GNBTY,Benty,Benty,GN,9.1626911,-13.2175762
GNCKY,Conakry,Conakry,GN,9.5170602,-13.6998434
GNDKA,Dubreka,Dubreka,GN,9.78333,-13.5
GNDPL,Dapilon,Dapilon,GN,10.85,-14.5
GNKMC,Kamsar,Kamsar,GN,10.66667,-14.58333
GNKMR,Port-Kamsar,Port-Kamsar,GN,10.65,-14.61667
GNKTG,Katougouma,Katougouma,GN,10.8820843,-14.4550356
GNPMT,Dougoula,Dougoula,GN,10.75,-14.55
GPAIF,Baillif,Baillif,GP,16.03333,-61.73333
GPBBR,Basse-Terre,Basse-Terre,GP,16,-61.71667
GPBMH,Baie-Mahault,Baie-Mahault,GP,16.26667,-61.58333
GPBOU,Bouillante,Bouillante,GP,16.13333,-61.76667
GPCBE,Capesterre-Belle-Eau,Capesterre-Belle-Eau,GP,16.05,-61.55
GPDHR,Deshaies,Deshaies,GP,16.3,-61.78333
GPFAE,Folle-Anse,Folle-Anse,GP,15.95,-61.33333
GPFPI,Anse-Bertrand,Anse-Bertrand,GP,16.46667,-61.51667
GPGOS,Le Gosier,Le Gosier,GP,16.2,-61.48333
GPGRB,Grand-Bourg,Grand-Bourg,GP,15.88333,-61.3
GPMSB,Marigot,Marigot,GP,18.06667,-63.08333
GPPBG,Petit-Bourg,Petit-Bourg,GP,16.18333,-61.58333
GPPTL,Port-Louis,Port-Louis,GP,16.41667,-61.53333
GPPTP,Point-à-Pitre Apt,Point-à-Pitre Apt,GP,16.23333,-61.53333
GPSFC,Saint-François,Saint-François,GP,16.25,-61.26667
GQBSG,Bata,Bata,GQ,1.869189,9.7720137
GQCOG,Cogo,Cogo,GQ,1.086572,9.694291
GQLUB,Luba,Luba,GQ,3.459841,8.5544476
GQPET,Punta Europa Terminal,Punta Europa Terminal,GQ,3.78333,8.71667
GQSER,Serpentina Terminal,Serpentina Terminal,GQ,3.8,8.08333
GQSSG,Malabo,Malabo,GQ,3.741877,8.7740663
GQZAF,Zafiro Terminal,Zafiro Terminal,GQ,3.85,8.16667
GRACL,Achladi,Achladi,GR,38.88333,22.81667
GRADL,Adamas Milos,Adamas Milos,GR,36.71667,24.43333
GRAEF,Agia Efimia,Agia Efimia,GR,38.3,20.6
GRAEG,Aegina,Aegina,GR,37.73333,23.41667
GRAEN,Aígion,Aígion,GR,38.25,22.08333
GRAGA,Agriá,Agriá,GR,39.33333,23
GRAGE,Agios Georgios,Agios Georgios,GR,38.83333,22.88333
GRAGF,Agios Nikolaos Fokidas,Agios Nikolaos Fokidas,GR,38.33333,22.15
GRAGG,Agistri Aiginas,Agistri Aiginas,GR,37.71667,23.35
GRAGK,Agiokampos Larissas,Agiokampos Larissas,GR,39.68333,22.88333
GRAGM,Agia Marina Fthiotidas,Agia Marina Fthiotidas,GR,38.9,22.58333
GRAGN,Agathonisi,Agathonisi,GR,37.45,26.96667
GRAGO,Ágios Efstrátios,Ágios Efstrátios,GR,39.53333,24.98333
GRAGT,Agio Theodoroi,Agio Theodoroi,GR,37.91667,23.11667
GRAID,Aidipsou,Aidipsou,GR,38.85,23.03333
GRAIG,Aigiali Amorgou,Aigiali Amorgou,GR,36.9,25.96667
GRAIO,Alimos,Alimos,GR,37.91667,23.71667
GRAKH,Akhillion,Akhillion,GR,39,22.96667
GRAKI,Agios Kírykos,Agios Kírykos,GR,37.61667,26.3
GRAKM,Agia Kyriaki (Trikeri Magnisia),Agia Kyriaki (Trikeri Magnisia),GR,39.08333,23.06667
GRAKO,Agios Konstantínos,Agios Konstantínos,GR,38.75,22.86667
GRAKT,Aktio Vonitsas,Aktio Vonitsas,GR,38.95,20.75
GRALG,Plakias,Plakias,GR,35.18333,24.38333
GRALO,Alónnisos,Alónnisos,GR,39.15,23.86667
GRAMF,Amfilochía,Amfilochía,GR,38.86667,21.16667
GRAMI,Amolianí,Amolianí,GR,40.33333,23.91667
GRAML,Agia Marina Lerou,Agia Marina Lerou,GR,37.15,26.85
GRAMR,Agia Marina Aiginas,Agia Marina Aiginas,GR,37.73333,23.53333
GRANA,Anáfi,Anáfi,GR,36.35,25.76667
GRAND,Andros,Andros,GR,37.83333,24.93333
GRANI,"Agios Nikólaos, Kríti","Agios Nikólaos, Kríti",GR,35.18333,25.71667
GRANL,Agnontas Skopelos,Agnontas Skopelos,GR,39.08333,23.7
GRANP,Antiparos,Antiparos,GR,36.9630884,25.0027452
GRANT,Andírrion,Andírrion,GR,38.33333,21.76667
GRAOK,Kárpathos,Kárpathos,GR,35.5,27.23333
GRAON,Kounoupidiana,Kounoupidiana,GR,35.53333,24.08333
GRAOR,Agiokampos Oreon,Agiokampos Oreon,GR,38.93333,23.03333
GRAPE,Agía Pelagía,Agía Pelagía,GR,36.33333,22.98333
GRAPL,Amaliápolis,Amaliápolis,GR,39.16667,22.88333
GRAPV,Asproválta,Asproválta,GR,40.71667,23.7
GRARD,Arkioi Dodekanissou,Arkioi Dodekanissou,GR,37.38333,26.73333
GRARK,Arkítsa,Arkítsa,GR,38.75,23.03333
GRARM,Argostólion,Argostólion,GR,38.18333,20.48333
GRARS,Ástros,Ástros,GR,37.4,22.71667
GRARX,Araxos,Araxos,GR,38.2,21.38333
GRASF,Agios Stefanos Corfu,Agios Stefanos Corfu,GR,39.76667,19.95
GRASS,Asprópirgos,Asprópirgos,GR,38.06667,23.58333
GRAST,Astakós,Astakós,GR,38.53333,21.08333
GRATA,Atalándi,Atalándi,GR,38.65,23
GRATK,Antikyra,Antikyra,GR,38.38333,22.63333
GRATL,Atherinolakos Ierapetras,Atherinolakos Ierapetras,GR,35,26.13333
GRATN,Athinios Thira Santorini,Athinios Thira Santorini,GR,36.38333,25.41667
GRATS,Altsi,Altsi,GR,35.16667,25.88333
GRAVA,Avlida,Avlida,GR,38.4,23.6
GRAXD,Alexandroúpolis,Alexandroúpolis,GR,40.85,25.86667
GRCFU,Kérkira (Corfu),Kérkira (Corfu),GR,39.61667,19.91667
GRCHQ,Chania,Chania,GR,35.51667,24.01667
GRCLK,Chalkida,Chalkida,GR,38.46667,23.58333
GRCSF,Khóra Sfakíon,Khóra Sfakíon,GR,35.2,24.13333
GRDAF,Dáfni,Dáfni,GR,40.21667,24.21667
GRDIA,Diafánion,Diafánion,GR,35.75,27.21667
GRDIK,Diakofti Kythiron,Diakofti Kythiron,GR,36.26667,23.08333
GRDMB,Dombraina Boiotias,Dombraina Boiotias,GR,38.21667,22.95
GRDON,Donousa Kykladon,Donousa Kykladon,GR,37.1,25.8
GRDOS,Delos,Delos,GR,37.4,25.26667
GRDPA,Drapetzona,Drapetzona,GR,37.95,23.61667
GRDRE,Drepano Riou,Drepano Riou,GR,38.33333,21.85
GRDSD,Prosotsáni,Prosotsáni,GR,41.18333,23.96667
GREDI,Edipsos,Edipsos,GR,38.86667,23.03333
GREEU,Eleusina,Eleusina,GR,38.03333,23.53333
GREGI,Eginion,Eginion,GR,40.48333,22.58333
GRELN,Elafonissos Lakonias,Elafonissos Lakonias,GR,36.51667,22.98333
GRELT,Eleftheres,Eleftheres,GR,40.85,24.31667
GREPI,Epidavros,Epidavros,GR,37.63333,23.15
GRERE,Erétria,Erétria,GR,38.4,23.8
GRERK,Ereikousses Diapontioi Islands,Ereikousses Diapontioi Islands,GR,39.86667,19.56667
GRERM,Ermióni,Ermióni,GR,37.38333,23.25
GRERY,Erythres,Erythres,GR,38.21667,23.31667
GRETK,Eratini,Eratini,GR,38.36667,22.23333
GREYD,Eydilos,Eydilos,GR,37.63333,26.18333
GRFAM,Farmakonissi Dodekanissos,Farmakonissi Dodekanissos,GR,37.28333,27.08333
GRFIS,Fiskárdo,Fiskárdo,GR,38.45,20.56667
GRFLS,Eleusis,Eleusis,GR,38.03333,23.53333
GRFNR,Faneromeni Salaminas,Faneromeni Salaminas,GR,37.98333,23.41667
GRFOL,Folégandros,Folégandros,GR,36.61667,24.95
GRFOU,Foúrnoi,Foúrnoi,GR,37.582959,26.4294106
GRGAD,Gavdos Chanea,Gavdos Chanea,GR,34.85,24.11667
GRGAL,Galatas Troizinas,Galatas Troizinas,GR,37.5,23.45
GRGAV,Gávrion,Gávrion,GR,37.88333,24.73333
GRGFD,Glyfada,Glyfada,GR,37.86667,23.75
GRGLO,Glossa,Glossa,GR,39.16667,23.61667
GRGLX,Galaxidi,Galaxidi,GR,38.38333,22.38333
GRGLY,Glyfa Fthiotidas,Glyfa Fthiotidas,GR,38.95,22.96667
GRGMA,Agia Marina Grammatikou Attikis,Agia Marina Grammatikou Attikis,GR,38.18333,24.06667
GRGOV,Gouvion,Gouvion,GR,39.65,19.85
GRGPA,Patras,Patras,GR,38.23333,21.71667
GRGYT,Gythion,Gythion,GR,36.76667,22.56667
GRHAL,Halki Dodekanison,Halki Dodekanison,GR,36.21667,27.6
GRHER,Iraklion (Heraklion),Iraklion (Heraklion),GR,35.33333,25.16667
GRHRK,Herakleia Kykladon,Herakleia Kykladon,GR,36.86667,25.46667
GRHYD,Idhra (Hydra),Idhra (Hydra),GR,37.35,23.46667
GRIER,Ierápetra,Ierápetra,GR,35,25.73333
GRIES,Ierissos,Ierissos,GR,40.38333,23.88333
GRIGO,Igoumenítsa,Igoumenítsa,GR,39.5,20.26667
GRINO,Inousses,Inousses,GR,38.51667,26.21667
GRIOS,Ios,Ios,GR,36.71667,25.26667
GRITA,Itea,Itea,GR,38.43333,22.41667
GRITH,Ithaki (Ithaca),Ithaki (Ithaca),GR,38.36667,20.71667
GRITM,Isthmía,Isthmía,GR,37.91667,23
GRJKH,Chíos,Chíos,GR,38.36667,26.13333
GRJMK,Mykonos,Mykonos,GR,37.45,25.33333
GRJNX,Náxos,Náxos,GR,37.1,25.38333
GRJSH,Siteía,Siteía,GR,35.2,26.11667
GRJSI,Skíathos,Skíathos,GR,39.16667,23.48333
GRJSY,Syros (Syra),Syros (Syra),GR,37.4385101,24.9123772
GRJTR,Thíra,Thíra,GR,36.41667,25.43333
GRJTY,Astypálaia,Astypálaia,GR,36.55,26.35
GRKAG,Karkinagri Ikarias,Karkinagri Ikarias,GR,37.51667,26.01667
GRKAH,Káto Achaïa,Káto Achaïa,GR,38.15,21.55
GRKAI,Kalamos Island (Lefkada),Kalamos Island (Lefkada),GR,38.61667,20.91667
GRKAK,Katakolon,Katakolon,GR,37.65,21.31667
GRKAP,Kapsalion (Kythira),Kapsalion (Kythira),GR,36.15,23
GRKAR,Néon Karlovásion,Néon Karlovásion,GR,37.8,26.68333
GRKAS,Kastellorizou (ex Megísti),Kastellorizou (ex Megísti),GR,36.15,29.6
GRKDM,Kardámyla,Kardámyla,GR,38.53333,26.1
GRKEA,Kéa (Tzia),Kéa (Tzia),GR,37.65,24.31667
GRKEF,Kefalos Ko,Kefalos Ko,GR,36.73333,26.96667
GRKEI,Kateríni,Kateríni,GR,40.26667,22.5
GRKEM,Kosta Ermionidas,Kosta Ermionidas,GR,37.3,23.16667
GRKER,Keramoti,Keramoti,GR,40.86667,24.7
GRKGS,Kos,Kos,GR,36.86667,27.25
GRKIM,Kými (Kimi),Kými (Kimi),GR,38.63333,24.1
GRKIN,Koilas Ermionidos,Koilas Ermionidos,GR,37.41667,23.13333
GRKIO,Kiato,Kiato,GR,38,22.75
GRKIP,Kiparissia,Kiparissia,GR,37.25,21.66667
GRKIS,Kastelli Kissamou,Kastelli Kissamou,GR,35.51667,23.63333
GRKLD,Kalathos Rodou,Kalathos Rodou,GR,36.11667,28.06667
GRKLI,Klima,Klima,GR,39.13333,23.65
GRKLL,Kalilimenes,Kalilimenes,GR,34.93333,24.8
GRKLM,Kalamaki,Kalamaki,GR,38.9999772,22.3516138
GRKLX,Kalamáta,Kalamáta,GR,37.03333,22.11667
GRKMI,Kálymnos,Kálymnos,GR,36.95,26.98333
GRKMS,Kímolos,Kímolos,GR,36.78333,24.58333
GRKNS,Kontias Limnou,Kontias Limnou,GR,39.83333,25.15
GRKOF,Koufonissia Kykladon,Koufonissia Kykladon,GR,36.93333,25.6
GRKPS,Kopanós,Kopanós,GR,40.63333,22.11667
GRKRE,Kamares Sifnos,Kamares Sifnos,GR,36.98333,24.66667
GRKRM,Kardamaina Kos,Kardamaina Kos,GR,36.78333,27.15
GRKRT,Kórinthos,Kórinthos,GR,37.93333,22.91667
GRKSA,Kassiopis,Kassiopis,GR,39.78333,19.91667
GRKSI,Kastos Island,Kastos Island,GR,38.56667,20.91667
GRKSJ,Kassos,Kassos,GR,35.41667,26.91667
GRKSK,Kamiros Skala,Kamiros Skala,GR,36.26667,27.81667
GRKSP,Kassiopi Corfu,Kassiopi Corfu,GR,39.78333,19.91667
GRKST,Karystos,Karystos,GR,38.01667,24.41667
GRKTP,Katápola,Katápola,GR,36.83333,25.86667
GRKTS,Keratsínion,Keratsínion,GR,37.96667,23.6
GRKVA,Kavála,Kavála,GR,40.93333,24.4
GRKYL,Kyllíni,Kyllíni,GR,37.93333,21.15
GRKYM,Kimási,Kimási,GR,38.8,23.51667
GRKYT,Kythnos,Kythnos,GR,37.38333,24.4
GRLAR,Lardos Rhodes,Lardos Rhodes,GR,36.06667,28.03333
GRLAV,Lavrion (Laurium),Lavrion (Laurium),GR,37.71667,24.06667
GRLDR,Lindos Rodou,Lindos Rodou,GR,36.1,28.08333
GRLEF,Lefkandi,Lefkandi,GR,38.41667,23.68333
GRLEV,Lefkás (Lefkáda),Lefkás (Lefkáda),GR,38.83333,20.7
GRLFK,Lefkímmi,Lefkímmi,GR,39.41667,20.1
GRLIA,Linaria,Linaria,GR,38.85,24.53333
GRLII,Limni,Limni,GR,38.76667,23.31667
GRLIN,Linoperamata Hrakliou,Linoperamata Hrakliou,GR,35.35,25.05
GRLIP,Lipsoí,Lipsoí,GR,37.28333,26.76667
GRLIX,Lixuri,Lixuri,GR,38.2,20.43333
GRLND,Leonídion,Leonídion,GR,37.15,22.9
GRLRS,Leros,Leros,GR,37.18333,26.8
GRLRY,Larymna,Larymna,GR,38.56667,23.28333
GRLTR,Loutro Chanion,Loutro Chanion,GR,35.2,24.08333
GRLVR,Aliverio,Aliverio,GR,38.4,24.05
GRM8L,Magoúla,Magoúla,GR,39.81667,22.08333
GRMDR,Moúdhros,Moúdhros,GR,39.86667,25.26667
GRMEA,Methana,Methana,GR,37.5806766,23.3914157
GRMEG,Megálon Livádion,Megálon Livádion,GR,37.15,24.41667
GRMEL,Mesolóngion,Mesolóngion,GR,38.36667,21.43333
GRMEN,Menidi,Menidi,GR,39.03333,21.11667
GRMET,Methoni,Methoni,GR,36.81667,21.71667
GRMGL,Magoúla,Magoúla,GR,38.08333,23.51667
GRMGN,Meganísi,Meganísi,GR,38.66667,20.75
GRMHI,Mesta Hiou,Mesta Hiou,GR,38.28333,25.93333
GRMJT,Mytilene,Mytilene,GR,39.1,26.55
GRMKP,Marathokampos Samou,Marathokampos Samou,GR,37.7,26.7
GRMOL,Molyvos,Molyvos,GR,39.36667,26.15
GRMON,Monemvasía,Monemvasía,GR,36.68333,23.05
GRMOU,Moutsoúna,Moutsoúna,GR,37.08333,25.58333
GRMPO,Mpoukaris,Mpoukaris,GR,39.45,19.98333
GRMRM,Marmari,Marmari,GR,38.05,24.31667
GRMRS,Myrties Kalymnou,Myrties Kalymnou,GR,36.98333,26.91667
GRMSA,Malessina,Malessina,GR,38.65,23.23333
GRMSS,Messongis,Messongis,GR,39.46667,19.93333
GRMTR,Mathraki Diapontioi Island,Mathraki Diapontioi Island,GR,39.78333,19.51667
GRMVO,Moní Vatopedíou,Moní Vatopedíou,GR,40.3,24.2
GRMXK,Mastichari Kos,Mastichari Kos,GR,36.85,27.06667
GRMYB,Myrtos Beach,Myrtos Beach,GR,38.35,20.53333
GRMYL,Mylaki,Mylaki,GR,38.38333,24.06667
GRMYR,Mírina,Mírina,GR,39.86667,25.06667
GRNAF,Náfplion,Náfplion,GR,37.56667,22.8
GRNAR,Néa Artáki,Néa Artáki,GR,38.51667,23.63333
GRNAS,Naoussa Parou,Naoussa Parou,GR,37.11667,25.23333
GRNEA,Neapolis,Neapolis,GR,40.9369224,24.4122766
GRNID,Nidhríon,Nidhríon,GR,38.7,20.71667
GRNIS,Nisiros,Nisiros,GR,36.61667,27.13333
GRNKA,Néa Kallikrátia,Néa Kallikrátia,GR,40.31667,23.06667
GRNKV,Néa Karváli,Néa Karváli,GR,40.96667,24.51667
GRNMA,Néa Moudhaniá,Néa Moudhaniá,GR,40.23333,23.28333
GRNPK,Návpaktos,Návpaktos,GR,38.4,21.83333
GRNPY,Néa Pláyia,Néa Pláyia,GR,40.26667,23.2
GRNST,Néa Stíra,Néa Stíra,GR,38.18333,24.2
GROIK,Oia Kyklades,Oia Kyklades,GR,36.46667,25.38333
GRORE,Orei,Orei,GR,38.95,23.08333
GRORO,Oropos,Oropos,GR,38.31667,23.78333
GROTH,Othonoí,Othonoí,GR,39.85,19.4
GROTO,Agios Stefanos Avliotes,Agios Stefanos Avliotes,GR,39.75,19.65
GROUR,Ouranópolis,Ouranópolis,GR,40.31667,23.98333
GRP5T,Platy,Platy,GR,40.63333,22.53333
GRPAA,Psará,Psará,GR,38.53333,25.56667
GRPAO,Paloúkia,Paloúkia,GR,37.96667,23.53333
GRPAR,Párga,Párga,GR,39.28333,20.4
GRPAS,Páros,Páros,GR,37.08333,25.15
GRPAX,Paxi,Paxi,GR,39.2,20.18333
GRPCH,Paleochora,Paleochora,GR,35.21667,23.66667
GRPEB,Petani Beach,Petani Beach,GR,38.26667,20.36667
GRPEL,Pelasyía,Pelasyía,GR,38.95,22.83333
GRPEP,Palaiá Epídavros,Palaiá Epídavros,GR,37.63333,23.15
GRPER,Perama,Perama,GR,37.96667,23.55
GRPFA,Palaiá Fókaia,Palaiá Fókaia,GR,37.71667,23.95
GRPGM,Perama Geras Mytilinis,Perama Geras Mytilinis,GR,39.03333,26.5
GRPHE,Porto Heli,Porto Heli,GR,37.325,23.142
GRPIA,Platania,Platania,GR,39.13333,23.26667
GRPIL,Agia Galini,Agia Galini,GR,35.08333,24.68333
GRPIR,Piraeus,Piraeus,GR,37.93333,23.61667
GRPIS,Pissaetos Ithakis,Pissaetos Ithakis,GR,38.35,20.68333
GRPIT,Pitra,Pitra,GR,36.68333,22.83333
GRPKI,Prassa Kimolos,Prassa Kimolos,GR,36.81667,24.58333
GRPKK,Lakkion,Lakkion,GR,37.13333,26.85
GRPLC,Polychnitos Lesvou,Polychnitos Lesvou,GR,34.1,26.16667
GRPLG,Platygiali Etoloakarnanias,Platygiali Etoloakarnanias,GR,38.46667,21.1
GRPLI,Pyli,Pyli,GR,40.76667,21.03333
GRPLM,Plomárion,Plomárion,GR,38.98333,26.36667
GRPLV,Petra,Petra,GR,39.33333,26.18333
GRPME,Pachi,Pachi,GR,37.96667,23.35
GRPMS,Pátmos,Pátmos,GR,37.31667,26.55
GRPNT,Órmos Panórmou,Órmos Panórmou,GR,37.65,25.05
GRPOA,Potamos Antikithera,Potamos Antikithera,GR,35.88333,23.28333
GRPPI,Prinos Thassou,Prinos Thassou,GR,40.75,24.56667
GRPRE,Petries Evvoias,Petries Evvoias,GR,38.4,24.18333
GRPRN,Prasonisi Rhodes,Prasonisi Rhodes,GR,36.6011609,27.7628027
GRPRO,Próti,Próti,GR,40.95,24
GRPRR,Perea,Perea,GR,40.5,22.9
GRPSA,Psakhná,Psakhná,GR,38.58333,23.63333
GRPSE,Phserimos Dodekanisou,Phserimos Dodekanisou,GR,36.93333,27.13333
GRPSF,Paleohora Sfakion,Paleohora Sfakion,GR,35.2,24.13333
GRPSK,Pessada Kefallinnias,Pessada Kefallinnias,GR,38.1,20.58333
GRPTC,Petrití,Petrití,GR,39.45,20
GRPTE,Pteleos,Pteleos,GR,39.03333,22.98333
GRPTI,Plataria,Plataria,GR,39.45,20.28333
GRPTK,Politiká,Politiká,GR,38.58333,23.55
GRPTL,Lágos (Pórto-Lágo),Lágos (Pórto-Lágo),GR,41.01667,25.11667
GRPVK,Preveza/Lefkas,Preveza/Lefkas,GR,38.9571673,20.7516209
GRPXO,Antipaxoi,Antipaxoi,GR,39.15,20.23333
GRPYL,Pýlos,Pýlos,GR,36.9,21.68333
GRPYR,Pyrgos,Pyrgos,GR,37.6722103,21.4392124
GRPYT,Pythagóreion,Pythagóreion,GR,37.7,26.95
GRPYV,Peyki Evvoias,Peyki Evvoias,GR,39,23.21667
GRRAF,Rafina,Rafina,GR,38.0203695,24.0073367
GRRET,Réthymnon,Réthymnon,GR,35.36667,24.46667
GRREV,Revithoussa,Revithoussa,GR,37.95,23.38333
GRRHO,Rhodes,Rhodes,GR,36.4437233,28.227369
GRRIO,Rio,Rio,GR,38.3018989,21.782579
GRRIZ,Rízes,Rízes,GR,36.23333,22.95
GRROU,Agia Roumeli,Agia Roumeli,GR,35.23333,23.96667
GRSAI,Sámi,Sámi,GR,38.25,20.65
GRSAL,Salamís,Salamís,GR,37.96667,23.48333
GRSAM,Samothráki,Samothráki,GR,40.48333,25.51667
GRSAT,Frikes Ithakis,Frikes Ithakis,GR,38.46667,20.66667
GRSCR,Stavrochorion,Stavrochorion,GR,35.0624997,25.9429365
GRSDH,Soúda,Soúda,GR,35.51667,24.13333
GRSER,Sériphos,Sériphos,GR,37.15,24.5
GRSFN,Souflíon,Souflíon,GR,41.2,26.31667
GRSGB,Saint George,Saint George,GR,40.6038684,22.1948634
GRSGI,Sigrion,Sigrion,GR,39.21667,25.85
GRSGR,Sigri Lesvou,Sigri Lesvou,GR,39.21667,25.83333
GRSGT,Sagiada Thesprotias,Sagiada Thesprotias,GR,39.63333,20.18333
GRSHC,Schinousa Kykladon,Schinousa Kykladon,GR,36.86667,25.5
GRSHI,Shinari Zakynthou,Shinari Zakynthou,GR,37.9,20.7
GRSII,Sikinos,Sikinos,GR,36.7,25.11667
GRSIK,Sikionia,Sikionia,GR,37.9156,22.533
GRSKA,Skaramangás,Skaramangás,GR,38,23.58333
GRSKD,Skafidia,Skafidia,GR,37.7,21.33333
GRSKG,Thessaloníki,Thessaloníki,GR,40.63333,22.95
GRSKM,Skáloma,Skáloma,GR,41.1234171,25.6765654
GRSKO,Skopelos,Skopelos,GR,39.122169,23.7272519
GRSKU,Skíros,Skíros,GR,38.9,24.56667
GRSLA,Souvala,Souvala,GR,37.76667,23.48333
GRSMI,Samos,Samos,GR,37.7576156,26.9727416
GRSNK,Salonika,Salonika,GR,40.6543247,22.9314753
GRSOG,Sougia Chanion,Sougia Chanion,GR,35.2,23.8
GRSOI,Soroni,Soroni,GR,36.36667,28
GRSOR,Soupri,Soupri,GR,39.1,22.9
GRSOS,Assos,Assos,GR,38.38333,20.53333
GRSOU,Soussaki,Soussaki,GR,37.91667,23.05
GRSPE,Spétsai,Spétsai,GR,37.26667,23.15
GRSTI,Stratoni,Stratoni,GR,40.5137744,23.8253831
GRSTN,Saint Nicolas,Saint Nicolas,GR,38.0744559,23.698865
GRSUD,Suda Bay,Suda Bay,GR,35.5000728,24.0612077
GRSYM,Symi,Symi,GR,36.6,27.83333
GRSYS,Stylída (Stylis),Stylída (Stylis),GR,38.91667,22.61667
GRSYV,Syvota,Syvota,GR,39.4,20.23333
GRTEM,Artemis,Artemis,GR,37.96667,24
GRTHM,Thymaina Island,Thymaina Island,GR,37.58333,26.45
GRTHP,Thisvi Port,Thisvi Port,GR,38.21667,22.95
GRTIL,Tilos,Tilos,GR,36.41667,27.36667
GRTIN,Tínos,Tínos,GR,37.53333,25.16667
GRTLA,Tolo Argolidos,Tolo Argolidos,GR,37.51667,22.85
GRTRK,Trikeri,Trikeri,GR,39.08333,23.06667
GRTRS,Thirasía,Thirasía,GR,36.43333,25.35
GRTRY,Trypiti Chalkidikis,Trypiti Chalkidikis,GR,40.36667,23.91667
GRTSA,Benitsa,Benitsa,GR,39.55,19.9
GRTSI,Tsingéli,Tsingéli,GR,39.16667,22.85
GRTSO,Thasos,Thasos,GR,40.6844479,24.6512064
GRTVR,Távros,Távros,GR,37.96667,23.68333
GRVAB,Vatika Bay,Vatika Bay,GR,36.5,23.03333
GRVLC,Volissos (Limnia) Chios,Volissos (Limnia) Chios,GR,38.46667,25.91667
GRVLM,Vouliagméni,Vouliagméni,GR,37.81667,23.78333
GRVOL,Vólos,Vólos,GR,39.36667,22.95
GRVOM,Voudia Milos,Voudia Milos,GR,36.75,24.53333
GRVRI,Vrisákia,Vrisákia,GR,38.56667,23.6
GRVSS,Vassiliki Leykadas,Vassiliki Leykadas,GR,38.61667,20.58333
GRVTH,Vathý (Port Vathý),Vathý (Port Vathý),GR,37.75,26.98333
GRXIR,Xirokampos Leros,Xirokampos Leros,GR,37.11667,26.86667
GRXKB,Xirokámbion,Xirokámbion,GR,36.96667,22.45
GRXYT,Xylokeratia Milos,Xylokeratia Milos,GR,36.66667,24.36667
GRXZX,Elaiokhória,Elaiokhória,GR,40.33333,23.16667
GRYAL,Yaltra,Yaltra,GR,38.85,22.98333
GRYER,Yerakiní,Yerakiní,GR,40.28333,23.45
GRYLI,Yali Island,Yali Island,GR,36.660815,27.1121611
GRYPS,Ypsos,Ypsos,GR,39.7,19.83333
GRZAQ,Sérifos,Sérifos,GR,37.1556994,24.5062056
GRZTH,Zákynthos,Zákynthos,GR,37.78333,20.9
GSGRV,Grytviken,Grytviken,GS,-54.26667,-36.5
GSLEH,Leith Harbour,Leith Harbour,GS,-54.1418628,-36.6876412
GTCHR,Champerico,Champerico,GT,14.3,-91.91667
GTE8C,El Carmen,El Carmen,GT,14.9643409,-92.1415604
GTELE,El Estor,El Estor,GT,15.5313737,-89.33241
GTLAA,La Aurora,La Aurora,GT,14.1126096,-90.8426048
GTLIV,Lívingston,Lívingston,GT,15.83333,-88.75
GTPBR,Puerto Barrios,Puerto Barrios,GT,15.7275154,-88.5952506
GTPRQ,Puerto Quetzal,Puerto Quetzal,GT,13.955223,-90.7910681
GTRIO,Río Bravo,Río Bravo,GT,14.4,-91.31667
GTSNJ,San Jose,San Jose,GT,13.922778,-90.819444
GTSTC,Puerto Santo Tomás de Castilla,Puerto Santo Tomás de Castilla,GT,15.7,-88.61667
GTTUC,Tecun Uman,Tecun Uman,GT,14.6522949,-90.5314574
GTVIN,Villa Nueva,Villa Nueva,GT,14.5308826,-90.5963325
GUAPR,Apra (Agana),Apra (Agana),GU,13.433333,144.666667
GUBRR,Barrigada,Barrigada,GU,13.46667,144.78333
GUGUM,Guam,Guam,GU,13.5,144.8
GWBNT,Binta,Binta,GW,12.4118975,-15.5773649
GWBOL,Bolama,Bolama,GW,11.58333,-15.46667
GWBQE,Bubaque,Bubaque,GW,11.28333,-15.83333
GWCAC,Cacheu,Cacheu,GW,12.26667,-16.15
GWCJA,Canjaja,Canjaja,GW,12.38333,-15.35
GWFAR,Farim,Farim,GW,12.48333,-15.21667
GWOXB,Bissau,Bissau,GW,11.85,-15.58333
GYANT,Adventure,Adventure,GY,7.08333,-58.48333
GYEVR,Everton,Everton,GY,6.91667,-58.33333
GYGEO,Georgetown,Georgetown,GY,6.8032561,-58.1455403
GYGFO,Bartica,Bartica,GY,6.4053312,-58.6214256
GYLDN,Linden,Linden,GY,6,-58.28333
GYNAM,New Amsterdam,New Amsterdam,GY,6.2426407,-57.5168359
HK9YM,Yau Ma Tei,Yau Ma Tei,HK,22.31667,114.16667
HKABD,Aberdeen,Aberdeen,HK,22.25,114.15
HKALC,Ap Lei Chau,Ap Lei Chau,HK,22.241667,114.155556
HKCWB,Causeway Bay,Causeway Bay,HK,22.28333,114.18333
HKHKC,Ha Kwai Chung,Ha Kwai Chung,HK,22.36667,114.11667
HKHKG,Hong Kong,Hong Kong,HK,22.31667,114.16667
HKKWN,Kowloon,Kowloon,HK,22.3,114.16667
HKLAM,Lamma Island,Lamma Island,HK,22.2,114.116667
HKTOL,Tolo Harbour,Tolo Harbour,HK,22.447222,114.188056
HKTST,Tsim Sha Tsui,Tsim Sha Tsui,HK,22.3,114.16667
HKVIC,Victoria,Victoria,HK,22.278333,114.174444
HKWNI,Wan Chai,Wan Chai,HK,22.28333,114.16667
HKYUE,Yuen Long,Yuen Long,HK,22.444445,114.025833
HMHEA,Heard Island,Heard Island,HM,-53.08333,73.71667
HMMCD,McDonald Island,McDonald Island,HM,-53.03333,72.58333
HNAMP,Amapala,Amapala,HN,13.292907,-87.6533563
HNGJA,Guanaja,Guanaja,HN,16.4421239,-85.8870164
HNHNN,Henecan,Henecan,HN,13.4022982,-87.4264109
HNLCE,La Ceiba,La Ceiba,HN,15.7833743,-86.7917749
HNOMO,Omoa,Omoa,HN,15.76667,-88.03333
HNPCA,Puerto Castilla,Puerto Castilla,HN,16.0096023,-85.9494198
HNPCR,Puerto Cortés,Puerto Cortés,HN,15.851465,-87.9426681
HNRTB,Roatán,Roatán,HN,16.3,-86.55
HNRTM,Mahogany Bay,Mahogany Bay,HN,16.33333,-86.5
HNSAP,San Pedro Sula,San Pedro Sula,HN,15.5053535,-88.0250839
HNSLO,San Lorenzo,San Lorenzo,HN,13.4213327,-87.448706
HNTEA,Tela,Tela,HN,15.7824826,-87.4514026
HNTGU,Tegucigalpa,Tegucigalpa,HN,14.1058135,-87.2047053
HNTJI,Trujillo,Trujillo,HN,15.9179668,-85.9529579
HR9SA,Velika Mlaka,Velika Mlaka,HR,45.73333,16.01667
HRALJ,Aljmas,Aljmas,HR,45.53333,18.95
HRATL,Antenal,Antenal,HR,45.31667,13.55
HRBAK,Bakar,Bakar,HR,45.3,14.51667
HRBAS,Baska,Baska,HR,44.96667,14.75
HRBAT,Batina,Batina,HR,45.4703914,16.8237472
HRBLC,Belisce,Belisce,HR,45.7,18.41667
HRBLE,Blace,Blace,HR,43.01667,17.48333
HRBNM,Biograd na Moru,Biograd na Moru,HR,43.93333,15.45
HRBOL,Bol,Bol,HR,43.26667,16.65
HRBOR,Borovo,Borovo,HR,45.36667,18.96667
HRBRB,Brbinj/Lucina,Brbinj/Lucina,HR,44.08333,15
HRBRI,Brioni,Brioni,HR,44.9,13.75
HRBRV,Borovo Selo,Borovo Selo,HR,45.41667,18.98333
HRBZA,Bozava,Bozava,HR,44.13333,14.9
HRCRA,Crikvenica,Crikvenica,HR,45.18333,14.7
HRCRS,Cres,Cres,HR,44.95,14.4
HRCVT,Cavtat,Cavtat,HR,42.56667,18.21667
HRDAL,Dalmacia,Dalmacia,HR,43.5003407,16.8156193
HRDBV,Dubrovnik,Dubrovnik,HR,42.65,18.08333
HRDLJ,Dalj,Dalj,HR,45.48333,18.98333
HRDNC,Donje Celo,Donje Celo,HR,42.68333,18
HRDRK,Drvenik,Drvenik,HR,43.1559487,17.2472622
HRDUR,Dugi Rat,Dugi Rat,HR,43.43333,16.63333
HRERD,Erdut,Erdut,HR,45.53333,19.06667
HRFIL,Filipjakov,Filipjakov,HR,43.96667,15.41667
HRFNA,Fazana,Fazana,HR,44.93333,13.73333
HRGNA,Gazenica,Gazenica,HR,44.1,15.26667
HRHVA,Hvar,Hvar,HR,43.16667,16.43333
HRILO,Ilok,Ilok,HR,45.21667,19.36667
HRIST,Ist,Ist,HR,44.26667,14.76667
HRJAB,Jablanac,Jablanac,HR,44.71667,14.9
HRJDR,Jadrija,Jadrija,HR,43.71667,15.85
HRJSA,Jelsa,Jelsa,HR,43.16667,16.7
HRKAB,Karlobag,Karlobag,HR,44.51667,15.06667
HRKAL,Kali,Kali,HR,44.06667,15.2
HRKFR,Kanfanar,Kanfanar,HR,45.1228399,13.8384985
HRKJV,Kijevo,Kijevo,HR,44,16.35
HRKLK,Klek,Klek,HR,42.95,17.56667
HRKMN,Klimno,Klimno,HR,45.15,14.63333
HRKMZ,Komiza,Komiza,HR,43.03333,16.08333
HRKOR,Korcula,Korcula,HR,42.95,17.11667
HRKOS,Kostrena,Kostrena,HR,45.3,14.5
HRKPR,Kaprije,Kaprije,HR,43.68333,15.71667
HRKRA,Kraljevica,Kraljevica,HR,45.26667,14.56667
HRKRK,Krk,Krk,HR,45.03333,14.58333
HRKRM,Koromacno,Koromacno,HR,44.96667,14.11667
HRKUK,Kukljica,Kukljica,HR,44.03333,15.25
HRKZA,Kneza,Kneza,HR,42.96667,17.05
HRLAM,Lamjane,Lamjane,HR,44.03333,15.2
HRLKR,Lokrum,Lokrum,HR,42.61667,18.13333
HRLPD,Lopud,Lopud,HR,42.68333,17.95
HRLPR,Lopar,Lopar,HR,44.83333,14.8
HRLST,Lastovo,Lastovo,HR,42.76667,16.9
HRLSZ,Mali Losinj,Mali Losinj,HR,44.53333,14.46667
HRMAK,Makarska,Makarska,HR,43.3,17.01667
HRMAL,Malinska,Malinska,HR,45.11667,14.53333
HRMAS,Maslenica,Maslenica,HR,44.21667,15.53333
HRMET,Metkovic,Metkovic,HR,43.05,17.63333
HRMHV,Mohovo,Mohovo,HR,45.25,19.21667
HRMIL,Milna,Milna,HR,43.31667,16.45
HRMIZ,Mali Iz,Mali Iz,HR,44.03333,15.13333
HRMNK,Misnjak,Misnjak,HR,44.7,14.86667
HRMOD,Moscenicka Draga,Moscenicka Draga,HR,45.23333,14.25
HRMOM,Momjan,Momjan,HR,45.43333,13.7
HRMRG,Merag,Merag,HR,44.98333,14.45
HRMRJ,Muna na Zirju,Muna na Zirju,HR,43.66667,15.66667
HRMTA,Martinscica,Martinscica,HR,44.81667,14.41667
HRMUR,Murter,Murter,HR,43.81667,15.6
HRN9F,Fericanci,Fericanci,HR,45.51667,17.96667
HRNDD,Novigrad (Dalmacija),Novigrad (Dalmacija),HR,44.18333,15.55
HRNOV,Novaglia,Novaglia,HR,44.55,14.88333
HRNRZ,Nerezine,Nerezine,HR,44.66667,14.4
HRNVD,Novi Vinodolski,Novi Vinodolski,HR,45.13333,14.78333
HRNVG,Novigrad,Novigrad,HR,45.3,13.55
HRNVL,Novalja,Novalja,HR,44.55,14.88333
HROMI,Omisalj,Omisalj,HR,45.21667,14.55
HROMS,Omis,Omis,HR,43.45,16.7
HRONJ,Obonjan,Obonjan,HR,43.68333,15.78333
HROPA,Opatija,Opatija,HR,45.33333,14.3
HROPT,Opatovac,Opatovac,HR,45.26667,19.16667
HRORB,Orebic,Orebic,HR,42.96667,17.18333
HROSI,Osijek,Osijek,HR,45.55,18.68333
HRPAG,Pag,Pag,HR,44.43333,15.05
HRPAS,Pasman,Pasman,HR,43.95,15.38333
HRPCA,Pucisca,Pucisca,HR,43.36667,16.75
HRPLA,Polace,Polace,HR,42.78333,17.38333
HRPLE,Ploce,Ploce,HR,43.05,17.43333
HRPLM,Plomin,Plomin,HR,45.13333,14.16667
HRPMN,Pomena,Pomena,HR,42.78333,17.35
HRPNT,Punat,Punat,HR,45.01667,14.63333
HRPOR,Porec,Porec,HR,45.21667,13.58333
HRPRE,Preko,Preko,HR,44.08333,15.2
HRPRI,Primosten,Primosten,HR,43.58333,15.93333
HRPRN,Prizna,Prizna,HR,44.6,14.96667
HRPRP,Prapratno,Prapratno,HR,42.81667,17.68333
HRPRS,Prvic Sepurine,Prvic Sepurine,HR,43.73333,15.78333
HRPRV,Prvic,Prvic,HR,43.71667,15.8
HRPRZ,Porozina,Porozina,HR,45.1326966,14.2878097
HRPUY,Pula,Pula,HR,44.86667,13.83333
HRPVK,Privlaka,Privlaka,HR,44.26667,15.11667
HRRAB,Rab,Rab,HR,44.75,14.75
HRRAS,Rasa,Rasa,HR,45.06667,14.06667
HRRBC,Rabac,Rabac,HR,45.08333,14.16667
HRRES,Duga Resa,Duga Resa,HR,45.41667,15.48333
HRRGC,Rogac,Rogac,HR,43.4,16.3
HRRGN,Rogoznica,Rogoznica,HR,43.53333,15.96667
HRRJK,Rijeka,Rijeka,HR,45.33333,14.4
HRROV,Rovinj,Rovinj,HR,45.08333,13.63333
HRRVC,Rugvica,Rugvica,HR,45.73333,16.23333
HRSAL,Sali,Sali,HR,43.93333,15.16667
HRSBD,Slavonski Brod,Slavonski Brod,HR,45.15,18
HRSBR,Sobra,Sobra,HR,42.75,17.61667
HRSDR,Sudurad,Sudurad,HR,42.71667,17.91667
HRSEN,Senj,Senj,HR,44.98333,14.9
HRSGD,Stari Grad,Stari Grad,HR,43.18333,16.6
HRSGR,Starigrad,Starigrad,HR,44.3,15.43333
HRSIB,Sibenik,Sibenik,HR,43.73333,15.88333
HRSIL,Silba,Silba,HR,44.36667,14.7
HRSIS,Sisak,Sisak,HR,45.46667,16.36667
HRSLA,Slano,Slano,HR,42.78333,17.9
HRSLC,Selce,Selce,HR,45.15,14.71667
HRSLO,Silo,Silo,HR,45.15,14.66667
HRSLT,Slatine,Slatine,HR,43.5,16.35
HRSMN,Sumartin,Sumartin,HR,43.28333,16.88333
HRSPL,Splitska,Splitska,HR,43.36667,16.6
HRSPU,Split,Split,HR,43.5,16.45
HRSRD,Skradin,Skradin,HR,43.81667,15.91667
HRSRG,Sarengrad,Sarengrad,HR,45.23333,19.28333
HRSSK,Susak,Susak,HR,44.51667,14.3
HRSTM,Stomorska,Stomorska,HR,43.36667,16.35
HRSTO,Ston,Ston,HR,42.83333,17.7
HRSTP,Sustjepan,Sustjepan,HR,42.66667,18.1
HRSUC,Sucuraj,Sucuraj,HR,43.11667,17.18333
HRSUP,Supetar,Supetar,HR,43.38333,16.55
HRSUR,Sucurac,Sucurac,HR,43.55,16.41667
HRSUS,Susak,Susak,HR,44.5088198,14.3077407
HRSUT,Sutivan,Sutivan,HR,43.38333,16.48333
HRSVJ,Sveti Juraj,Sveti Juraj,HR,44.93333,14.91667
HRSVK,Sveti Kajo,Sveti Kajo,HR,43.53333,16.45
HRTKN,Tkon,Tkon,HR,43.91667,15.45
HRTNO,Tisno,Tisno,HR,43.8,15.65
HRTNR,Tunarica,Tunarica,HR,44.96667,14.1
HRTRI,Tribunj,Tribunj,HR,43.75,15.75
HRTRJ,Trpanj,Trpanj,HR,43.01667,17.26667
HRTRK,Trstenik,Trstenik,HR,42.91667,17.41667
HRTRO,Trogir,Trogir,HR,43.5,16.25
HRTUR,Turanj,Turanj,HR,43.96667,15.4
HRUBL,Ubli,Ubli,HR,42.75,16.83333
HRUMG,Umag,Umag,HR,45.41667,13.51667
HRUNJ,Unije,Unije,HR,44.63333,14.23333
HRUVM,Uvala Mir,Uvala Mir,HR,43.88333,15.15
HRVDC,Vodice,Vodice,HR,43.76667,15.76667
HRVGN,Viganj,Viganj,HR,42.98333,17.1
HRVIS,Vis,Vis,HR,43.05,16.16667
HRVIZ,Veli Iz,Veli Iz,HR,44.05,15.11667
HRVLB,Valbiska,Valbiska,HR,45.03333,14.5
HRVLK,Vela Luka,Vela Luka,HR,42.95,16.71667
HRVLN,Veli Losinj,Veli Losinj,HR,44.51667,14.5
HRVRA,Vranjic,Vranjic,HR,43.53333,16.46667
HRVRG,Vrgada,Vrgada,HR,43.86667,15.5
HRVRK,Vrbnik,Vrbnik,HR,45.08333,14.68333
HRVRR,Vrsar,Vrsar,HR,45.15,13.6
HRVRS,Vrboska,Vrboska,HR,43.18333,16.68333
HRVUK,Vukovar,Vukovar,HR,45.35,19
HRZAD,Zadar,Zadar,HR,44.11667,15.23333
HRZGL,Zigljen,Zigljen,HR,44.58333,14.95
HRZLR,Zlarin,Zlarin,HR,43.7,15.83333
HRZUT,Zut Marina,Zut Marina,HR,43.88333,15.28333
HTACA,Les Cayes,Les Cayes,HT,18.1944428,-73.7511601
HTCAP,Cap-Haïtien,Cap-Haïtien,HT,19.75,-72.2
HTCRC,Caracol,Caracol,HT,19.68333,-72.01667
HTFLI,Fort Liberte,Fort Liberte,HT,19.6635608,-71.8367046
HTGVS,Gonaïves,Gonaïves,HT,19.4460597,-72.6884336
HTJAK,Jacmel,Jacmel,HT,18.2352587,-72.5375127
HTJEE,Jérémie,Jérémie,HT,18.6445835,-74.1139182
HTLFF,Lafiteau,Lafiteau,HT,18.68333,-72.35
HTMIR,Miragoane,Miragoane,HT,18.4448425,-73.0886392
HTPAP,Port-au-Prince,Port-au-Prince,HT,18.547327,-72.3395928
HTPEG,Petit Goâve,Petit Goâve,HT,18.43333,-72.86667
HTPLH,Lafito Port,Lafito Port,HT,18.68333,-72.35
HTSMC,Baie de Saint-Marc,Baie de Saint-Marc,HT,19.11667,-72.7
HUADY,Adony,Adony,HU,47.11667,18.86667
HUAFU,Almásfüzitó,Almásfüzitó,HU,47.7,18.26667
HUAKT,Andornaktálya,Andornaktálya,HU,47.83333,20.41667
HUALS,Alsóörs,Alsóörs,HU,46.98333,17.98333
HUASZ,Alsozsolca,Alsozsolca,HU,48.06667,20.88333
HUBDA,Berhida,Berhida,HU,47.1109931,18.1339369
HUBRS,Badacsonyörs,Badacsonyörs,HU,46.8,17.53333
HUBUD,Budapest,Budapest,HU,47.5,19.08333
HUBZE,Berzence,Berzence,HU,46.2,17.15
HUBZO,Balatonszárszó,Balatonszárszó,HU,46.83333,17.83333
HUCMR,Csömör,Csömör,HU,47.55,19.23333
HUCPE,Csepel,Csepel,HU,47.41667,19.06667
HUDEB,Debrecen,Debrecen,HU,47.531399,21.6259782
HUDPA,Dunapataj,Dunapataj,HU,46.61667,18.98333
HUDRE,Dunaremete,Dunaremete,HU,47.88333,17.43333
HUDUU,Dunaújváros,Dunaújváros,HU,46.96667,18.93333
HUDVE,Dunavecse,Dunavecse,HU,46.91667,18.96667
HUEBS,Ebes,Ebes,HU,47.46667,21.5
HUERC,Ercsi,Ercsi,HU,47.2519697,18.8983773
HUERD,Erdobenye,Erdobenye,HU,48.26667,21.36667
HUEST,Esztergom,Esztergom,HU,47.7856939,18.7403377
HUFVS,Ferencvaros,Ferencvaros,HU,47.46667,19.08333
HUGNY,Gónyú,Gónyú,HU,47.73333,17.83333
HUGYO,Gyor,Gyor,HU,47.68333,17.63333
HUHAL,Halásztelek,Halásztelek,HU,47.36667,18.98333
HUHRT,Harta,Harta,HU,46.68333,19.01667
HUHYF,Hegyfalu,Hegyfalu,HU,47.35,16.88333
HUJKZ,Jászárokszállás,Jászárokszállás,HU,47.63333,19.96667
HUKAR,Karcag,Karcag,HU,47.3,20.91667
HUKCO,Kalocsa,Kalocsa,HU,46.51667,19
HUKET,Ketegyhaza,Ketegyhaza,HU,46.5455442,21.1856277
HUKIA,Kisvárda,Kisvárda,HU,48.21667,22.06667
HUKKU,Kekkut,Kekkut,HU,46.85,17.56667
HUKOM,Komárom,Komárom,HU,47.73333,18.11667
HUKOR,Körmend,Körmend,HU,47.01667,16.6
HULAB,Lábatlan,Lábatlan,HU,47.75,18.51667
HULMY,Lágymányos,Lágymányos,HU,47.46667,19.05
HUMCQ,Miskolc,Miskolc,HU,48.1030643,20.7900429
HUMKN,Mecseknádasd,Mecseknádasd,HU,46.21667,18.46667
HUMOH,Mohács,Mohács,HU,46,18.68333
HUMTY,Mártély,Mártély,HU,46.48333,20.21667
HUNGB,Nagybajom,Nagybajom,HU,46.3936575,17.511875
HUNSZ,Neszmély,Neszmély,HU,47.71667,18.35
HUNZA,Nagyrada,Nagyrada,HU,46.61667,17.11667
HUOOD,Göd,Göd,HU,47.7,19.13333
HUPAL,Pálmonostora,Pálmonostora,HU,46.63333,19.93333
HUPES,Szigetcsép,Szigetcsép,HU,47.26667,18.98333
HURSP,Sárospatak,Sárospatak,HU,48.31667,21.56667
HUSZD,Szentendre,Szentendre,HU,47.7,19.05
HUSZE,Szeged,Szeged,HU,46.2546312,20.1486016
HUSZM,Szigetszentmiklós,Szigetszentmiklós,HU,47.35,19.05
HUTAC,Tác,Tác,HU,47.08333,18.4
HUTHT,Tahitotfalu,Tahitotfalu,HU,47.75,19.1
HUTOJ,Tokaj,Tokaj,HU,48.11667,21.41667
HUUPS,Újpest,Újpest,HU,47.56667,19.08333
HUVIG,Visegrád,Visegrád,HU,47.8,18.96667
HUXEL,Kecel,Kecel,HU,46.5237655,19.2533387
HUZAR,Aszar,Aszar,HU,47.509266,18.0045383
HUZSI,Zsira,Zsira,HU,47.43333,16.66667
HUZTK,Zlate Klasy,Zlate Klasy,HU,48.11667,17.41667
IDADB,Adang Bay,Adang Bay,ID,-1.745833,116.334444
IDAGR,Anggrek,Anggrek,ID,1.2825,120.8203
IDAJN,"Arjuna, Java","Arjuna, Java",ID,-5.883333,107.716667
IDAKE,Akeselaka,Akeselaka,ID,1.05,127.96667
IDAMA,"Amamapare, Ij","Amamapare, Ij",ID,-4.8272821,136.8412555
IDAMP,"Ampenan, Bali","Ampenan, Bali",ID,-8.566667,116.066667
IDAMQ,"Ambon, Molucas","Ambon, Molucas",ID,-3.6959434,128.178785
IDANG,Angar,Angar,ID,-3.65,130.83333
IDANO,Anoa Natuna Pt.,Anoa Natuna Pt.,ID,5.23333,105.6
IDANR,Anyer Kidul,Anyer Kidul,ID,-6.06667,105.88333
IDAPN,Ampana,Ampana,ID,-0.86667,121.58333
IDASI,Asike,Asike,ID,-6.65,140.41667
IDAUN,Arun,Arun,ID,5.2192142,97.0835115
IDBAL,Balongan Terminal,Balongan Terminal,ID,-6.38333,108.4
IDBAM,Batuampar,Batuampar,ID,-0.96667,102.73333
IDBAP,Batu Ampar,Batu Ampar,ID,-0.75,109.53333
IDBDJ,Banjarmasin,Banjarmasin,ID,-3.3187496,114.5925828
IDBEN,Benete,Benete,ID,-8.86667,116.71667
IDBET,Belida Terminal,Belida Terminal,ID,4.13333,105.13333
IDBGD,Bagendang,Bagendang,ID,-2.7341502,112.8725086
IDBGG,Banggai,Banggai,ID,-1.588821,123.5008494
IDBIK,"Biak, Irian Jaya","Biak, Irian Jaya",ID,-0.945033,135.936142
IDBIR,Biringkassi,Biringkassi,ID,-5.6957848,119.6904978
IDBIT,"Bitung, Sulawesi","Bitung, Sulawesi",ID,1.44344,125.1940836
IDBJU,"Banjuwangi, Java","Banjuwangi, Java",ID,-8.2,114.35
IDBKS,"Bengkulu, Sumatra","Bengkulu, Sumatra",ID,-4.0035183,101.8393474
IDBLH,Balohan,Balohan,ID,5.81667,95.33333
IDBLI,"Blinju, Banka","Blinju, Banka",ID,-1.6333,105.7667
IDBLL,"Blang Lancang, St","Blang Lancang, St",ID,5.1949254,96.4985561
IDBLT,Belitung,Belitung,ID,-2.8842812,107.6631596
IDBLW,"Belawan, Sumatra","Belawan, Sumatra",ID,3.7694936,98.6706899
IDBMU,"Bima, Sb","Bima, Sb",ID,-8.4534091,118.727689
IDBNT,Belanak Terminal,Belanak Terminal,ID,4.16667,106.23333
IDBOA,Benoa,Benoa,ID,-8.76667,115.21667
IDBPN,Balikpapan,Balikpapan,ID,-1.28333,116.83333
IDBTM,Batam Island,Batam Island,ID,1.08333,104.03333
IDBTN,Banten,Banten,ID,-6.040827,106.1599611
IDBTW,Batulicin,Batulicin,ID,-3.45,115.98333
IDBUA,Bula,Bula,ID,-3.105332,130.4886371
IDBUG,"Buleleng, Bali","Buleleng, Bali",ID,-8.2222492,114.9950437
IDBUR,Batu Ampar,Batu Ampar,ID,1.16667,104.01667
IDBXT,"Bontang, Kl","Bontang, Kl",ID,0.1236548,117.471708
IDBYQ,Bunyu,Bunyu,ID,3.5,117.8
IDCBN,Cirebon (Tjeribon),Cirebon (Tjeribon),ID,-6.73333,108.56667
IDCEB,"Celukan Bawang, Bl","Celukan Bawang, Bl",ID,-8.1973993,114.8536438
IDCER,Cereweh,Cereweh,ID,-8.81667,116.81667
IDCIW,Ciwandan,Ciwandan,ID,-6.01667,105.95
IDCTO,New Priok Port,New Priok Port,ID,-6.08333,106.91667
IDCXP,Cilacap (Tjilatjap),Cilacap (Tjilatjap),ID,-7.73333,109
IDDAS,"Dabo, Singkep Isl","Dabo, Singkep Isl",ID,-0.5,104.55
IDDJB,"Jambi, Sumatra","Jambi, Sumatra",ID,-1.7069965,102.7140041
IDDJJ,"Jayapura, Irian Jaya","Jayapura, Irian Jaya",ID,-2.53333,140.7
IDDMA,Demta,Demta,ID,-2.33333,140.13333
IDDOB,Dobo,Dobo,ID,-5.75,134.21667
IDDOG,Donggi,Donggi,ID,-1.53333,122.25
IDDUM,"Dumai, Sumatra","Dumai, Sumatra",ID,1.6631967,101.4470369
IDELA,Elat,Elat,ID,-5.6525428,132.9943425
IDENO,Kuala Enok,Kuala Enok,ID,-0.53333,103.4
IDEXS,Exspan,Exspan,ID,-1.8,105.13333
IDFKQ,"Fak Fak, Irian Jaya","Fak Fak, Irian Jaya",ID,-2.93,132.303056
IDFTG,Pelabuhan Futong Terminal,Pelabuhan Futong Terminal,ID,0.81667,102.4
IDGEE,Gee Island,Gee Island,ID,0.83333,128.31667
IDGIL,"Gilimanuk, Bali","Gilimanuk, Bali",ID,-8.1971766,114.4611508
IDGNS,"Gunung Sitoli, St","Gunung Sitoli, St",ID,1.2897,97.6169
IDGRE,"Gresik, Java","Gresik, Java",ID,-7.15,112.65
IDGTO,"Gorontalo, Sulawesi","Gorontalo, Sulawesi",ID,0.7186174,122.4555927
IDGTS,Gatot Subroto Permai,Gatot Subroto Permai,ID,-8.63333,115.2
IDIBT,Indonesia Bulk Terminal,Indonesia Bulk Terminal,ID,-5.9147758,106.0028317
IDINA,Inanwatan,Inanwatan,ID,-2.13333,132.16667
IDJBK,Jababeka,Jababeka,ID,-6.25,107.15
IDJBT,Jabung Terminal,Jabung Terminal,ID,-0.88333,104.06667
IDJEP,Jepara,Jepara,ID,-6.58333,110.65
IDJIP,Jogja Inland Port,Jogja Inland Port,ID,-7.9,110.38333
IDJKT,"Jakarta, Java","Jakarta, Java",ID,-6.13333,106.83333
IDJOR,Jorong Anchorage,Jorong Anchorage,ID,-4.18333,115.1
IDJPU,Jakarta Pusat,Jakarta Pusat,ID,-6.18333,106.83333
IDJWA,Jawa Timur,Jawa Timur,ID,-7.3487419,112.7283092
IDKAM,"Kambunong, Celebes","Kambunong, Celebes",ID,-1.8726306,119.6681557
IDKAS,"Kasim, Ij","Kasim, Ij",ID,-1.3035999,131.0222642
IDKAU,Kau,Kau,ID,-8.6780085,115.2034577
IDKBH,Kalabahi,Kalabahi,ID,-8.21667,124.51667
IDKDI,"Kendari, Sulawesi","Kendari, Sulawesi",ID,-3.9918068,122.5180066
IDKDW,Kendawangan,Kendawangan,ID,-2.547073,110.4246927
IDKEM,"Kempo, Sb","Kempo, Sb",ID,-8.6166669,120.0519832
IDKGH,Krueng Geukueh,Krueng Geukueh,ID,5.25,97.03333
IDKHY,Kahyangan,Kahyangan,ID,-8.5486749,115.2657142
IDKID,"Kidjang, Bintan","Kidjang, Bintan",ID,0.859602,104.610532
IDKKA,"Kuala Kapuas, Kl","Kuala Kapuas, Kl",ID,-3.0089407,114.3876186
IDKKB,"Kunak, Borneo","Kunak, Borneo",ID,4.683333,118.25
IDKMD,Komodo,Komodo,ID,-8.58333,119.5
IDKNL,Kolonodale,Kolonodale,ID,-1.96667,121.33333
IDKNT,Kakap Natuna Terminal,Kakap Natuna Terminal,ID,5.01667,105.95
IDKOE,"Kupang, Timor","Kupang, Timor",ID,-10.163333,123.577778
IDKOJ,Koja,Koja,ID,-7.2840256,108.1982431
IDKOK,Kokas,Kokas,ID,-2.7,132.43333
IDKOL,Kolaka,Kolaka,ID,-4.05,121.56667
IDKPL,Kampung Laut,Kampung Laut,ID,-1.0314353,103.8085259
IDKPN,"Kotapinang, Baru","Kotapinang, Baru",ID,1.9,100.066667
IDKRG,Kariangau,Kariangau,ID,-1.16667,116.78333
IDKSE,Kassue,Kassue,ID,-6.98333,139.21667
IDKSO,Kalbut Situbondo,Kalbut Situbondo,ID,-7.61667,113.88333
IDKTG,"Ketapang, Kl","Ketapang, Kl",ID,-8.6748604,115.5671087
IDKTJ,Kualatanjung,Kualatanjung,ID,3.35,99.48333
IDKUA,Kualalangsa,Kualalangsa,ID,4.53333,98.01667
IDKUM,Kumai,Kumai,ID,-2.73333,111.71667
IDLAH,"Labuha, Molucas","Labuha, Molucas",ID,-0.61667,127.48333
IDLAS,"Langsa, Sumatra","Langsa, Sumatra",ID,4.4730892,97.9681841
IDLAT,"Lalang Terminal, St","Lalang Terminal, St",ID,1.183333,102.216667
IDLBM,Lobam,Lobam,ID,1,104.26667
IDLBO,Labuan Bajo,Labuan Bajo,ID,-8.5,119.88333
IDLBR,Lembar,Lembar,ID,-8.73333,116.06667
IDLKI,Loki,Loki,ID,-3.3,128.05
IDLLA,"Lawe-Lawe, Kl","Lawe-Lawe, Kl",ID,-1.3302373,116.6975756
IDLOM,Lombok,Lombok,ID,-1.6160263,116.1563401
IDLSW,Lhokseumawe,Lhokseumawe,ID,5.16667,97.13333
IDLTT,Lubuk Tutung,Lubuk Tutung,ID,0.76667,117.73333
IDLUW,Luwuk,Luwuk,ID,-0.9528231,122.7880198
IDMAI,Mapia Island,Mapia Island,ID,0.88333,134.31667
IDMAK,Makassar,Makassar,ID,-5.11667,119.4
IDMAL,Mangole,Mangole,ID,-1.858331,125.766667
IDMAR,Marabahan,Marabahan,ID,-2.98333,114.76667
IDMBK,Muara Bangkong,Muara Bangkong,ID,0.4,103.78333
IDMDC,Manado,Manado,ID,1.4900447,124.8407673
IDMDR,Madura Terminal,Madura Terminal,ID,-6.85,112.95
IDMEQ,"Meulaboh, Sumatra","Meulaboh, Sumatra",ID,4.1481951,96.1339107
IDMES,"Medan, Sumatra","Medan, Sumatra",ID,3.5894617,98.6741623
IDMGB,Manggis,Manggis,ID,-8.48333,115.51667
IDMIT,Misool Terminal,Misool Terminal,ID,-1.56667,130.51667
IDMJU,Mamuju,Mamuju,ID,-2.6747476,118.8862879
IDMKJ,Mangkajang,Mangkajang,ID,2.13333,117.73333
IDMKQ,"Merauke, Irian Jaya","Merauke, Irian Jaya",ID,-8.466667,140.333333
IDMKW,"Manokwari, Irian Jaya","Manokwari, Irian Jaya",ID,-0.791669,133.6028516
IDMLI,"Malili, Sulawesi","Malili, Sulawesi",ID,-2.6190658,121.1163447
IDMNT,"Mantang, Riau","Mantang, Riau",ID,0.7703743,104.5237977
IDMOF,"Maumere, Flores","Maumere, Flores",ID,-8.616667,122.2
IDMOR,Mornopo,Mornopo,ID,0.78333,128.21667
IDMOW,Morowali,Morowali,ID,-2.7151483,121.8824104
IDMPN,Muara Pantai,Muara Pantai,ID,-0.7572898,101.7134458
IDMRI,"Musi River, Sumatra","Musi River, Sumatra",ID,-2.3289,104.9239
IDMRK,"Merak, Java","Merak, Java",ID,-5.9331531,106.0014552
IDMSB,Muara Siberut,Muara Siberut,ID,-1.58333,99.2
IDMSK,Muara Sabak,Muara Sabak,ID,-0.9564615,103.9676778
IDMTU,Muturi,Muturi,ID,-2.233333,133.583333
IDMUB,Muara Berau,Muara Berau,ID,1.6863968,117.1708482
IDMUO,"Muntok, Banka","Muntok, Banka",ID,-2.0672225,105.165139
IDMUW,Muara Teweh,Muara Teweh,ID,-0.9584691,114.8970222
IDNIP,Nipah,Nipah,ID,0.8578601,102.9838902
IDNNX,Nunukan,Nunukan,ID,4.1404048,117.6511375
IDNPL,North Pulau Laut,North Pulau Laut,ID,-3.21667,116.26667
IDOBI,Obi Island,Obi Island,ID,-1.53437,127.716559
IDOLO,Olee Lheue,Olee Lheue,ID,5.55,95.2833
IDPAC,Paciran,Paciran,ID,-6.86667,112.33333
IDPAG,"Pagatan, Kalimantan","Pagatan, Kalimantan",ID,-3.6090743,115.9362714
IDPAL,Palu,Palu,ID,-0.88333,119.85
IDPAS,Pasir Panjang,Pasir Panjang,ID,-2.7091904,111.6514885
IDPAZ,"Pasuruan, Java","Pasuruan, Java",ID,-7.63333,112.9
IDPBB,Pelabuhan Badas,Pelabuhan Badas,ID,-8.45,117.36667
IDPBJ,Pulau Bunyu,Pulau Bunyu,ID,3.5199995,117.8069338
IDPDG,Padang,Padang,ID,-0.95,100.35
IDPER,Perawang,Perawang,ID,0.6672258,101.6023759
IDPEX,"Pekalongan, Java","Pekalongan, Java",ID,-6.8905065,109.6761489
IDPGA,Pagerungan,Pagerungan,ID,-6.91667,115.91667
IDPGK,"Pangkalpinang, Banka","Pangkalpinang, Banka",ID,-2.1206733,106.1134604
IDPGM,Pagimana,Pagimana,ID,-0.8,122.61667
IDPGX,"Pangkal Balam, Banka","Pangkal Balam, Banka",ID,-2.100605,106.129906
IDPIR,Piru,Piru,ID,-3.06667,128.18333
IDPKN,Pangkalanbuun,Pangkalanbuun,ID,-2.68333,111.617
IDPKR,"Pangkalan Brandan, Sumatra","Pangkalan Brandan, Sumatra",ID,4.0183637,98.2862077
IDPKS,"Pangkalan Susu, Sumatra","Pangkalan Susu, Sumatra",ID,4.1193131,98.2151663
IDPLA,"Plaju, Sumatra","Plaju, Sumatra",ID,-2.98333,104.8
IDPLM,"Palembang, Sumatra","Palembang, Sumatra",ID,-2.9888243,104.7568507
IDPMK,Pomako,Pomako,ID,-4.8,136.76667
IDPNG,Penuba,Penuba,ID,-0.3071529,104.4551769
IDPNJ,Panjang,Panjang,ID,-5.466667,105.316667
IDPNK,"Pontianak, Kalimantan","Pontianak, Kalimantan",ID,-0.0226903,109.3447488
IDPNN,"Pamanukan, Java","Pamanukan, Java",ID,-6.2841644,107.8210101
IDPOT,Poto Tano,Poto Tano,ID,-8.51667,116.83333
IDPPO,"Palapo, Sulawesi","Palapo, Sulawesi",ID,-3.08333,120.23333
IDPPS,Pulangpisau,Pulangpisau,ID,-2.746171,114.2622421
IDPRN,"Panarukan, Java","Panarukan, Java",ID,-7.6949745,113.9362263
IDPRO,"Probolinggo, Java","Probolinggo, Java",ID,-7.7441461,113.2158401
IDPSJ,"Poso, Sulawesi","Poso, Sulawesi",ID,-1.6568513,120.5421575
IDPSS,"Pulau Sambu, Riau","Pulau Sambu, Riau",ID,1.1608836,103.8991017
IDPTK,Padang Tikar,Padang Tikar,ID,-0.66667,109.26667
IDPUM,"Pomalaa, Sulawesi","Pomalaa, Sulawesi",ID,-4.03333,121.58333
IDPUT,Pulau Laut,Pulau Laut,ID,-3.6478438,116.1537225
IDPWG,Perawang,Perawang,ID,0.63333,101.61667
IDREO,Reo,Reo,ID,-8.31667,120.5
IDRGT,"Rengat, Sumatra","Rengat, Sumatra",ID,-0.3746482,102.5459897
IDRNI,Ranai,Ranai,ID,3.91667,108.38333
IDSAD,"Sadau, Borneo","Sadau, Borneo",ID,3.35,117.533333
IDSAP,Sape,Sape,ID,-4.7640138,140.5054054
IDSAT,"Santan Terminal, Kl","Santan Terminal, Kl",ID,-0.1,117.533333
IDSBG,"Sabang, Sumatra","Sabang, Sumatra",ID,5.8927453,95.3225751
IDSBM,Subaim,Subaim,ID,1.11667,128.16667
IDSBS,"Sambas, Kalimantan","Sambas, Kalimantan",ID,1.52191,109.413809
IDSDA,Durian,Durian,ID,3.9879354,108.0047124
IDSDJ,Sidoarjo,Sidoarjo,ID,-7.4460408,112.7178614
IDSEP,Sepanjang Terminal,Sepanjang Terminal,ID,-7.18333,115.78333
IDSEQ,"Sungai Pakning, Sumatra","Sungai Pakning, Sumatra",ID,1.3538871,102.1559394
IDSGG,Senggigi,Senggigi,ID,-8.5,116.05
IDSGU,Sanggau,Sanggau,ID,0.11667,110.6
IDSID,Sidangoli,Sidangoli,ID,0.9,127.48333
IDSKI,"Sangkulirang, Kalimantan","Sangkulirang, Kalimantan",ID,0.978056,118.028611
IDSKP,Sekupang,Sekupang,ID,1.13333,103.93333
IDSKW,"Singkawang, Kalimantan","Singkawang, Kalimantan",ID,0.9069861,108.9889657
IDSLG,"Sibolga, Sumatra","Sibolga, Sumatra",ID,1.736957,98.78461
IDSMB,"Semangka Bay, St","Semangka Bay, St",ID,-5.693056,104.759444
IDSMQ,"Sampit, Kalimantan","Sampit, Kalimantan",ID,-2.5389113,112.949389
IDSNG,Sinabang,Sinabang,ID,2.479474,96.3805931
IDSOQ,Sorong,Sorong,ID,-0.8634105,131.2544805
IDSPA,"Selat Pandjang, Sumatra","Selat Pandjang, Sumatra",ID,1,102.71
IDSPH,Senipah Terminal,Senipah Terminal,ID,-0.95,117.166667
IDSRG,Semarang,Semarang,ID,-6.96667,110.48333
IDSRI,"Samarinda, Kalimantan","Samarinda, Kalimantan",ID,-0.5017804,117.1393089
IDSSO,Susu,Susu,ID,4.1193131,98.2151663
IDSTN,Setagin,Setagin,ID,-3.28333,116.16667
IDSTU,Satui,Satui,ID,-3.7585957,115.4462873
IDSUA,Suaran,Suaran,ID,2.05,117.7
IDSUB,Surabaya,Surabaya,ID,-7.23333,112.75
IDSUG,"Sungai Gerong, Sumatra","Sungai Gerong, Sumatra",ID,-2.9903906,104.8629794
IDSUK,Sukabumi,Sukabumi,ID,-6.9199289,106.9265095
IDSUM,Sumenep,Sumenep,ID,-7.006745,113.8598666
IDSUN,Sunut,Sunut,ID,-8.86667,116.55
IDSUP,"Sumenep, Madura","Sumenep, Madura",ID,-7.016667,113.866667
IDSUQ,"Sungai Guntung, Sumatra","Sungai Guntung, Sumatra",ID,0.2931742,103.6142165
IDSUS,"Susoh, Sumatra","Susoh, Sumatra",ID,3.7300413,96.8162747
IDSWQ,Sumbawa,Sumbawa,ID,-8.5949025,117.2716068
IDSWT,Salawati Terminal,Salawati Terminal,ID,-1.35,131
IDSZA,Cikande,Cikande,ID,-6.2,106.35
IDSZH,Senipah,Senipah,ID,-0.95,117.15
IDTAB,Taboneo,Taboneo,ID,-3.68333,114.41667
IDTAL,Tanah Laut,Tanah Laut,ID,-3.8440385,114.9888593
IDTAN,Tanjunguban,Tanjunguban,ID,1.05,104.23333
IDTAR,Tarjun,Tarjun,ID,-3.26667,116.08333
IDTBG,"Teluk Betung, Sumatra","Teluk Betung, Sumatra",ID,-2.6566288,104.3293273
IDTBL,Toboali,Toboali,ID,-3,106.5
IDTBN,"Tuban, Jv","Tuban, Jv",ID,-6.9,112.05
IDTBO,Tobelo,Tobelo,ID,1.726284,127.9999457
IDTBR,Telukbayur,Telukbayur,ID,-1,100.36667
IDTBU,Tanjung Buli,Tanjung Buli,ID,0.83333,128.25
IDTEG,"Tegal, Java","Tegal, Java",ID,-6.8674488,109.1378271
IDTER,Terempa,Terempa,ID,3.21667,106.21667
IDTJB,Tanjungbalai,Tanjungbalai,ID,1,103.43333
IDTJQ,Tanjung Pandan,Tanjung Pandan,ID,-2.75,107.65
IDTLI,Tolitoli,Tolitoli,ID,1.0392,120.8169
IDTME,Tanjung Merangas,Tanjung Merangas,ID,0.03333,117.51667
IDTMK,Timika,Timika,ID,-4.5481052,136.889884
IDTNJ,Tanjungpinang,Tanjungpinang,ID,0.91667,104.45
IDTPN,Tanjung Pemancingan,Tanjung Pemancingan,ID,1.0856993,103.9422212
IDTRH,Tarahan,Tarahan,ID,-5.56667,105.36667
IDTRK,"Tarakan, Kalimantan","Tarakan, Kalimantan",ID,3.3000169,117.6330159
IDTSE,"Tanjung Sekong, Jv","Tanjung Sekong, Jv",ID,-5.916667,106
IDTTE,"Ternate, Halmahera","Ternate, Halmahera",ID,1.5341585,127.5586789
IDTUA,Tual,Tual,ID,-5.63333,132.73333
IDTZD,Amurang,Amurang,ID,1.1810119,124.5698849
IDUDG,Udang Natuna Terminal,Udang Natuna Terminal,ID,4.01667,106.46667
IDUPG,"Ujung Pandang, Sulawesi","Ujung Pandang, Sulawesi",ID,-5.1342962,119.4124282
IDWAI,Wainibe,Wainibe,ID,-3.1419989,126.6201749
IDWAN,Wanam,Wanam,ID,-7.55,139.1
IDWED,Weda,Weda,ID,0.33333,127.88333
IDWGP,"Waingapu, Sumba","Waingapu, Sumba",ID,-9.65,120.26667
IDWSS,Wamsasi,Wamsasi,ID,-3.56667,126.16667
IEARD,Ardmore,Ardmore,IE,51.95,-7.71667
IEARH,Arklow Head (Ie009),Arklow Head (Ie009),IE,52.7772873,-6.1366585
IEARK,Arklow,Arklow,IE,52.798221,-6.1540035
IEATN,Annacotty,Annacotty,IE,52.6661901,-8.5360769
IEAUG,Aughinish Island,Aughinish Island,IE,53.1631935,-9.0736131
IEBBG,Balbriggan,Balbriggan,IE,53.61667,-6.18333
IEBGY,Ballynacargy,Ballynacargy,IE,53.56667,-7.53333
IEBHT,Blanchardstown,Blanchardstown,IE,53.38333,-6.36667
IEBLL,Ballina,Ballina,IE,54.11667,-9.16667
IEBNA,Ballina,Ballina,IE,52.8,-8.43333
IEBNG,Bangor,Bangor,IE,54.13333,-9.73333
IEBTH,Bantry Harbour,Bantry Harbour,IE,51.68333,-9.45
IEBTM,Baltimore,Baltimore,IE,51.4833209,-9.3732052
IEBUC,Buncrana,Buncrana,IE,55.1353624,-7.453109
IEBUR,Burtonport,Burtonport,IE,54.98333,-8.43333
IEBVD,Ballydavid,Ballydavid,IE,52.21667,-10.35
IEBYT,Bantry,Bantry,IE,51.68333,-9.45
IECAR,Carlingford,Carlingford,IE,54.0410801,-6.1865063
IECFI,Castlefinn,Castlefinn,IE,54.8,-7.6
IECFN,Donegal,Donegal,IE,54.6537924,-8.1102616
IECHE,Cahirciveen,Cahirciveen,IE,51.95,-10.21667
IECLC,Clarecastle,Clarecastle,IE,52.81667,-8.95
IECLD,Clare Island,Clare Island,IE,52.2139871,-6.7965922
IECLG,Clogherhead,Clogherhead,IE,53.78333,-6.23333
IECLI,Clifden,Clifden,IE,53.4884916,-10.0210673
IECOB,Cobh,Cobh,IE,51.8502284,-8.2950649
IECRO,Crookhaven,Crookhaven,IE,51.4684326,-9.7256677
IECRS,Carrick-on-Suir,Carrick-on-Suir,IE,52.33333,-7.4
IECTB,Castletown Bearhaven,Castletown Bearhaven,IE,51.65,-9.91667
IEDCN,Duncannon/Saint Helens,Duncannon/Saint Helens,IE,52.21667,-6.98333
IEDDK,Dundalk,Dundalk,IE,54.0046033,-6.4008879
IEDFA,Dublin-Ferryport Terminal 1,Dublin-Ferryport Terminal 1,IE,53.31667,-6.18333
IEDFB,Dublin-Ferryport Terminal 2,Dublin-Ferryport Terminal 2,IE,53.31667,-6.2
IEDFC,Dublin-Ferryport Terminal 3,Dublin-Ferryport Terminal 3,IE,53.31667,-6.23333
IEDFT,Dublin-Dublin Ferryport Terminals,Dublin-Dublin Ferryport Terminals,IE,53.31667,-6.23333
IEDFY,Dunfanaghy,Dunfanaghy,IE,55.18333,-7.96667
IEDGV,Dungarvan,Dungarvan,IE,52.58333,-7.08333
IEDIN,Dingle,Dingle,IE,52.1407781,-10.2687161
IEDLG,Dun Laoghaire,Dun Laoghaire,IE,53.3,-6.13333
IEDMF,Drogheda Maxol Facility,Drogheda Maxol Facility,IE,53.71667,-6.33333
IEDNM,Dunmore East,Dunmore East,IE,52.1488395,-6.9947314
IEDRO,Drogheda,Drogheda,IE,53.7149877,-6.3524183
IEDUB,Dublin,Dublin,IE,53.3493795,-6.2605593
IEDWE,Ennistymon,Ennistymon,IE,52.93333,-9.28333
IEEBF,Broadford,Broadford,IE,52.3463495,-8.9749829
IEEKY,Easkey/Rathlee,Easkey/Rathlee,IE,54.28333,-8.96667
IEESB,ESB Poolbeg-Dublin,ESB Poolbeg-Dublin,IE,53.33333,-6.18333
IEFEN,Fenit,Fenit,IE,52.26667,-9.86667
IEFGY,Coolock,Coolock,IE,53.38333,-6.18333
IEFID,Fiddown,Fiddown,IE,52.33323,-7.3058731
IEFIN,Fintona,Fintona,IE,54.5,-7.31667
IEFOV,Foynes,Foynes,IE,52.6111406,-9.1109507
IEFPD,Flogas Products Drogheda,Flogas Products Drogheda,IE,53.71667,-6.35
IEFRW,Ford's Wharf (Topaz Energy Terminal),Ford's Wharf (Topaz Energy Terminal),IE,51.88333,-8.43333
IEFTD,Fethard/Slade,Fethard/Slade,IE,52.467222,-7.691111
IEGGA,Glengarriff,Glengarriff,IE,51.75,-9.55
IEGOW,Gowran,Gowran,IE,52.6282095,-7.068804
IEGRE,Greencastle,Greencastle,IE,55.2,-6.98333
IEGRN,Greenore,Greenore,IE,54.0326495,-6.1334035
IEGRT,Gortahork,Gortahork,IE,55.11667,-8.13333
IEGWY,Galway,Galway,IE,53.2744122,-9.0490601
IEHAU,Haulbowline,Haulbowline,IE,51.8411183,-8.3046057
IEHOW,Howth,Howth,IE,53.3858337,-6.0651186
IEKBS,Killybegs,Killybegs,IE,54.6362345,-8.4442592
IEKIC,Kilcoole,Kilcoole,IE,53.1054131,-6.0644448
IEKIN,Kilronan,Kilronan,IE,53.11667,-9.66667
IEKKA,Kilmokea,Kilmokea,IE,52.2955726,-6.9775913
IEKLA,Killala,Killala,IE,54.2138959,-9.2209417
IEKLN,Kinsale,Kinsale,IE,51.705737,-8.5229823
IEKLR,Kilrush,Kilrush,IE,52.640251,-9.485836
IEKNG,Kinnegad,Kinnegad,IE,53.4548146,-7.1011946
IELMK,Limerick,Limerick,IE,52.661252,-8.6301239
IEMAG,Maghera,Maghera,IE,53.7966716,-7.0301553
IEMAR,Marshmeadows/New Ross,Marshmeadows/New Ross,IE,52.38333,-6.95
IEMOT,Moneypoint,Moneypoint,IE,52.60751,-9.42435
IEMOV,Moville,Moville,IE,55.18333,-7.03333
IEMRT,Magheraroarty,Magheraroarty,IE,55.13333,-8.16667
IEMTL,Dublin-Marine Terminal,Dublin-Marine Terminal,IE,53.33333,-6.23333
IENAY,Newtonabbey,Newtonabbey,IE,54.65,-5.93333
IENET,Newport,Newport,IE,53.88333,-9.53333
IENEX,Newtown,Newtown,IE,52.3442403,-6.5156208
IENRR,New Ross-Raheen/Roberscon,New Ross-Raheen/Roberscon,IE,52.38333,-6.95
IENRS,New Ross,New Ross,IE,52.38333,-6.93333
IEORK,Cork,Cork,IE,51.8985136,-8.4726423
IEPAW,Passage West,Passage West,IE,51.86667,-8.35
IERAT,Rathmullan,Rathmullan,IE,55.1,-7.53333
IERAV,Rossaveel,Rossaveel,IE,53.2734571,-9.5409883
IERDM,Rathdrum,Rathdrum,IE,52.91667,-6.23333
IERDT,Ringaskiddy Deepwater Terminal,Ringaskiddy Deepwater Terminal,IE,51.83333,-8.31667
IERIN,Ringaskiddy,Ringaskiddy,IE,51.83333,-8.31667
IEROE,Rosslare,Rosslare,IE,52.2735675,-6.3869031
IEROS,Rosslare Harbour,Rosslare Harbour,IE,52.2497333,-6.3401152
IERPT,Ringaskiddy Passenger Terminal,Ringaskiddy Passenger Terminal,IE,51.83333,-8.31667
IERRR,Kildorrery,Kildorrery,IE,52.23333,-8.41667
IERSM,Rossaveel,Rossaveel,IE,53.26667,-9.55
IERTN,Ramelton,Ramelton,IE,55.03333,-7.63333
IERUS,Rushbrooke,Rushbrooke,IE,51.85,-8.31667
IERVM,River Moy,River Moy,IE,54.155306,-8.77825
IESKL,Skull,Skull,IE,51.51667,-9.53333
IESLI,Sligo,Sligo,IE,54.2720696,-8.4751357
IESNN,Shannon,Shannon,IE,52.7,-8.85
IESNR,Stokestown/New Ross,Stokestown/New Ross,IE,52.35,-6.98333
IETAR,Tarbert,Tarbert,IE,52.5725905,-9.3745404
IETIV,Tivoli,Tivoli,IE,51.902984,-8.4092329
IETLK,Castlenock,Castlenock,IE,53.3752,-6.3557
IETME,Tramore,Tramore,IE,52.1835974,-7.1496199
IETOB,Tober,Tober,IE,53.36667,-7.65
IETQY,Town Quays/Drogheda,Town Quays/Drogheda,IE,53.71667,-6.33333
IETRA,Tralee,Tralee,IE,52.2692116,-9.7057047
IETRP,Tom Roes Point Terminal/Drogheda,Tom Roes Point Terminal/Drogheda,IE,53.71667,-6.3
IEUHL,Unionhall,Unionhall,IE,51.55,-9.15
IEWAT,Waterford,Waterford,IE,52.25,-7.1
IEWCQ,Waterford City Quays,Waterford City Quays,IE,52.25,-7.1
IEWES,Westport,Westport,IE,53.8000645,-9.520218
IEWEX,Wexford,Wexford,IE,52.3367671,-6.4601397
IEWGI,Waterford Great Island (ESB),Waterford Great Island (ESB),IE,52.26667,-6.98333
IEWHI,Whitegate,Whitegate,IE,51.8254941,-8.2320498
IEWIC,Wicklow,Wicklow,IE,52.9802376,-6.0414184
IEWIL,Wilton,Wilton,IE,51.8826552,-8.5072082
IEYOU,Youghal,Youghal,IE,51.9494736,-7.8431892
IL8UH,Gush Halav,Gush Halav,IL,33.0243744,35.4458835
ILACR,Acre,Acre,IL,32.9281731,35.0756378
ILAKK,Akko,Akko,IL,32.91667,35.06667
ILAKL,Ashkelon,Ashkelon,IL,31.6653191,34.565044
ILAS2,Mishor Adumim,Mishor Adumim,IL,31.78333,35.31667
ILASH,Ashdod,Ashdod,IL,31.7977314,34.6529922
ILAST,Ashdod Southport,Ashdod Southport,IL,31.81667,34.65
ILBGV,Binyamina-Giv'at Ada,Binyamina-Giv'at Ada,IL,32.51667,34.93333
ILETH,Elat (Eilath),Elat (Eilath),IL,29.5569348,34.9497949
ILHAD,Hadera,Hadera,IL,32.440742,34.9401053
ILHBT,Haifa Bayport,Haifa Bayport,IL,32.8,34.98333
ILHFA,Haifa,Haifa,IL,32.8,34.98333
ILJUL,Julis,Julis,IL,31.68333,34.65
ILKFV,Kfar Vitkin,Kfar Vitkin,IL,32.36667,34.86667
ILKY7,Karmei Yosef,Karmei Yosef,IL,31.83333,34.91667
ILM8A,Magshimim,Magshimim,IL,32.03333,34.9
ILMSP,Haifa Israel Shipyards Port,Haifa Israel Shipyards Port,IL,32.8,34.98333
ILNAB,Nabulus,Nabulus,IL,32.21667,35.25
ILNAT,Netanya,Netanya,IL,32.33333,34.86667
ILOFR,Ofra,Ofra,IL,31.95,35.25
ILTIB,Tiberias,Tiberias,IL,32.8,35.53333
ILTLV,Tel Aviv-Yafo,Tel Aviv-Yafo,IL,32.05,34.75
IMCTN,Castletown,Castletown,IM,54.08333,-4.65
IMDGS,Douglas,Douglas,IM,54.16667,-4.48333
IMPEL,Peel,Peel,IM,54.21667,-4.76667
IMPER,Port Erin,Port Erin,IM,54.08333,-4.76667
IMPSM,Port Saint Mary,Port Saint Mary,IM,54.06667,-4.73333
IMRAM,Ramsey,Ramsey,IM,54.31667,-4.38333
IMSAN,Santon,Santon,IM,54.11667,-4.58333
INABG,Alibag,Alibag,IN,18.6498427,72.8765469
INACH,Achra,Achra,IN,16.19248,73.44498
INADI,Androth Is,Androth Is,IN,10.814086,73.680153
INAIS,Amini Island,Amini Island,IN,11.11667,72.73333
INALA,Alang SBY,Alang SBY,IN,21.3975,72.1775
INALF,Alleppey,Alleppey,IN,9.1989342,76.4856032
INAMI,Andorth Is,Andorth Is,IN,10.814086,73.680153
INANL,Arnala,Arnala,IN,19.4595518,72.7463871
INATU,Attur,Attur,IN,12.73333,79.95
INAZK,Azhikkal,Azhikkal,IN,11.941037,75.308082
INBAW,Bawal,Bawal,IN,28.0713573,76.5808858
INBDA,Bandra,Bandra,IN,19.054444,72.840556
INBDG,Badagara,Badagara,IN,11.5985451,75.5897432
INBDH,Bhadohi,Bhadohi,IN,25.41667,82.56667
INBDQ,Vadodara,Vadodara,IN,22.3,73.2
INBDR,Baindur,Baindur,IN,13.866,74.6333
INBED,Bedi,Bedi,IN,22.4610659,70.7503925
INBET,Betul,Betul,IN,15.1472532,73.9563266
INBEY,Beypore,Beypore,IN,11.1790668,75.8101768
INBGW,Bhagwa,Bhagwa,IN,25.4781473,72.4554348
INBHM,Bheemunipatnam,Bheemunipatnam,IN,17.8913852,83.4508737
INBHU,Bhavnagar,Bhavnagar,IN,21.76667,72.13333
INBKT,Bankot,Bankot,IN,17.9795131,73.0487112
INBLK,Belekeri,Belekeri,IN,14.7067862,74.2696028
INBLM,Bilimora,Bilimora,IN,20.7671693,72.9693451
INBLP,Belapur,Belapur,IN,19.0257331,73.0420988
INBOM,Mumbai (ex Bombay),Mumbai (ex Bombay),IN,18.96667,72.81667
INBPQ,Pratapganj,Pratapganj,IN,26.3,86.96667
INBPT,Bangarapet,Bangarapet,IN,12.98333,78.18333
INBRH,Broach,Broach,IN,21.7,72.96667
INBRU,Bharuch,Bharuch,IN,21.7,72.96667
INBSR,Bulsar,Bulsar,IN,20.6067767,72.9272881
INBTK,Bhatkal,Bhatkal,IN,13.9873619,74.5544089
INBTR,Bitra Is,Bitra Is,IN,11.55,72.15
INBUD,Budge-Budge,Budge-Budge,IN,22.4736567,88.173933
INBWN,Bhiwandi,Bhiwandi,IN,19.3025562,73.0588072
INBYT,Beyt,Beyt,IN,22.4534814,69.0954203
INCAM,Cambay,Cambay,IN,22.3166806,72.6243126
INCAP,Calingapatam,Calingapatam,IN,18.341499,84.121073
INCBL,Chandbali,Chandbali,IN,20.773228,86.7376058
INCCJ,Kozhikode (ex Calicut),Kozhikode (ex Calicut),IN,11.25,75.76667
INCCU,Kolkata (ex Calcutta),Kolkata (ex Calcutta),IN,22.56667,88.35
INCDL,Cuddalore,Cuddalore,IN,11.7426938,79.7503064
INCHR,Chapora,Chapora,IN,15.603123,73.7419044
INCOK,Kochi,Kochi,IN,9.96667,76.26667
INCOL,Colochel,Colochel,IN,8.17938,77.25818
INCRN,Cornwallis,Cornwallis,IN,28.6053043,77.2344193
INCTI,Chetlat Is,Chetlat Is,IN,11.683333,72.7
INDAH,Dahej,Dahej,IN,21.7118382,72.5898083
INDAM,Daman,Daman,IN,20.4169701,72.833173
INDHP,Dabhol Port,Dabhol Port,IN,17.586839,73.175211
INDHR,Dholera,Dholera,IN,22.2495856,72.1959892
INDHU,Dahanu,Dahanu,IN,19.9887244,72.733848
INDIG,Dighi (Pune),Dighi (Pune),IN,18.25,72.96667
INDIU,Diu,Diu,IN,20.7137783,70.9853635
INDIV,Div,Div,IN,24.2294627,93.6537051
INDMA,Dhamara,Dhamara,IN,20.8,86.9
INDMQ,Dhamra Port,Dhamra Port,IN,20.81667,86.95
INDMT,Dharamtar,Dharamtar,IN,18.7087374,73.0296141
INDRK,Dwarka (Rupen),Dwarka (Rupen),IN,22.2424747,68.9671448
INDRL,Dabolim,Dabolim,IN,15.3896948,73.8528925
INDSK,Dhanu-shkodi,Dhanu-shkodi,IN,9.177778,79.416667
INDTW,Dantiwara,Dantiwara,IN,26.2746376,73.3367443
INDWA,Dwarka,Dwarka,IN,22.2424747,68.9671448
INEKM,Ernakulam,Ernakulam,IN,9.98333,76.28333
INENR,Ennore,Ennore,IN,13.2258262,80.3243551
INERO,Erode,Erode,IN,11.35,77.73333
INGAN,Gandhar,Gandhar,IN,30.4126196,74.3770108
INGAU,Gauhati (Panidi),Gauhati (Panidi),IN,26.1805978,91.753943
INGGA,Gogha,Gogha,IN,21.6874043,72.2761717
INGGV,Gangavaram,Gangavaram,IN,17.65,83.25
INGHA,Ghogha,Ghogha,IN,21.6874043,72.2761717
INGND,Greater Nodia,Greater Nodia,IN,28.81667,77.88333
INGNO,Greater Noida,Greater Noida,IN,28.46667,77.51667
INGPR,Gopalpur,Gopalpur,IN,19.2598878,84.9051656
INGRR,Garden Reach,Garden Reach,IN,22.51667,88.3
INHAL,Haldia,Haldia,IN,22.028124,88.0632655
INHIP,Himachal Pradesh,Himachal Pradesh,IN,31.9292352,77.1828462
INHON,Honavar,Honavar,IN,14.28,74.4439
INHRN,Harnai,Harnai,IN,17.8125695,73.0924809
INHZA,Hazira Port/Surat,Hazira Port/Surat,IN,21.08333,72.61667
INICD,New Delhi,New Delhi,IN,28.6,77.2
INIXE,Mangalore,Mangalore,IN,12.8698101,74.8430082
INIXJ,Jammu,Jammu,IN,32.7,74.85
INIXM,Madurai,Madurai,IN,9.93333,78.11667
INIXY,Kandla,Kandla,IN,23.03333,70.21667
INIXZ,Port Blair,Port Blair,IN,11.6645348,92.7390448
INJAK,Jakhau,Jakhau,IN,23.2197985,68.7142064
INJBD,Jafarabad,Jafarabad,IN,20.85,71.36667
INJDA,Jodia,Jodia,IN,22.7,70.3
INJDG,Jodhpur,Jodhpur,IN,23.0169268,72.5204317
INJGD,Jaigad,Jaigad,IN,17.2950841,73.2211207
INJTP,Jaitapur,Jaitapur,IN,21.0794147,77.7091927
INKAK,Kakinada,Kakinada,IN,16.9437385,82.2350607
INKAL,Kallai,Kallai,IN,11.235104,75.7886846
INKAR,Karur,Karur,IN,10.95,78.08333
INKAT,Kattupalli,Kattupalli,IN,13.3,80.35
INKBT,Khambhat,Khambhat,IN,22.3166806,72.6243126
INKDI,Kadmat Is,Kadmat Is,IN,11.23,72.78
INKHO,Khodiyar,Khodiyar,IN,22.1561295,69.3302021
INKIW,Kelwa,Kelwa,IN,22.1946022,76.2385973
INKKM,Kanyakumari,Kanyakumari,IN,8.079252,77.5499338
INKLY,Kalyan,Kalyan,IN,19.2396742,73.1366482
INKOD,Kodinar,Kodinar,IN,20.795759,70.7045453
INKOK,Koka,Koka,IN,21.2000155,79.7901185
INKPI,Kalpeni Island,Kalpeni Island,IN,10.06667,73.63333
INKRI,Krishnapatnam,Krishnapatnam,IN,14.2885036,80.123056
INKRK,Karaikal,Karaikal,IN,10.91571,79.8375761
INKRN,Karanja,Karanja,IN,20.4820707,77.489234
INKRP,Kiranpani,Kiranpani,IN,15.7224832,73.7212979
INKRW,Karwar,Karwar,IN,14.812189,74.1323413
INKSH,Kelshi,Kelshi,IN,17.921115,73.0632459
INKTD,Kotda,Kotda,IN,23.1248137,69.7475128
INKTI,Kiltan Is,Kiltan Is,IN,11.483333,73
INKTK,Toranagallu,Toranagallu,IN,15.2,76.68333
INKTP,Kattupalli Port,Kattupalli Port,IN,13.3,80.38333
INKVI,Kavi,Kavi,IN,22.1999197,72.6354288
INKVL,Kovalam,Kovalam,IN,8.3902593,76.9785152
INLNG,Lapanga,Lapanga,IN,23.6332648,85.3769913
INMAA,Chennai (ex Madras),Chennai (ex Madras),IN,13.08333,80.28333
INMAC,Machilipatnam,Machilipatnam,IN,16.18333,81.13333
INMAH,Mahe,Mahe,IN,11.7,75.53333
INMAL,Malpe,Malpe,IN,13.3507423,74.7036914
INMAP,Masulipatnam,Masulipatnam,IN,16.18333,81.13333
INMCI,Minicoi I,Minicoi I,IN,8.275,73.052778
INMDA,Magdalla,Magdalla,IN,21.08,72.65
INMDK,Mul Dwårka,Mul Dwårka,IN,20.75,70.66667
INMDP,Mandapam,Mandapam,IN,9.282701,79.1526713
INMDV,Måndvi,Måndvi,IN,22.83333,69.36667
INMDW,Meadows,Meadows,IN,9.9519383,76.4001859
INMGR,Mangrol,Mangrol,IN,21.1241507,70.1199203
INMHA,Mahuva,Mahuva,IN,21.0914409,71.7621979
INMLI,Maroli,Maroli,IN,21.0211962,72.8873604
INMLP,Mallipuram,Mallipuram,IN,17.656505,81.0529328
INMLW,Malwan,Malwan,IN,22.7623795,74.517774
INMNR,Manori,Manori,IN,19.2067919,72.7850095
INMNW,Mandwa,Mandwa,IN,20.4171192,76.6167265
INMOB,Morbi,Morbi,IN,22.81667,70.83333
INMRA,Mora,Mora,IN,20.3145661,75.6035971
INMRI,Mithivirdi,Mithivirdi,IN,21.46667,72.23333
INMRK,Malappuram,Malappuram,IN,11.0428925,76.0807838
INMRM,Marmugao (Marmagao),Marmugao (Marmagao),IN,15.4,73.78333
INMUG,Munger,Munger,IN,25.38333,86.46667
INMUN,Mundra,Mundra,IN,22.8393153,69.7249477
INMUR,Murad,Murad,IN,28.2284258,77.6056194
INMYB,Mayabandar,Mayabandar,IN,12.9333,92.9333
INNAN,Nancowrie,Nancowrie,IN,8.113056,93.5025
INNAV,Navlakhi,Navlakhi,IN,22.9602577,70.4454216
INNDG,Nandgaon,Nandgaon,IN,19.912473,79.7317529
INNEE,Nindakara,Nindakara,IN,8.93333,76.53333
INNEL,Nellore,Nellore,IN,14.4493717,79.9873763
INNGC,Nagercoil,Nagercoil,IN,8.16667,77.43333
INNHV,Nhave,Nhave,IN,20.5372374,75.0526929
INNML,New Mangalore,New Mangalore,IN,12.9298239,74.8224536
INNPT,Nagappattinam,Nagappattinam,IN,10.78333,79.81667
INNSA,Nhava Sheva (Jawaharlal Nehru),Nhava Sheva (Jawaharlal Nehru),IN,18.9450306,72.949423
INNTU,New Tuticorin,New Tuticorin,IN,8.75,78.21667
INOKH,Okha,Okha,IN,22.4708783,69.0751355
INONJ,Onjal,Onjal,IN,20.8416967,72.846543
INORS,Orissa,Orissa,IN,20.5431241,84.6897321
INPAN,Panaji Port,Panaji Port,IN,15.5,73.816667
INPAV,Pipavav (Victor) Port,Pipavav (Victor) Port,IN,20.96667,71.55
INPBD,Porbandar,Porbandar,IN,21.6409,69.611
INPDD,Padubidri,Padubidri,IN,13.1412169,74.7707857
INPER,Perundurai,Perundurai,IN,11.2764669,77.5836267
INPIN,Pindhara,Pindhara,IN,22.24413,69.256088
INPMB,Pamban,Pamban,IN,9.2820256,79.2126824
INPNJ,Panjim,Panjim,IN,15.4989946,73.8282141
INPNN,Ponnani,Ponnani,IN,10.7800691,75.9189338
INPNY,Pondicherry,Pondicherry,IN,11.91667,79.81667
INPPT,Paradip Port,Paradip Port,IN,20.25,86.58333
INPPV,Port Pipavav,Port Pipavav,IN,20.93333,71.51667
INPRN,Portonovo,Portonovo,IN,11.49,79.76
INPRT,Paradip Garh,Paradip Garh,IN,20.31667,86.61667
INPSH,Palshet,Palshet,IN,17.4388814,73.2068178
INPST,Positra,Positra,IN,22.4,69.16667
INPUL,Pulicat,Pulicat,IN,13.4176606,80.3166702
INPUR,Puri,Puri,IN,19.8076083,85.8252538
INQUI,Quilon,Quilon,IN,8.8870533,76.5906696
INRAM,Rameshwaram,Rameshwaram,IN,9.2844657,79.3125553
INRED,Redi,Redi,IN,15.7466999,73.6613557
INRJP,Rajpara/Navabunder,Rajpara/Navabunder,IN,22.3617736,69.1083801
INRJR,Rajpuri,Rajpuri,IN,31.0827735,77.740159
INRKG,Rajakkamangalam,Rajakkamangalam,IN,8.1621292,77.3741907
INROZ,Rozi,Rozi,IN,22.56667,70.03333
INRRI,Raili,Raili,IN,23.2287014,80.8902728
INRTC,Ratnagiri,Ratnagiri,IN,16.9933521,73.2954371
INRVD,Revdanda,Revdanda,IN,18.55,72.933333
INSAD,Sanathnagar,Sanathnagar,IN,17.483333,78.416667
INSAL,Salaya,Salaya,IN,22.311004,69.6025978
INSAM,Samalkot,Samalkot,IN,17.05,82.18333
INSHI,Shirola,Shirola,IN,16.3940094,75.2648468
INSIK,Sika,Sika,IN,22.43333,69.83333
INSIL,Siliguri,Siliguri,IN,26.71667,88.41667
INSIM,Sima/Navabunder,Sima/Navabunder,IN,23.1879878,69.5864582
INSKK,Sikkim,Sikkim,IN,27.6016108,88.4550204
INSMR,Simor,Simor,IN,23.0970381,72.6855516
INSTP,Satpati,Satpati,IN,19.8419665,78.6411881
INSTV,Surat,Surat,IN,21.16667,72.83333
INSWA,Sahnewal,Sahnewal,IN,30.85,75.95
INSWD,Shriwardhan,Shriwardhan,IN,18.0333,73.0167
INTAD,Tadri,Tadri,IN,14.51667,74.35
INTEL,Tellicherry,Tellicherry,IN,11.75,75.49
INTHL,Thal,Thal,IN,18.696145,72.8566717
INTHN,Thane,Thane,IN,19.2,72.96667
INTJA,Talaja,Talaja,IN,21.3538931,72.0338421
INTKS,Tenkasi,Tenkasi,IN,8.9567514,77.3121442
INTMP,Trombay,Trombay,IN,18.9999049,72.8991257
INTNA,Thana,Thana,IN,19.1943294,72.9701779
INTND,Tondi,Tondi,IN,24.2630262,76.9812012
INTPH,Thopputhurai,Thopputhurai,IN,10.4,79.848611
INTPN,Talpona,Talpona,IN,14.9819421,74.0409706
INTRA,Tranquebar,Tranquebar,IN,11.029929,79.852196
INTRP,Tarapur,Tarapur,IN,20.8110875,77.0132205
INTRV,Thiruvananthapuram (ex Trivandrum),Thiruvananthapuram (ex Trivandrum),IN,8.48333,76.91667
INTUN,Tuna,Tuna,IN,22.9862047,70.08177
INTUT,Tuticorin,Tuticorin,IN,8.78333,78.13333
INTYR,Tirukkadayyur,Tirukkadayyur,IN,11.0742,79.8086
INULW,Ulwa,Ulwa,IN,31.4029621,77.4093568
INUMB,Umbergoan,Umbergoan,IN,20.2,72.85
INURA,Uran,Uran,IN,18.88333,72.93333
INUTN,Uttan,Uttan,IN,19.281611,72.7852607
INVAD,Vadinar,Vadinar,IN,22.394301,69.7184971
INVEN,Vengurla,Vengurla,IN,15.8619866,73.6321565
INVEP,Veppalodai,Veppalodai,IN,8.9687278,78.1802149
INVIG,Vizagapatanam,Vizagapatanam,IN,17.7,83.3
INVKM,Valinokkam,Valinokkam,IN,9.1646286,78.6451643
INVRU,Vadarevu,Vadarevu,IN,15.7959057,80.4112726
INVSV,Varsova,Varsova,IN,19.2845313,72.8995566
INVTZ,Visakhapatnam,Visakhapatnam,IN,17.7,83.3
INVVA,Veraval,Veraval,IN,20.9101099,70.365279
INVYD,Vijaydurg,Vijaydurg,IN,16.5508096,73.3365435
INVZJ,Vazhinjam,Vazhinjam,IN,8.38333,77
INWAD,Wada,Wada,IN,19.6546721,73.1480455
INZUM,Tumkur,Tumkur,IN,16.5,77.08333
IQALF,Abu Al Fulus,Abu Al Fulus,IQ,30.457644,48.022742
IQASD,Al Asad,Al Asad,IQ,33.78333,42.43333
IQBGW,Baghdåd,Baghdåd,IQ,33.33333,44.38333
IQBSR,Basra,Basra,IQ,30.4952371,47.8090981
IQFAO,Fao,Fao,IQ,29.9743957,48.471826
IQHIL,Al Hillah,Al Hillah,IQ,32.48333,44.43333
IQIKD,Iskandariyha,Iskandariyha,IQ,32.9,44.35
IQKAR,Karbala,Karbala,IQ,32.5984057,44.0157931
IQKAZ,Khor al Zubair,Khor al Zubair,IQ,30.234714,47.7747539
IQKHA,Khor Al Amaya,Khor Al Amaya,IQ,29.783673,48.806959
IQKIK,Kirkuk,Kirkuk,IQ,35.4719308,44.3953896
IQMAB,Basrah Oil Terminal,Basrah Oil Terminal,IQ,29.75,48.83333
IQMAN,Mandali,Mandali,IQ,33.7464993,45.5522421
IQNJF,Najaf,Najaf,IQ,31.98333,44.3
IQNSR,Nasiriyah,Nasiriyah,IQ,31.05,46.25
IQOSM,Mosul (Ak Mawsil),Mosul (Ak Mawsil),IQ,36.343694,43.0997156
IQSAM,Samarra',Samarra',IQ,34.2,43.86667
IQTJI,Taji,Taji,IQ,33.51667,44.26667
IQTQD,Al Taqaddum,Al Taqaddum,IQ,33.33333,43.58333
IQUQR,Umm Qasr Port,Umm Qasr Port,IQ,30.03333,47.93333
IQZAO,Zakho,Zakho,IQ,37.13333,42.7
IRABD,Abadan,Abadan,IR,30.3636097,48.2591475
IRAMD,Bandar Amirabad,Bandar Amirabad,IR,36.78333,53.35
IRAMP,Amir Abad Pt,Amir Abad Pt,IR,36.08333,52.36667
IRASA,Asaluyeh,Asaluyeh,IR,27.46667,52.6
IRAZD,Yazd,Yazd,IR,31.9052223,54.3701235
IRBAM,Amirabad,Amirabad,IR,36.85,53.365
IRBAZ,Bandar-e Anzali,Bandar-e Anzali,IR,37.46667,49.46667
IRBIK,Imam Khomeini Pt/ Mahshahr City,Imam Khomeini Pt/ Mahshahr City,IR,30.41667,49.06667
IRBKK,Bandar-e Emam Khomeyni,Bandar-e Emam Khomeyni,IR,30.5502699,49.0565038
IRBKM,Bandar Khomeini,Bandar Khomeini,IR,30.43333,49.1
IRBMR,Bandar Mashur,Bandar Mashur,IR,30.55,49.18333
IRBND,Bandar Abbas,Bandar Abbas,IR,27.18333,56.26667
IRBPA,Bandare Parsian,Bandare Parsian,IR,27.16667,52.9
IRBRG,Bandar-e Gaz,Bandar-e Gaz,IR,36.78333,53.95
IRBSR,Bandar Shahid Rajaee,Bandar Shahid Rajaee,IR,27.1131923,56.0543413
IRBUZ,Bushehr,Bushehr,IR,28.96667,50.83333
IRCYT,Soroosh (Cyrus) Terminal,Soroosh (Cyrus) Terminal,IR,29.03333,49.46667
IRDAY,Dayyer,Dayyer,IR,27.83333,51.93333
IRFKR,Freidoon Kenar,Freidoon Kenar,IR,36.7,52.55
IRIFN,Isfahan,Isfahan,IR,32.6707877,51.6650002
IRIMH,Imam Hasan,Imam Hasan,IR,34.364856,45.728855
IRKAS,Kashan,Kashan,IR,33.9876533,51.4428856
IRKAV,Kuvei,Kuvei,IR,26.95,56
IRKHK,Khark Island,Khark Island,IR,29.2405943,50.3117293
IRKHO,Khorramshahr,Khorramshahr,IR,30.4748457,48.2428548
IRKSH,Kermanshah (Bakhtaran),Kermanshah (Bakhtaran),IR,34.3,47.05
IRLVP,Lavan,Lavan,IR,26.8184202,53.2714828
IRMRX,Bandar-e Måh Shahr,Bandar-e Måh Shahr,IR,30.53333,49.16667
IRNEK,Bandar Neka,Bandar Neka,IR,36.86667,53.53333
IRNKA,Neka,Neka,IR,36.6511824,53.2965182
IRNSH,Now Shahr,Now Shahr,IR,38.088333,48.420833
IRSBR,Shahid Bahonar,Shahid Bahonar,IR,32.9911842,47.7603903
IRSIX,Sari,Sari,IR,36.5537458,53.0602761
IRSRA,Sarooj Anchorage,Sarooj Anchorage,IR,27.73333,52.15
IRSRP,Shahid Rajaee Pt/Bandar Abbas,Shahid Rajaee Pt/Bandar Abbas,IR,27.11667,56.06667
IRSXI,Sirri Island,Sirri Island,IR,25.9127978,54.524911
IRSYZ,Shiraz,Shiraz,IR,29.6060218,52.5378041
IRTBZ,Tabriz,Tabriz,IR,38.0738612,46.2978789
IRTMB,Tombak,Tombak,IR,27.5554677,51.9982193
IRZBR,Chah Bahar,Chah Bahar,IR,25.3025,60.600833
ISAKR,Akranes,Akranes,IS,64.3170806,-22.0833512
ISAKU,Akureyri,Akureyri,IS,65.6839036,-18.1121756
ISASS,Arskogssandur,Arskogssandur,IS,65.93333,-18.36667
ISBAK,Bakkafjördur,Bakkafjördur,IS,66.03333,-14.8
ISBGJ,Borgarfjørdur eystri,Borgarfjørdur eystri,IS,65.5269612,-13.8161009
ISBIL,Bildudalur - høfn,Bildudalur - høfn,IS,65.683055,-23.630556
ISBLO,Blonduos,Blonduos,IS,65.6601344,-20.280998
ISBOI,Bordeyri,Bordeyri,IS,65.2074843,-21.0987679
ISBOL,Bolungarvik,Bolungarvik,IS,66.13333,-23.25
ISBOR,Borgarnes,Borgarnes,IS,64.5383337,-21.920208
ISBRE,Breiddalsvik,Breiddalsvik,IS,64.792906,-14.0063726
ISBRJ,Brjánslækur,Brjánslækur,IS,65.53333,-23.2
ISBUD,Budardalur,Budardalur,IS,65.11667,-21.76667
ISDAL,Dalvík,Dalvík,IS,65.96667,-18.53333
ISDJU,Djúpivogur,Djúpivogur,IS,64.65,-14.28333
ISDPV,Djupavik,Djupavik,IS,66.1033528,-23.1055168
ISDRA,Drangsnes,Drangsnes,IS,65.6886335,-21.4429421
ISESK,Eskifjørdur - høfn,Eskifjørdur - høfn,IS,65.072639,-14.01667
ISFAS,Faskrudsfjørdur,Faskrudsfjørdur,IS,64.9299691,-14.0084454
ISFEY,Flatey,Flatey,IS,65.36667,-22.93333
ISFLA,Flateyri,Flateyri,IS,66.0488058,-23.5129609
ISGRB,Gardabaer,Gardabaer,IS,64.0880255,-21.9193961
ISGRD,Gardur,Gardur,IS,64.07035,-22.6512093
ISGRE,Grenivík,Grenivík,IS,65.95,-18.18333
ISGRF,Grundarfjørdur,Grundarfjørdur,IS,64.9250284,-23.2592976
ISGRI,Grindavík,Grindavík,IS,63.83333,-22.43333
ISGRT,Grundartangi,Grundartangi,IS,64.3601585,-21.7841266
ISGUF,Gufunes/Reykjavik,Gufunes/Reykjavik,IS,64.1526247,-21.8162035
ISHAF,Hafnarfjørdur,Hafnarfjørdur,IS,64.0695354,-21.9575664
ISHEL,Helguvik,Helguvik,IS,64.03333,-22.55
ISHFN,"Höfn, Hornafjørdur","Höfn, Hornafjørdur",IS,64.25,-15.21667
ISHJA,Hjalteyri,Hjalteyri,IS,65.849561,-18.1989082
ISHNR,Hafnir,Hafnir,IS,63.91667,-22.68333
ISHOF,Hofsós,Hofsós,IS,65.9,-19.43333
ISHRI,Hrisey,Hrisey,IS,65.9796723,-18.3772049
ISHUS,Husavik - høfn,Husavik - høfn,IS,66.043889,-17.341667
ISHVM,Hvammstangi,Hvammstangi,IS,65.3969593,-20.9440293
ISISA,Isafjørdur - høfn,Isafjørdur - høfn,IS,66.4250295,-22.4896629
ISKEV,Keflavikurkaupstadur,Keflavikurkaupstadur,IS,64.001143,-22.553322
ISKJF,Skerjafjördur,Skerjafjördur,IS,64.1292051,-21.9527389
ISKOP,Kopasker - høfn,Kopasker - høfn,IS,66.3,-16.45
ISKOV,Kópavogur,Kópavogur,IS,64.1,-21.91667
ISLAN,Landeyjahöfn,Landeyjahöfn,IS,63.53007,-20.115985
ISLSA,Litli Sandur,Litli Sandur,IS,64.4,-21.45
ISMJH,Mjoeyrarhofn,Mjoeyrarhofn,IS,64.91667,-13.95
ISMJO,Mjofjördur,Mjofjördur,IS,65.2037,-13.7955
ISMOS,Mosfellsbaer,Mosfellsbaer,IS,64.16667,-21.71667
ISNES,Neskaupstadur,Neskaupstadur,IS,65.1487219,-13.6888688
ISNJA,Njardvik,Njardvik,IS,63.9733089,-22.5426892
ISNOU,Nordurfjördur,Nordurfjördur,IS,66.0511816,-21.5481068
ISOLF,Olafsfjørdur,Olafsfjørdur,IS,66.0719629,-18.6480037
ISOLV,Olafsvík,Olafsvík,IS,64.88333,-23.71667
ISOSP,Ospakseyri,Ospakseyri,IS,65.45,-21.43333
ISPAT,Patreksfjørdur - høfn,Patreksfjørdur - høfn,IS,65.59783,-23.99596
ISRAU,Raufarhöfn,Raufarhöfn,IS,66.45,-15.95
ISREY,Reykjavík,Reykjavík,IS,64.15,-21.95
ISRFJ,Reydarfjørdur,Reydarfjørdur,IS,65.0340671,-14.2084678
ISRHA,Reykhólar,Reykhólar,IS,65.45,-22.2
ISSAN,Sandgerdi,Sandgerdi,IS,64.0388116,-22.7059293
ISSAU,Saudarkrokur - høfn,Saudarkrokur - høfn,IS,65.746111,-19.639444
ISSEY,Seydisfjørdur,Seydisfjørdur,IS,65.2598475,-14.0049009
ISSIG,Siglufjørdur - høfn,Siglufjørdur - høfn,IS,66.151945,-18.908056
ISSKA,Skagaströnd,Skagaströnd,IS,65.83333,-20.31667
ISSTD,Stodhvarfjørdur,Stodhvarfjørdur,IS,64.82982,-13.89752
ISSTR,Straumsvik,Straumsvik,IS,64.0454725,-22.0308739
ISSTY,Stykkisholmur - høfn,Stykkisholmur - høfn,IS,64.9733,-22.8097
ISSUD,Sudureyri/Sugandafjord,Sudureyri/Sugandafjord,IS,66.1295693,-23.52678
ISSUV,Sudavik,Sudavik,IS,66.0260071,-22.9914923
ISSVA,Svalbardseyri,Svalbardseyri,IS,65.7458544,-18.082973
ISTAL,Talknafjørdur/Sveinseyri,Talknafjørdur/Sveinseyri,IS,65.6274231,-23.8249036
ISTEY,Thingeyri,Thingeyri,IS,65.8791205,-23.4924457
ISTHH,Thorlakshofn,Thorlakshofn,IS,63.8561592,-21.3866276
ISTHO,Thorshofn,Thorshofn,IS,66.1981395,-15.3359357
ISVES,Vestmannaeyjar - høfn,Vestmannaeyjar - høfn,IS,63.387989,-20.3419
ISVOG,Vogar,Vogar,IS,63.98333,-22.38333
ISVPN,Vopnafjördur,Vopnafjördur,IS,65.75,-14.83333
ITAAS,Marina di Davoli,Marina di Davoli,IT,38.66667,16.55
ITACL,Aci Castello,Aci Castello,IT,37.55,15.13333
ITACT,Aci Trezza,Aci Trezza,IT,37.56667,15.16667
ITADA,Andora,Andora,IT,43.95,8.15
ITAEL,Castel Volturno,Castel Volturno,IT,41.034313,13.9408351
ITAGP,Agropoli,Agropoli,IT,40.35,14.98333
ITAHO,Alghero,Alghero,IT,40.55,8.31667
ITALI,Alicudi,Alicudi,IT,38.5427014,14.351899
ITALS,Alassio,Alassio,IT,44,8.16667
ITAMA,Amalfi,Amalfi,IT,40.63333,14.6
ITAMN,Santa Maria Navarrese,Santa Maria Navarrese,IT,39.98333,9.68333
ITAMT,Amantea,Amantea,IT,39.13333,16.06667
ITANZ,Anzio,Anzio,IT,41.45,12.61667
ITAOA,Paola,Paola,IT,39.35,16.03333
ITAOI,Ancona,Ancona,IT,43.63333,13.5
ITAOL,Acciaroli,Acciaroli,IT,40.18333,15.01667
ITAOR,Caorle,Caorle,IT,45.6,12.88333
ITATA,Arma di Taggia,Arma di Taggia,IT,43.81667,7.85
ITATI,Castiglioncello,Castiglioncello,IT,43.4,10.4
ITATX,Arbatax,Arbatax,IT,39.93333,9.7
ITAUG,Augusta,Augusta,IT,37.21667,15.21667
ITAVO,Avola,Avola,IT,36.9,15.13333
ITAZA,Arenzano,Arenzano,IT,44.4,8.68333
ITB8D,Bardello,Bardello,IT,45.83333,8.7
ITBAI,Baia,Baia,IT,40.81667,14.06667
ITBCB,Bagnara Calabra,Bagnara Calabra,IT,38.28333,15.8
ITBCE,Bisceglie,Bisceglie,IT,41.23333,16.5
ITBDS,Brindisi,Brindisi,IT,40.63333,17.93333
ITBGH,Bordighera,Bordighera,IT,43.76667,7.66667
ITBLA,Bellaria,Bellaria,IT,44.15,12.46667
ITBLN,Bagnoli,Bagnoli,IT,40.8,14.16667
ITBLT,Barletta,Barletta,IT,41.31667,16.28333
ITBMA,Bovalino Marina,Bovalino Marina,IT,38.15,16.16667
ITBMT,Belvedere Marittimo,Belvedere Marittimo,IT,39.61667,15.85
ITBNC,Bianco,Bianco,IT,38.08333,16.15
ITBOA,Bosa,Bosa,IT,40.3,8.5
ITBRI,Bari,Bari,IT,41.13333,16.85
ITBVM,Bova Marina,Bova Marina,IT,37.93333,15.91667
ITCAG,Cagliari,Cagliari,IT,39.21667,9.11667
ITCAS,Castellammare di Stabia,Castellammare di Stabia,IT,40.7,14.48333
ITCCB,Cape Carbonara,Cape Carbonara,IT,39.1,9.51667
ITCCL,Cattolica,Cattolica,IT,43.96667,12.73333
ITCCQ,Cetraro,Cetraro,IT,39.51667,15.93333
ITCEC,Cecina,Cecina,IT,43.31667,10.51667
ITCEQ,Castiglione della Pescaia,Castiglione della Pescaia,IT,42.76667,10.88333
ITCEV,Cervia,Cervia,IT,44.26667,12.36667
ITCFU,Cefalù,Cefalù,IT,38.03333,14.01667
ITCGC,Corigliano Calabro,Corigliano Calabro,IT,39.6,16.51667
ITCHI,Chioggia,Chioggia,IT,45.23333,12.28333
ITCHX,Chiavari,Chiavari,IT,44.31667,9.31667
ITCLF,Carloforte,Carloforte,IT,39.15,8.3
ITCLS,Calasetta,Calasetta,IT,39.05,8.36667
ITCML,Casamicciola Terme,Casamicciola Terme,IT,40.75,13.88333
ITCNT,Cesenatico,Cesenatico,IT,44.2,12.41667
ITCOQ,Capo d'Orlando,Capo d'Orlando,IT,38.16667,14.75
ITCPA,Capraia,Capraia,IT,43.05,9.83333
ITCPM,Cupra Marittima,Cupra Marittima,IT,43.01667,13.85
ITCPN,Copanello,Copanello,IT,38.76667,16.55
ITCRQ,Castro Marina,Castro Marina,IT,39.98333,18.4
ITCRT,Cariati,Cariati,IT,39.5,16.95
ITCRV,Crotone,Crotone,IT,39.08333,17.13333
ITCTA,Catania,Catania,IT,37.5,15.1
ITCTK,Castelsardo,Castelsardo,IT,40.91667,8.71667
ITCTR,Castellammare del Golfo,Castellammare del Golfo,IT,38.01667,12.88333
ITCVV,Civitavecchia,Civitavecchia,IT,42.1,11.8
ITCVX,Cavo,Cavo,IT,42.85,10.41667
ITDIA,Diamante,Diamante,IT,39.68333,15.81667
ITDNO,Duino,Duino,IT,45.76667,13.58333
ITFAL,Falconara,Falconara,IT,43.6296,13.3968
ITFAO,Fano,Fano,IT,43.83333,13.01667
ITFAV,Favignana,Favignana,IT,37.93333,12.33333
ITFCO,Fiumicino Apt/Roma,Fiumicino Apt/Roma,IT,41.76667,12.23333
ITFCV,Foce Varano,Foce Varano,IT,41.91667,15.8
ITFGE,Fregene,Fregene,IT,41.85,12.2
ITFME,Francavilla al Mare,Francavilla al Mare,IT,42.41667,14.28333
ITFNL,Finale Ligure,Finale Ligure,IT,44.16667,8.33333
ITFOL,Follonica,Follonica,IT,42.91667,10.75
ITFOM,Formia,Formia,IT,41.25,13.61667
ITFOR,Isolotto Formica,Isolotto Formica,IT,37.98333,12.41667
ITFPO,Filicudi Porto,Filicudi Porto,IT,38.5605423,14.5817887
ITFRD,Forio,Forio,IT,40.73333,13.85
ITFSA,Fusina,Fusina,IT,45.41667,12.23333
ITGAE,Gaeta,Gaeta,IT,41.2,13.58333
ITGAI,Golfo Aranci,Golfo Aranci,IT,41,9.61667
ITGAL,Gallipoli,Gallipoli,IT,40.05,17.98333
ITGEA,Gela,Gela,IT,37.06667,14.25
ITGIA,Giardini Naxos,Giardini Naxos,IT,37.81667,15.26667
ITGII,Giannutri,Giannutri,IT,42.254379,11.1026126
ITGIT,Gioia Tauro,Gioia Tauro,IT,38.41667,15.9
ITGLJ,Camogli,Camogli,IT,44.35,9.15
ITGMA,Gabicce Mare,Gabicce Mare,IT,43.96667,12.76667
ITGOA,Genova,Genova,IT,44.41667,8.95
ITGOO,Goro,Goro,IT,44.85,12.3
ITGOR,Gorgona,Gorgona,IT,43.4315324,9.9063902
ITGRD,Grado,Grado,IT,45.68333,13.38333
ITGSV,Rosignano Solvay,Rosignano Solvay,IT,43.38333,10.43333
ITGUI,Giulianova,Giulianova,IT,42.75,13.96667
ITGVZ,Giovinazzo,Giovinazzo,IT,41.18333,16.66667
ITGZS,Anguillara Sabazia,Anguillara Sabazia,IT,42.08333,12.26667
ITICA,Torvaianica,Torvaianica,IT,41.63333,12.46667
ITIDF,Isola delle Femmine,Isola delle Femmine,IT,38.2,13.25
ITIDG,Isola del Giglio,Isola del Giglio,IT,42.36667,10.9
ITIMP,Imperia,Imperia,IT,43.88333,8.05
ITIOA,Civitanova Marche,Civitanova Marche,IT,43.3,13.73333
ITIOI,Maiori,Maiori,IT,40.65,14.63333
ITISB,Pier Isab,Pier Isab,IT,37.11667,15.25
ITISH,Ischia,Ischia,IT,40.73333,13.95
ITISN,Isola Asinara,Isola Asinara,IT,41.05,8.26667
ITISS,Isola Santo Stefano,Isola Santo Stefano,IT,41.1972221,9.4105951
ITITI,Sistiana,Sistiana,IT,45.75,13.63333
ITJLO,Iesolo,Iesolo,IT,45.53333,12.65
ITLAD,Ladispoli,Ladispoli,IT,41.93333,12.08333
ITLAE,Lacco Ameno,Lacco Ameno,IT,40.75,13.9
ITLAW,Lavagna,Lavagna,IT,44.3,9.33333
ITLEA,Scalea,Scalea,IT,39.81667,15.78333
ITLEC,Leuca,Leuca,IT,39.8,18.35
ITLEN,Levanto,Levanto,IT,44.16667,9.63333
ITLER,Lerici,Lerici,IT,44.06667,9.91667
ITLES,Lesina,Lesina,IT,41.86667,15.35
ITLEV,Levanzo,Levanzo,IT,37.98333,12.33333
ITLIC,Licata,Licata,IT,37.1,13.93333
ITLIP,Lipari,Lipari,IT,38.45,14.95
ITLIU,Linosa,Linosa,IT,35.85944,12.8632659
ITLIV,Livorno,Livorno,IT,43.55,10.31667
ITLLT,Savelletri,Savelletri,IT,40.86667,17.41667
ITLMP,Lampedusa,Lampedusa,IT,35.5,12.6
ITLOA,Loano,Loano,IT,44.13333,8.25
ITLSD,Lignano Sabbiadoro,Lignano Sabbiadoro,IT,45.7,13.15
ITM2R,Marina di Ragusa,Marina di Ragusa,IT,36.78333,14.55
ITMAH,Marina di Ginosa,Marina di Ginosa,IT,40.41667,16.88333
ITMAJ,Marano Lagunare,Marano Lagunare,IT,45.76667,13.16667
ITMAM,Marciana Marina,Marciana Marina,IT,42.8,10.2
ITMAZ,Mazara del Vallo,Mazara del Vallo,IT,37.65,12.58333
ITMDA,La Maddalena,La Maddalena,IT,41.21667,9.4
ITMDC,Marina di Carrara,Marina di Carrara,IT,44.0376696,10.0455044
ITMDW,Margherita di Savoia,Margherita di Savoia,IT,41.36667,16.15
ITMFR,Manfredonia,Manfredonia,IT,41.63333,15.91667
ITMGE,Marina Grande,Marina Grande,IT,40.55,14.25
ITMIM,Mili Marina,Mili Marina,IT,38.11667,15.51667
ITMIS,Misano Adriatico,Misano Adriatico,IT,43.96667,12.7
ITMIT,Marina di Camerota,Marina di Camerota,IT,40,15.36667
ITMLB,Marina della Lobra,Marina della Lobra,IT,40.6,14.33333
ITMLS,Montalto di Castro,Montalto di Castro,IT,42.35,11.61667
ITMLU,Massa Lubrense,Massa Lubrense,IT,40.6,14.33333
ITMLZ,Milazzo,Milazzo,IT,38.2208049,15.2415129
ITMMO,Marettimo,Marettimo,IT,37.9683832,12.0737919
ITMND,"Mondello, Palermo","Mondello, Palermo",IT,38.2,13.33333
ITMNF,Monfalcone,Monfalcone,IT,45.8049454,13.5330592
ITMNP,Monopoli,Monopoli,IT,40.9522369,17.299948
ITMNU,Marinella di Selinunte,Marinella di Selinunte,IT,37.58333,12.78333
ITMOL,Molfetta,Molfetta,IT,41.1992456,16.5968279
ITMPA,Marina di Pisa,Marina di Pisa,IT,43.66667,10.26667
ITMPS,Melito di Porto Salvo,Melito di Porto Salvo,IT,37.91667,15.78333
ITMRA,Marsala,Marsala,IT,37.8,12.43333
ITMRM,Cirò Marina,Cirò Marina,IT,39.36667,17.13333
ITMRP,Marina di Campo,Marina di Campo,IT,42.73333,10.23333
ITMSB,Marina di Pisciotta,Marina di Pisciotta,IT,40.1,15.23333
ITMSD,Marina di Grosseto,Marina di Grosseto,IT,42.71667,10.98333
ITMSN,Messina,Messina,IT,38.1937571,15.5542082
ITMTH,Meta,Meta,IT,40.65,14.4
ITNAP,Napoli,Napoli,IT,40.83333,14.25
ITNCT,San Cataldo,San Cataldo,IT,40.38333,18.3
ITNGA,Sperlonga,Sperlonga,IT,41.25,13.43333
ITNIG,Cannigione,Cannigione,IT,41.1078223,9.4397872
ITNLI,Noli,Noli,IT,44.2,8.43333
ITNNE,Cala Gonone,Cala Gonone,IT,40.3,9.63333
ITNSR,Nova Siri,Nova Siri,IT,40.15,16.53333
ITNTA,Sant'Antioco,Sant'Antioco,IT,39.06667,8.45
ITNTE,Sestri Levante,Sestri Levante,IT,44.26667,9.4
ITNTT,Nettuno,Nettuno,IT,41.46667,12.68333
ITNUM,Numana,Numana,IT,43.51667,13.61667
ITOBT,Orbetello,Orbetello,IT,42.45,11.21667
ITODB,Mola di Bari,Mola di Bari,IT,41.06667,17.08333
ITODG,Mondragone,Mondragone,IT,41.11667,13.88333
ITOGN,Ognina,Ognina,IT,36.98333,15.25
ITOLB,Olbia,Olbia,IT,40.91667,9.51667
ITONE,Oneglia,Oneglia,IT,43.8890575,8.0404426
ITORL,Porticello,Porticello,IT,38.08333,13.53333
ITOTN,Ortona,Ortona,IT,42.349643,14.403913
ITOTO,Otranto,Otranto,IT,40.1456661,18.490757
ITOZI,Pozzillo,Pozzillo,IT,37.65,15.18333
ITPAN,Panarea,Panarea,IT,38.6360134,15.0672476
ITPAU,Palau,Palau,IT,41.1810758,9.3820424
ITPAZ,Porto Azzurro,Porto Azzurro,IT,42.7768848,10.3898682
ITPCE,Porto Cervo,Porto Cervo,IT,41.1318983,9.5353646
ITPCH,Peschici,Peschici,IT,41.9469256,16.0147884
ITPCN,Porto Conte Torre Nuova,Porto Conte Torre Nuova,IT,40.6,8.2
ITPDI,Porto d'Ischia,Porto d'Ischia,IT,40.7454893,13.9404376
ITPED,Pedaso,Pedaso,IT,43.1,13.83333
ITPEM,Porto Empedocle,Porto Empedocle,IT,37.2883127,13.52755
ITPES,Pesaro,Pesaro,IT,43.9,12.91667
ITPFE,Portoferraio,Portoferraio,IT,42.7978119,10.2992572
ITPFX,Sarroch (Porto Foxi),Sarroch (Porto Foxi),IT,39.05,9
ITPGA,Porto Garibaldi,Porto Garibaldi,IT,44.6784293,12.2398703
ITPGL,Portigliola,Portigliola,IT,38.23333,16.21667
ITPIA,Pianosa,Pianosa,IT,42.56667,10.06667
ITPIM,Praia a Mare,Praia a Mare,IT,39.9,15.78333
ITPIO,Piombino,Piombino,IT,42.9231662,10.5268192
ITPIZ,Pizzo,Pizzo,IT,38.73333,16.16667
ITPLI,Porto Lignano,Porto Lignano,IT,45.7012479,13.1535368
ITPLN,Palinuro,Palinuro,IT,40.03333,15.28333
ITPMA,Marghera,Marghera,IT,45.45,12.21667
ITPMM,Palmi,Palmi,IT,38.35,15.85
ITPMO,Palermo,Palermo,IT,38.11667,13.36667
ITPMZ,Porto Maurizio,Porto Maurizio,IT,43.8762082,8.0156743
ITPNG,Porto Nogaro,Porto Nogaro,IT,45.8160297,13.2187352
ITPNL,Pantelleria,Pantelleria,IT,36.8314576,11.9450395
ITPNZ,Ponza,Ponza,IT,40.9,12.96667
ITPOM,Pomezia,Pomezia,IT,41.66667,12.5
ITPOQ,Porto Viro,Porto Viro,IT,45.05,12.25
ITPOS,Positano,Positano,IT,40.6286581,14.4854955
ITPOZ,Pozzuoli,Pozzuoli,IT,40.822643,14.1219109
ITPPF,Porto Palo,Porto Palo,IT,37.56667,12.9
ITPPL,Portopalo,Portopalo,IT,36.68333,15.13333
ITPPT,Porto Tolle,Porto Tolle,IT,44.93333,12.36667
ITPRF,Porto Recanati,Porto Recanati,IT,43.43333,13.66667
ITPRH,Sapri,Sapri,IT,40.06667,15.63333
ITPRJ,Capri,Capri,IT,40.55,14.23333
ITPRL,Priolo Gargallo,Priolo Gargallo,IT,37.15,15.18333
ITPRO,Procida,Procida,IT,40.7649991,14.0239063
ITPRR,Piano di Sorrento,Piano di Sorrento,IT,40.63333,14.38333
ITPRW,Portovenere,Portovenere,IT,44.05,9.85
ITPSR,Pescara,Pescara,IT,42.46667,14.23333
ITPSS,Porto Santo Stefano,Porto Santo Stefano,IT,42.4338317,11.1237128
ITPTC,Portici,Portici,IT,40.81667,14.33333
ITPTF,Portofino,Portofino,IT,44.303253,9.2095582
ITPTH,Porto Ercole,Porto Ercole,IT,42.38333,11.2
ITPTI,Patti,Patti,IT,38.13333,14.96667
ITPTO,Porto Torres,Porto Torres,IT,40.8370333,8.4013292
ITPUC,Punta Cugno,Punta Cugno,IT,37.21667,15.2
ITPVE,Portoscuso (Porto Vesme),Portoscuso (Porto Vesme),IT,39.2,8.38333
ITPVT,Porto Levante,Porto Levante,IT,45.05,12.36667
ITPZL,Pozzallo,Pozzallo,IT,36.71667,14.85
ITQMM,Marina di Massa,Marina di Massa,IT,44,10.1
ITQOS,Oristano,Oristano,IT,39.9,8.6
ITRAN,Ravenna,Ravenna,IT,44.4161414,12.2017617
ITRCE,Riccione,Riccione,IT,43.98333,12.65
ITREC,Recco,Recco,IT,44.36667,9.15
ITREG,Reggio di Calabria,Reggio di Calabria,IT,38.1,15.65
ITRGG,Rodi Garganico,Rodi Garganico,IT,41.928745,15.881052
ITRIN,Rinella,Rinella,IT,38.53333,14.83333
ITRMA,Rio Marina,Rio Marina,IT,42.81342,10.426219
ITRMG,Rio Maggiore,Rio Maggiore,IT,44.1,9.73333
ITRMI,Rimini,Rimini,IT,44.06667,12.58333
ITRNS,Spotorno,Spotorno,IT,44.23333,8.41667
ITROC,Roccella Ionica,Roccella Ionica,IT,38.31667,16.4
ITRPO,Rapallo,Rapallo,IT,44.35,9.23333
ITRPT,Riposto,Riposto,IT,37.73333,15.2
ITRRO,Sorrento,Sorrento,IT,40.624906,14.374836
ITRRV,Sferracavallo,Sferracavallo,IT,38.2,13.23333
ITRSM,Monterosso al Mare,Monterosso al Mare,IT,44.15,9.65
ITRTS,Riva Trigoso,Riva Trigoso,IT,44.26667,9.41667
ITRTT,Marotta,Marotta,IT,43.76667,13.13333
ITSAL,Salerno,Salerno,IT,40.6803601,14.7594542
ITSAT,Sant' Antioco,Sant' Antioco,IT,39.0648291,8.4562962
ITSCK,Sciacca,Sciacca,IT,37.51667,13.05
ITSCO,Scoglitti,Scoglitti,IT,36.88333,14.43333
ITSDB,San Benedetto del Tronto,San Benedetto del Tronto,IT,42.95,13.88333
ITSEG,Senigallia,Senigallia,IT,43.71667,13.21667
ITSFE,San Felice Circeo,San Felice Circeo,IT,41.23333,13.08333
ITSFM,Santa Foca di Melendugno,Santa Foca di Melendugno,IT,40.26667,18.33333
ITSID,Siderno Marina,Siderno Marina,IT,38.26667,16.3
ITSIG,Porto San Giorgio,Porto San Giorgio,IT,43.18333,13.8
ITSIR,Siracusa,Siracusa,IT,37.0315752,15.2124277
ITSLA,Santa Marina Salina,Santa Marina Salina,IT,38.56667,14.86667
ITSLC,"Saline, Reggio Calabria","Saline, Reggio Calabria",IT,37.95,15.7
ITSLL,Scilla,Scilla,IT,38.25,15.71667
ITSLV,Silvi Marina,Silvi Marina,IT,42.56667,14.08333
ITSMA,Santa Marinella,Santa Marinella,IT,42.03333,11.85
ITSMK,Santa Maria di Castellabate,Santa Maria di Castellabate,IT,40.28333,14.95
ITSML,Santa Margherita Ligure,Santa Margherita Ligure,IT,44.3281018,9.1927075
ITSNR,Terrasini,Terrasini,IT,38.15,13.08333
ITSOO,Soverato,Soverato,IT,38.68333,16.55
ITSPA,Santa Panagia,Santa Panagia,IT,37.1,15.25
ITSPE,La Spezia,La Spezia,IT,44.11667,9.83333
ITSRE,San Remo,San Remo,IT,43.8362985,7.7772658
ITSRH,Scario,Scario,IT,40.05,15.48333
ITSSF,Santo Stefano al Mare,Santo Stefano al Mare,IT,43.83333,7.88333
ITSTE,Santa Teresa di Gallura,Santa Teresa di Gallura,IT,41.23333,9.18333
ITSTR,Stromboli,Stromboli,IT,38.8040486,15.2373865
ITSVC,San Vito lo Capo,San Vito lo Capo,IT,38.172347,12.734932
ITSVN,Savona,Savona,IT,44.28333,8.5
ITTAA,Cetara,Cetara,IT,40.65,14.7
ITTAL,Talamone,Talamone,IT,42.554954,11.1334924
ITTAO,Taormina,Taormina,IT,37.85,15.28333
ITTAR,Taranto,Taranto,IT,40.48333,17.23333
ITTCC,Trebisacce,Trebisacce,IT,39.86667,16.53333
ITTCS,Torre Cesarea,Torre Cesarea,IT,40.03333,18.45
ITTEA,Maratea,Maratea,IT,39.98333,15.71667
ITTEF,Santo Stefano di Camastra,Santo Stefano di Camastra,IT,38.01667,14.35
ITTGR,Torregrande,Torregrande,IT,39.9069413,8.5166164
ITTGV,Torre Gaveta,Torre Gaveta,IT,40.81667,14.05
ITTLY,Porto San Vitale,Porto San Vitale,IT,44.43333,12.23333
ITTMI,Termoli,Termoli,IT,41.9983273,14.9939366
ITTMT,Isole Tremiti,Isole Tremiti,IT,42.11667,15.48333
ITTNI,Trani,Trani,IT,41.2781809,16.4186056
ITTOA,Torre Annunziata,Torre Annunziata,IT,40.7525236,14.4550044
ITTPS,Trapani,Trapani,IT,38.01667,12.48333
ITTRC,Terracina,Terracina,IT,41.2871196,13.2492009
ITTRH,Torre Faro,Torre Faro,IT,38.25,15.63333
ITTRI,Termini Imerese,Termini Imerese,IT,37.98333,13.7
ITTRS,Trieste,Trieste,IT,45.6496485,13.7772781
ITTRU,Torre San Giovanni d'Ugento,Torre San Giovanni d'Ugento,IT,39.91667,18.15
ITTTN,Stintino,Stintino,IT,40.93333,8.21667
ITTVC,Torviscosa,Torviscosa,IT,45.81667,13.26667
ITUGG,Muggia,Muggia,IT,45.6,13.76667
ITULE,Zaule,Zaule,IT,45.6,13.8
ITURI,Scauri,Scauri,IT,41.25,13.7
ITUST,Ustica,Ustica,IT,38.7104559,13.1912999
ITVCE,Venezia,Venezia,IT,45.43333,12.33333
ITVDA,Vada,Vada,IT,43.3509463,10.4581803
ITVDL,Vado Ligure,Vado Ligure,IT,44.26667,8.45
ITVEN,Ventimiglia,Ventimiglia,IT,43.78333,7.6
ITVIA,Viareggio,Viareggio,IT,43.8672392,10.2506055
ITVIE,Vieste,Vieste,IT,41.8827595,16.1791791
ITVSG,"Villa San Giovanni, Calabria","Villa San Giovanni, Calabria",IT,38.21667,15.63333
ITVSO,Vasto,Vasto,IT,42.12434,14.705923
ITVT3,Villafranca Tirrena,Villafranca Tirrena,IT,38.23333,15.43333
ITVTI,Voltri,Voltri,IT,44.43333,8.75
ITVTT,Ventotene,Ventotene,IT,40.796002,13.431213
ITVUL,Vulcano porto,Vulcano porto,IT,38.4136719,14.9531425
ITVVA,Vibo Valentia,Vibo Valentia,IT,38.6748544,16.0985276
ITVZN,Vernazza,Vernazza,IT,44.13333,9.68333
ITZQQ,Polignano a Mare,Polignano a Mare,IT,41,17.21667
JESAB,Saint Aubin,Saint Aubin,JE,49.18333,-2.16667
JESCJ,Saint Clement,Saint Clement,JE,49.16667,-2.06667
JESTH,Saint Hélier,Saint Hélier,JE,49.18333,-2.1
JMALP,Alligator Pond,Alligator Pond,JM,17.8698599,-77.566115
JMBLR,Black River,Black River,JM,18.0241677,-77.8480102
JMBWN,Bowden,Bowden,JM,17.8895747,-76.3130602
JMFMH,Falmouth,Falmouth,JM,18.4929078,-77.6574376
JMKIN,Kingston,Kingston,JM,17.9712148,-76.7928128
JMMBJ,Montego Bay,Montego Bay,JM,18.4724603,-77.9217357
JMOCJ,Ocho Rios,Ocho Rios,JM,18.4081045,-77.1011092
JMORC,Oracabessa,Oracabessa,JM,18.4,-76.95
JMPEV,Port Esquivel,Port Esquivel,JM,17.8923028,-77.1297726
JMPHE,Port Henderson,Port Henderson,JM,17.95,-76.88333
JMPKS,Port Kaiser,Port Kaiser,JM,17.8626554,-77.603837
JMPMO,Port Morant,Port Morant,JM,17.8943904,-76.3076464
JMPOT,Port Antonio,Port Antonio,JM,18.175168,-76.4474201
JMPRO,Port Royal,Port Royal,JM,17.9360762,-76.8417961
JMRIB,Rio Bueno,Rio Bueno,JM,18.4709288,-77.4610999
JMROP,Rocky Point,Rocky Point,JM,17.7724771,-77.259905
JMSAW,Saint Ann's Bay,Saint Ann's Bay,JM,18.43333,-77.2
JMSLM,Savanna-la-Mar,Savanna-la-Mar,JM,18.21667,-78.13333
JMSRI,Salt River,Salt River,JM,17.8327829,-77.1757794
JOAQJ,Al 'Aqabah,Al 'Aqabah,JO,29.53333,35
JODAH,Abu Alandah,Abu Alandah,JO,31.9,35.96667
JPAAM,"Ama, Shimane","Ama, Shimane",JP,36.0964998,133.0969413
JPABA,Abashiri,Abashiri,JP,44.0206027,144.2732035
JPABO,Aboshi/Himeji,Aboshi/Himeji,JP,34.789222,134.588833
JPABU,Aburatsu,Aburatsu,JP,31.582929,131.408115
JPACH,Ajisu,Ajisu,JP,34.012556,131.359139
JPAFG,Akitafunagawa,Akitafunagawa,JP,39.88333,139.95
JPAGJ,Aguni,Aguni,JP,26.5817724,127.2288857
JPAGN,Agenosho,Agenosho,JP,33.8963289,132.266331
JPAGS,Ageshima,Ageshima,JP,38.0939035,138.2469382
JPAIG,Aki-gun/Hiroshima,Aki-gun/Hiroshima,JP,34.33333,132.53333
JPAII,Aio,Aio,JP,33.994895,131.4344662
JPAIK,"Aikawa, Niigata","Aikawa, Niigata",JP,38.0212102,138.2331884
JPAIM,Aishima,Aishima,JP,34.503889,131.2776479
JPAIN,Ainoura/Sasebo,Ainoura/Sasebo,JP,33.1745404,129.6567654
JPAIO,Aioi,Aioi,JP,34.78333,134.46667
JPAJI,Aji,Aji,JP,34.3773817,134.1425155
JPAJK,Ajigasawa,Ajigasawa,JP,40.7830009,140.2339123
JPAJN,Ajino,Ajino,JP,34.462419,133.810833
JPAJR,"Ajiro, Shizuoka","Ajiro, Shizuoka",JP,35.0433111,139.0904623
JPAJX,Aja,Aja,JP,26.2390945,127.6901919
JPAKA,Akashi,Akashi,JP,34.6482884,134.993215
JPAKD,Akadomari,Akadomari,JP,37.8674174,138.4084654
JPAKE,Akkeshi,Akkeshi,JP,43.0518221,144.8476917
JPAKK,"Akasaki, Kumamoto","Akasaki, Kumamoto",JP,32.501227,130.333113
JPAKM,Akamizu,Akamizu,JP,31.573594,130.614036
JPAKN,Akune,Akune,JP,32.0143139,130.1927415
JPAKO,Akoh,Akoh,JP,34.754972,134.390333
JPAKT,Akitsu,Akitsu,JP,34.3248436,132.8307401
JPAKZ,Aika,Aika,JP,36.2709404,139.2012784
JPAMA,Amagasaki,Amagasaki,JP,34.7339783,135.4064015
JPAMG,Asamogawa,Asamogawa,JP,35.6875442,135.0198644
JPAMI,Atami,Atami,JP,35.096471,139.0717866
JPAMJ,Amaji,Amaji,JP,32.7997676,132.6536621
JPAMM,"Ama, Hyogo","Ama, Hyogo",JP,34.2197851,134.7347607
JPAMR,Arimura,Arimura,JP,31.5567732,130.666089
JPAMU,Amura,Amura,JP,32.534997,130.43837
JPAMX,AmagasakiNishinomiyaAshiya,AmagasakiNishinomiyaAshiya,JP,34.71667,135.41667
JPANA,Anan,Anan,JP,33.9220102,134.6596974
JPANB,Anbo,Anbo,JP,30.3199183,130.6538703
JPANE,Anegasaki,Anegasaki,JP,35.4850344,140.0174073
JPANM,Anamizu,Anamizu,JP,37.2305548,136.9125817
JPAOE,Aoe,Aoe,JP,34.6127427,133.7576223
JPAOG,Aogashima,Aogashima,JP,32.4663397,139.7632956
JPAOI,Aoki,Aoki,JP,34.3669219,133.6936595
JPAOJ,Aomori,Aomori,JP,40.8222833,140.7472027
JPAOK,Aokata,Aokata,JP,32.98525,129.067528
JPAOM,Omi,Omi,JP,37.901784,139.047492
JPAON,Aonae,Aonae,JP,42.0644266,139.448983
JPAOS,Aoshima,Aoshima,JP,31.799111,131.468425
JPAPP,Koshi,Koshi,JP,32.88333,130.78333
JPARA,Arari,Arari,JP,34.8283131,138.7741855
JPARG,Amurogama,Amurogama,JP,28.2156826,129.2939329
JPARI,"Ariake, Tokyo","Ariake, Tokyo",JP,35.63333,139.78333
JPARK,Arikawa,Arikawa,JP,31.8218926,130.6681708
JPARO,Arao,Arao,JP,32.9867584,130.4334027
JPARZ,Arouzu,Arouzu,JP,34.201735,133.0965111
JPASA,Asa,Asa,JP,34.0680668,131.1829439
JPASI,Asahimachi,Asahimachi,JP,35.555695,139.4396548
JPASJ,Amamioshima,Amamioshima,JP,28.3198743,129.3968408
JPASK,"Akasaki, Tottori","Akasaki, Tottori",JP,35.5106538,133.6390667
JPASM,Asami,Asami,JP,33.843604,132.745387
JPASR,Ashizuri,Ashizuri,JP,32.723333,133.02
JPAST,Ashitoku,Ashitoku,JP,28.4304869,129.6168494
JPASU,Kasuya,Kasuya,JP,33.61667,130.48333
JPASW,Asakawa,Asakawa,JP,33.6504014,134.3805843
JPASZ,"Ashiya, Fukuoka","Ashiya, Fukuoka",JP,33.8938681,130.6638297
JPATA,Ataka,Ataka,JP,41.4014805,141.4677721
JPATK,Atsuki,Atsuki,JP,33.8609724,132.1486187
JPATM,Atsumi,Atsumi,JP,34.6550135,137.0668015
JPAUI,Asakuchi,Asakuchi,JP,34.51667,133.58333
JPAWA,Awa,Awa,JP,26.6096516,127.914387
JPAWS,Awashima,Awashima,JP,34.2710884,133.6304969
JPAWZ,Awazu,Awazu,JP,34.1583913,134.6112192
JPAXT,Akita,Akita,JP,39.7197629,140.1034669
JPAXZ,Zushi,Zushi,JP,35.28333,139.58333
JPAYU,Ayukawa,Ayukawa,JP,38.2951812,141.5067457
JPAZJ,"Ajiro, Tottori","Ajiro, Tottori",JP,35.5845718,134.2952484
JPAZU,Azu,Azu,JP,35.828873,139.333024
JPBEP,"Beppu, Shimane","Beppu, Shimane",JP,35.1005851,132.5349211
JPBIZ,Bizen,Bizen,JP,34.73333,134.18333
JPBKW,Shibukawa,Shibukawa,JP,36.48333,139
JPBOM,Boma,Boma,JP,27.8072707,128.9793849
JPBPU,"Beppu, Oita","Beppu, Oita",JP,33.284611,131.491278
JPBYO,Byobu,Byobu,JP,36.046846,139.783221
JPCHB,Chiba,Chiba,JP,35.6070629,140.1062653
JPCHF,Chofu,Chofu,JP,33.998883,130.990783
JPCHG,Chigasaki,Chigasaki,JP,35.31667,139.4
JPCHH,Chichii,Chichii,JP,36.08313,133.1132054
JPCHI,China,China,JP,27.3385068,128.574157
JPCHO,Choshi,Choshi,JP,35.7345338,140.8272667
JPCHU,Churui,Churui,JP,43.7220226,145.0896705
JPCHW,Chimu Wan,Chimu Wan,JP,26.38333,127.91667
JPCKM,Chikumi,Chikumi,JP,35.5639312,133.1344616
JPCNS,Chinase,Chinase,JP,28.3788938,129.4513357
JPCTA,Chita,Chita,JP,34.970089,136.860738
JPCYU,Chiryu,Chiryu,JP,35,137.05
JPCYZ,Chiyozaki,Chiyozaki,JP,34.6694841,135.4774044
JPDAT,Date,Date,JP,42.4720144,140.8647245
JPDTU,Daito,Daito,JP,34.7120151,135.6235341
JPEGS,Eigashima,Eigashima,JP,34.6776971,134.9195703
JPEII,Ei,Ei,JP,34.4589507,134.8231992
JPEIS,Eishi,Eishi,JP,31.8236795,129.8733973
JPEJM,Ejima,Ejima,JP,38.3675137,141.0736925
JPEKZ,Enokizu,Enokizu,JP,33.2030488,130.3784847
JPEMM,Erimo,Erimo,JP,42.0163463,143.1487225
JPEMU,Emukae,Emukae,JP,33.309361,129.628889
JPENA,Ena,Ena,JP,35.4492674,137.412703
JPENN,En,En,JP,28.4645225,129.5890188
JPENR,"Enoura, Kagawa","Enoura, Kagawa",JP,34.3685074,133.7136831
JPESI,Esashi/Hiyama,Esashi/Hiyama,JP,41.8690714,140.1272235
JPESK,Esaki,Esaki,JP,34.64204,131.6511002
JPESM,Eshima,Eshima,JP,35.5140413,133.1948927
JPESS,Esashi/Soya,Esashi/Soya,JP,44.9386724,142.5814208
JPETA,Etajima,Etajima,JP,34.1749619,132.4622276
JPETM,Etomo,Etomo,JP,35.527832,132.9769575
JPEZA,Ezaki,Ezaki,JP,34.6221725,133.9597748
JPFAE,"Fukae, Nagasaki","Fukae, Nagasaki",JP,33.3036235,129.6250023
JPFCM,Fuchinomoto,Fuchinomoto,JP,32.7695222,128.6510181
JPFGW,Futagawa,Futagawa,JP,31.575084,130.800754
JPFHR,Furubira,Furubira,JP,43.2639952,140.6387142
JPFJN,Fujino,Fujino,JP,31.616968,130.627643
JPFKD,Fukuda,Fukuda,JP,34.521673,133.284186
JPFKE,"Fukue, Aichi","Fukue, Aichi",JP,35.145623,136.912487
JPFKH,"Fukae, Hiroshima","Fukae, Hiroshima",JP,34.6978753,133.1129614
JPFKI,Fukai,Fukai,JP,24.4509879,124.2145371
JPFKJ,Fukui,Fukui,JP,36.061751,136.2260542
JPFKK,"Fukaura, Aomori","Fukaura, Aomori",JP,40.6473448,139.927454
JPFKM,"Fukushima, Nagasaki","Fukushima, Nagasaki",JP,33.35,129.8
JPFKR,"Fukaura, Ehime","Fukaura, Ehime",JP,32.948455,132.5915329
JPFKU,"Fukushima, Hokkaido","Fukushima, Hokkaido",JP,41.46667,140.25
JPFKY,"Fukuyama, Hiroshima","Fukuyama, Hiroshima",JP,34.485861,133.362305
JPFMD,Futamado,Futamado,JP,32.431999,130.391982
JPFMS,"Fukushima, Miyazaki","Fukushima, Miyazaki",JP,31.46667,131.21667
JPFMT,"Futamata, Kagoshima","Futamata, Kagoshima",JP,31.623209,130.658064
JPFNA,Funaya,Funaya,JP,33.935588,133.207116
JPFNB,Funabashi,Funabashi,JP,35.6945835,139.9825387
JPFND,Funadomari,Funadomari,JP,44.2610515,145.364254
JPFNK,Funagawa,Funagawa,JP,39.8815193,139.8433399
JPFNR,Funaura,Funaura,JP,24.4072992,123.8079954
JPFNS,Funakoshi,Funakoshi,JP,32.9470054,132.502144
JPFNU,Funauki,Funauki,JP,24.3382581,123.7280071
JPFRA,"Fukura, Hyogo","Fukura, Hyogo",JP,34.2551743,134.7249415
JPFRK,Furuike,Furuike,JP,34.7278757,134.3251026
JPFRM,"Furue, Miyazaki","Furue, Miyazaki",JP,32.7110865,131.8182079
JPFRS,"Furusato, Nagasaki","Furusato, Nagasaki",JP,34.6629345,129.4660234
JPFSH,Funakakushi,Funakakushi,JP,41.5155536,140.3734052
JPFSK,Fushiki,Fushiki,JP,36.485198,137.2429642
JPFST,"Furusato, Kagoshima","Furusato, Kagoshima",JP,27.36667,128.63333
JPFTE,Futae,Futae,JP,32.539286,130.13489
JPFTG,Futago,Futago,JP,35.5038798,133.1623807
JPFTM,Futenma,Futenma,JP,26.294537,127.773764
JPFTS,"Futtsu, Chiba","Futtsu, Chiba",JP,35.304083,139.857028
JPFTT,"Futamata, Shimane","Futamata, Shimane",JP,36.1476385,133.1235021
JPFTX,Fushikitoyama,Fushikitoyama,JP,36.8,137.11667
JPFUE,Fuke,Fuke,JP,34.3145331,135.14894
JPFUJ,"Fukue, Nagasaki","Fukue, Nagasaki",JP,32.695556,128.840806
JPFUM,Fukami,Fukami,JP,32.243958,130.805596
JPFUO,Fukuro,Fukuro,JP,32.15698,130.391746
JPFUR,"Fukuura, Ehime","Fukuura, Ehime",JP,32.918698,132.4959867
JPFUW,Fukawa,Fukawa,JP,36.0354096,139.7899103
JPFYM,"Fukuyama, Kagoshima","Fukuyama, Kagoshima",JP,31.6678853,130.8498107
JPGAM,Gamagori,Gamagori,JP,34.833929,137.225163
JPGKA,Gushikawa,Gushikawa,JP,26.35,127.86667
JPGKN,Gokan,Gokan,JP,34.532341,133.984553
JPGKS,Gokasho,Gokasho,JP,35.1544353,136.1951972
JPGNG,Gunge,Gunge,JP,34.4731449,134.849676
JPGNW,Ginowan,Ginowan,JP,26.2814968,127.7784916
JPGOI,Goi/Ichihara,Goi/Ichihara,JP,35.4524101,140.3803407
JPGON,Gonoura,Gonoura,JP,33.7483935,129.6841613
JPGOO,Gobo Wakayama,Gobo Wakayama,JP,33.88333,135.15
JPGOT,Gohtsu,Gohtsu,JP,35.011778,132.217667
JPGTK,Kitanagoya,Kitanagoya,JP,35.23333,136.85
JPGTO,Goto,Goto,JP,32.68333,128.83333
JPHAA,Hami,Hami,JP,31.3408125,131.0318724
JPHAB,"Habu, Hiroshima","Habu, Hiroshima",JP,34.283583,133.1785
JPHAD,Heda,Heda,JP,35.6154647,134.469005
JPHAG,Hagi,Hagi,JP,34.4074815,131.399194
JPHAH,Hashima,Hashima,JP,35.3195107,136.7027348
JPHAI,Haiki,Haiki,JP,33.1381212,129.7958619
JPHAM,Hamasarufutsu,Hamasarufutsu,JP,45.2743174,142.2278492
JPHAN,Hannan,Hannan,JP,34.3595067,135.2398397
JPHAR,Hara,Hara,JP,35.9700234,138.2438637
JPHAS,Hashihama,Hashihama,JP,34.105116,132.9722962
JPHBB,"Habu, Yamaguchi","Habu, Yamaguchi",JP,34.0452612,131.0875011
JPHBK,Hibikishinko,Hibikishinko,JP,33.98333,130.75
JPHBO,Haboro,Haboro,JP,44.3608389,141.6973716
JPHDA,Handa,Handa,JP,34.8938136,136.9369523
JPHDK,Hidaka,Hidaka,JP,33.9259155,135.141139
JPHDO,Himedo,Himedo,JP,32.4359758,130.4153533
JPHEA,Hiketa,Hiketa,JP,34.2255769,134.3951743
JPHED,Hetono,Hetono,JP,27.811643,128.8959441
JPHEI,Henza,Henza,JP,26.3448642,127.9532897
JPHET,Heta,Heta,JP,31.1733556,130.7650924
JPHGN,Higashisonogi-Gun Cho,Higashisonogi-Gun Cho,JP,32.03333,129.91667
JPHGU,Hirugaura,Hirugaura,JP,34.3201705,129.27917
JPHHE,Hachinohe,Hachinohe,JP,40.5122388,141.4882959
JPHHR,Higashiharima,Higashiharima,JP,34.707778,134.8125
JPHIA,Hiagari/Kitakiushu,Hiagari/Kitakiushu,JP,33.8904573,130.8606066
JPHIB,Hibi,Hibi,JP,34.45772,133.922907
JPHIC,Hitachinaka,Hitachinaka,JP,36.3961235,140.5353397
JPHIE,Hikone,Hikone,JP,35.2744066,136.2596539
JPHIJ,Hiroshima,Hiroshima,JP,34.3917241,132.4517589
JPHIK,Hiki,Hiki,JP,33.5727855,135.4364812
JPHIM,Himeji,Himeji,JP,34.8153529,134.6854793
JPHIN,Hinase,Hinase,JP,34.7072501,134.2872751
JPHIO,Higashi-Ogishima,Higashi-Ogishima,JP,35.4960409,139.7554029
JPHIR,Hiroo,Hiroo,JP,42.285532,143.3116162
JPHIS,Hikoshima,Hikoshima,JP,33.9327075,130.9095929
JPHIU,Hiratsuka,Hiratsuka,JP,35.31667,139.35
JPHJA,Honjima,Honjima,JP,34.384853,133.7723301
JPHJI,Hiji,Hiji,JP,33.3690119,131.5322622
JPHJM,Hamajima,Hamajima,JP,34.301258,136.7540149
JPHJO,Hojo,Hojo,JP,33.978983,132.779623
JPHKD,Hakodate,Hakodate,JP,41.768793,140.729008
JPHKJ,Hamasaka,Hamasaka,JP,35.6261047,134.4498004
JPHKK,Hyakkan,Hyakkan,JP,34.300715,133.275754
JPHKM,Honkushima,Honkushima,JP,33.2220394,132.5229191
JPHKN,Hekinan,Hekinan,JP,34.86505,136.984523
JPHKR,Hikari,Hikari,JP,33.9615807,131.9425203
JPHKT,Hakata/Fukuoka,Hakata/Fukuoka,JP,33.6,130.41667
JPHMA,Hishima,Hishima,JP,34.48473,131.379666
JPHMC,Hamochi,Hamochi,JP,37.8714997,138.2872295
JPHMD,Hamada,Hamada,JP,34.8991982,132.0799984
JPHMG,Hamaguri,Hamaguri,JP,33.224867,132.5308042
JPHMH,Himeshima,Himeshima,JP,33.7239408,131.6457316
JPHMI,Hatami,Hatami,JP,34.1800844,132.5488852
JPHMJ,Himi,Himi,JP,36.8645966,136.9704027
JPHMK,Himekawa,Himekawa,JP,37.040639,137.839806
JPHMM,Hamamatsu,Hamamatsu,JP,34.7109786,137.7259431
JPHMN,Hamana,Hamana,JP,34.7915572,137.7831328
JPHMR,Hamura,Hamura,JP,35.76667,139.3
JPHMW,Hamawaki,Hamawaki,JP,33.2594222,131.4905137
JPHMX,Hamasaki,Hamasaki,JP,33.4473775,130.0338792
JPHNE,Hane,Hane,JP,33.6559114,131.509653
JPHNG,Hinagu,Hinagu,JP,32.4438868,130.5840802
JPHNJ,"Honjo, Kyoto","Honjo, Kyoto",JP,35.2653092,135.4028771
JPHNK,Hanasaki,Hanasaki,JP,43.2911075,145.5825162
JPHNN,Honmoku,Honmoku,JP,35.4190153,139.654181
JPHNS,Hinoshima,Hinoshima,JP,32.383296,130.4169245
JPHNY,Hanyu,Hanyu,JP,35.4906379,133.1726589
JPHOD,Hondo,Hondo,JP,32.448945,130.162446
JPHOF,Hofu,Hofu,JP,34.03333,131.56667
JPHON,"Honjo, Akita","Honjo, Akita",JP,39.3844761,140.054273
JPHOS,"Hoshika, Saga","Hoshika, Saga",JP,33.4535005,129.7914504
JPHOT,Hotokegaura,Hotokegaura,JP,41.311944,140.809167
JPHPP,Hoppozaki,Hoppozaki,JP,32.2096245,130.1106347
JPHRA,Hirao,Hirao,JP,33.9380958,132.073375
JPHRD,Hirado,Hirado,JP,33.3680705,129.5539153
JPHRE,Horie,Horie,JP,35.6566696,139.8928495
JPHRH,Hirohata,Hirohata,JP,34.7863707,135.4018558
JPHRJ,Hirai,Hirai,JP,34.153714,131.463727
JPHRK,Hirakata,Hirakata,JP,34.8144363,135.6507278
JPHRM,Haramachi,Haramachi,JP,37.6679329,141.0150918
JPHRO,Hiro,Hiro,JP,33.6704625,130.2938327
JPHRR,Hirara,Hirara,JP,24.8032045,125.3029776
JPHRS,Hirase,Hirase,JP,33.765098,135.587296
JPHRW,Hiraiwa,Hiraiwa,JP,32.3783673,131.6214147
JPHSG,Saga,Saga,JP,33.2639134,130.3008378
JPHSH,Hashi,Hashi,JP,36.0750745,133.0173325
JPHSK,Hamasako,Hamasako,JP,32.7390066,128.657906
JPHSM,Hososhima,Hososhima,JP,32.4244896,131.666616
JPHSN,Hisanohama,Hisanohama,JP,37.149722,141.000667
JPHSS,Hase,Hase,JP,35.3152653,139.5370102
JPHSU,Hamasuki,Hamasuki,JP,32.2004251,130.1183245
JPHSW,Hirasawa,Hirasawa,JP,39.2875198,139.9564774
JPHTC,Hitachi,Hitachi,JP,36.5991225,140.6504604
JPHTK,Hitakatsu,Hitakatsu,JP,34.6579573,129.4612598
JPHTM,"Futami, Tokyo","Futami, Tokyo",JP,27.0954484,142.1995631
JPHTO,Hatoma,Hatoma,JP,24.46667,123.76667
JPHTS,Hitsushima,Hitsushima,JP,34.5145228,131.3861284
JPHTT,Hata,Hata,JP,33.8823819,130.9731725
JPHUD,Hoda,Hoda,JP,35.759811,140.524629
JPHUR,Hannoura,Hannoura,JP,35.503823,136.1841994
JPHUT,"Futami, Niigata","Futami, Niigata",JP,37.9767308,138.2557082
JPHYK,Hayakawa,Hayakawa,JP,34.1918009,133.0398233
JPHYM,Hayama,Hayama,JP,35.2719497,139.5860744
JPHYR,Hyakunoura,Hyakunoura,JP,33.2242847,132.5250425
JPHYS,Hisayoshi,Hisayoshi,JP,32.9425377,132.5461734
JPHYT,Hayato,Hayato,JP,37.4650153,139.6000056
JPIBR,Iburi,Iburi,JP,32.7983034,132.9680482
JPIBS,Ibusuki,Ibusuki,JP,31.2527953,130.6333097
JPICH,Ichihara,Ichihara,JP,35.497775,140.1156996
JPICK,Ichikawa,Ichikawa,JP,35.721634,139.9309444
JPICO,Ichikikushikino,Ichikikushikino,JP,31.71667,130.26667
JPICW,Ishikariwan Shinko,Ishikariwan Shinko,JP,43.1920757,141.2756562
JPIDA,Iida,Iida,JP,37.4346618,137.2649146
JPIEJ,Iejima/Okinawa,Iejima/Okinawa,JP,26.716111,127.790278
JPIER,Ieura,Ieura,JP,34.4802916,134.0567466
JPIES,"Ieshima, Hyogo","Ieshima, Hyogo",JP,34.675611,134.532028
JPIGO,Igo,Igo,JP,36.3292152,133.2736659
JPIHA,Niihama,Niihama,JP,33.9603497,133.2835899
JPIHO,Ihota,Ihota,JP,33.9427903,132.453103
JPIIB,Iibi,Iibi,JP,36.3054551,133.3340746
JPIIN,Nishinoomote,Nishinoomote,JP,30.7325356,130.9970786
JPIKA,"Ikeda, Kagawa","Ikeda, Kagawa",JP,34.4883409,134.2466653
JPIKC,Ikuchi,Ikuchi,JP,34.2864597,133.1092406
JPIKD,"Ikeda, Wakayama","Ikeda, Wakayama",JP,33.7279155,135.995505
JPIKE,Ikeshima,Ikeshima,JP,32.9243747,132.6868415
JPIKJ,Isshiki,Isshiki,JP,35.26866,139.589695
JPIKK,Ikitsuki,Ikitsuki,JP,33.38333,129.43333
JPIKN,Ikina,Ikina,JP,34.270477,133.178516
JPIKR,Ikara,Ikara,JP,32.2183555,130.2065511
JPIKT,Ikata,Ikata,JP,33.4896014,132.3560996
JPIKU,Ikunohama,Ikunohama,JP,34.3815912,133.7594878
JPIKW,Ishikawa,Ishikawa,JP,26.41667,127.81667
JPIMA,Imafuku,Imafuku,JP,35.5123902,135.1909028
JPIMB,Imabari,Imabari,JP,34.0658182,132.9976758
JPIMI,Imari,Imari,JP,33.2644557,129.8808439
JPIMM,Imi,Imi,JP,33.6804142,131.5971902
JPIMT,Imazato,Imazato,JP,34.2882948,129.2160563
JPIMZ,Imazu,Imazu,JP,33.6066691,130.2571973
JPINA,Ina,Ina,JP,34.5628385,129.3145323
JPINE,Ine,Ine,JP,35.6751344,135.2727378
JPING,Inugaura,Inugaura,JP,34.539899,129.3322563
JPINO,Inobe,Inobe,JP,27.4125572,128.6422634
JPINS,Innoshima,Innoshima,JP,34.2955643,133.1441446
JPINZ,Inujima,Inujima,JP,34.5631348,134.1023057
JPIOU,"Iwojima, Kagoshima","Iwojima, Kagoshima",JP,30.790833,130.296111
JPIRK,Irago,Irago,JP,34.581186,137.015375
JPISA,Issai,Issai,JP,32.7839032,132.644183
JPISB,Ishiba,Ishiba,JP,35.0025618,135.8757251
JPISC,Ishiwaki,Ishiwaki,JP,35.5172504,133.9505908
JPISD,Ishida,Ishida,JP,32.6721966,130.3253781
JPISE,Ise,Ise,JP,34.4875944,136.7092334
JPISG,Ishigaki,Ishigaki,JP,24.33333,124.15
JPISH,Ishima,Ishima,JP,34.5016407,134.0141487
JPISI,Ishikari,Ishikari,JP,43.171677,141.3159605
JPISK,Iseki,Iseki,JP,30.7783704,131.0632165
JPISM,Ishinomaki,Ishinomaki,JP,38.4341281,141.3028087
JPISX,Isozaki,Isozaki,JP,38.385725,141.0813557
JPISY,Isahaya,Isahaya,JP,32.843426,130.0530537
JPITJ,"Itoh, Shizuoka","Itoh, Shizuoka",JP,34.965722,139.101861
JPITK,Itako,Itako,JP,35.9468365,140.5555421
JPITS,Itsukushima,Itsukushima,JP,34.271448,132.3088722
JPIUH,"Inokuchi, Ehime","Inokuchi, Ehime",JP,34.2645247,133.0383351
JPIWA,Iwamatsu,Iwamatsu,JP,33.11825,132.499587
JPIWG,"Iwagi,Ehime","Iwagi,Ehime",JP,34.2534818,133.1453121
JPIWH,Iwafune,Iwafune,JP,36.74197,138.356329
JPIWI,Iwaki,Iwaki,JP,37.0504227,140.8876338
JPIWK,Iwakuni,Iwakuni,JP,34.1664995,132.2191163
JPIWN,Iwanai,Iwanai,JP,42.9797765,140.5147577
JPIWY,Iwaya,Iwaya,JP,34.5855364,135.0028858
JPIYA,Iya,Iya,JP,35.4293088,133.1535822
JPIYM,Iyomishima,Iyomishima,JP,33.980694,133.549194
JPIYO,Iyo,Iyo,JP,33.7578962,132.7039458
JPIZH,Izuhara,Izuhara,JP,34.2022882,129.288952
JPIZI,"Izumi, Nagasaki","Izumi, Nagasaki",JP,34.6794525,129.4683409
JPIZM,"Izumi, Aichi","Izumi, Aichi",JP,35.176388,136.915793
JPIZO,Izumo,Izumo,JP,35.3668891,132.7548827
JPIZS,Izumisano,Izumisano,JP,34.394629,135.322725
JPIZU,Izuka,Izuka,JP,33.646594,130.6911579
JPIZW,Inazawa,Inazawa,JP,35.25,136.78333
JPJKT,Kotoura,Kotoura,JP,35.495189,133.692815
JPJKW,Jokawauchi,Jokawauchi,JP,32.136373,130.129653
JPJTS,Joetsu,Joetsu,JP,37.15,138.23333
JPKAA,Kada,Kada,JP,34.2763495,135.0774197
JPKAC,Kasaura,Kasaura,JP,35.578627,133.1291401
JPKAD,Kaita,Kaita,JP,34.3663779,132.5362246
JPKAI,Kainan,Kainan,JP,34.1548656,135.2092791
JPKAJ,"Kama, Shimane","Kama, Shimane",JP,36.2344949,133.3735299
JPKAM,Kametoku,Kametoku,JP,27.7444579,129.0231478
JPKAN,Karuno,Karuno,JP,35.1658977,136.2493027
JPKAO,Kashino,Kashino,JP,34.6138662,134.1293398
JPKAR,Karatsu,Karatsu,JP,33.4503405,129.9679345
JPKAT,"Katsuura, Wakayama","Katsuura, Wakayama",JP,33.6318637,135.9468054
JPKAU,Kasumigaura,Kasumigaura,JP,36.1552115,140.2353307
JPKAW,Kawauchi,Kawauchi,JP,37.3375509,140.8094622
JPKAX,Komoe,Komoe,JP,35.0110055,134.9936972
JPKAZ,Kaizaki,Kaizaki,JP,32.998077,131.882313
JPKBK,Kafuka,Kafuka,JP,34.9686828,136.1714099
JPKBM,Kabashima,Kabashima,JP,32.766684,128.9950971
JPKBR,Kubura,Kubura,JP,24.4515908,122.9452889
JPKBU,Kubuki,Kubuki,JP,33.055167,130.484441
JPKCF,Kuchinofukuura,Kuchinofukuura,JP,32.2079168,130.1450069
JPKCH,"Kawachi, Kumamoto","Kawachi, Kumamoto",JP,32.8256251,130.6022064
JPKCZ,Kochi,Kochi,JP,33.5588482,133.5310918
JPKDA,Kishiwada,Kishiwada,JP,34.4644,135.385237
JPKDI,Kodai,Kodai,JP,35.5813016,139.5791989
JPKDR,Katadomari,Katadomari,JP,30.8333478,129.9094595
JPKDW,Kadokawa,Kadokawa,JP,32.47125,131.646111
JPKDX,Kita/Minamidaito,Kita/Minamidaito,JP,25.8624221,131.2377856
JPKEC,Kechi,Kechi,JP,34.2696989,129.3113324
JPKEG,Kegoya,Kegoya,JP,34.211063,132.5455693
JPKEJ,Keraji,Keraji,JP,28.2929314,129.9763512
JPKER,Kakeroma,Kakeroma,JP,28.131697,129.2326088
JPKGA,Kakogawa,Kakogawa,JP,34.7569826,134.8412247
JPKGB,Kuka,Kuka,JP,33.9466795,132.2529257
JPKGC,Koguchi,Koguchi,JP,36.7758198,140.1493692
JPKGE,Kumage,Kumage,JP,33.9090551,132.0841641
JPKGM,Kagami,Kagami,JP,32.576125,130.644838
JPKGO,Kumago,Kumago,JP,34.2196157,133.0690538
JPKGR,Kamagari,Kamagari,JP,34.186543,132.6663065
JPKGT,Kaigata,Kaigata,JP,31.533897,130.754483
JPKGU,Kanegusuku,Kanegusuku,JP,26.1965518,127.7262837
JPKHM,"Ohama, Kagoshima","Ohama, Kagoshima",JP,31.739895,130.690827
JPKHR,Kihara,Kihara,JP,34.3942514,133.1451387
JPKHS,Kurahashi,Kurahashi,JP,34.1119191,132.5122721
JPKIB,Kibe,Kibe,JP,33.545776,131.268977
JPKII,Kiire,Kiire,JP,31.3615304,130.5441708
JPKIJ,Niigata,Niigata,JP,37.9163757,139.0365062
JPKIK,Kikuma,Kikuma,JP,34.034278,132.841694
JPKIN,Kinwan,Kinwan,JP,26.39917,127.92389
JPKIR,"Kitaura, Ehime","Kitaura, Ehime",JP,33.4545738,132.5098092
JPKIS,Kamaishi,Kamaishi,JP,39.2757463,141.8858151
JPKIW,Kisawa,Kisawa,JP,34.368667,133.923825
JPKJD,Kudadon,Kudadon,JP,28.2285487,129.1919446
JPKJI,"Kuji, Iwate","Kuji, Iwate",JP,40.1904323,141.7756812
JPKJJ,Koshima,Koshima,JP,30.2380287,130.5312896
JPKJK,Kajiki,Kajiki,JP,32.3704065,130.6489259
JPKJM,"Kameura, Kumamoto","Kameura, Kumamoto",JP,32.272212,130.015737
JPKJN,Kannonji,Kannonji,JP,34.128333,133.662778
JPKJO,Kinjo,Kinjo,JP,35.1937518,136.9051892
JPKJR,Kiriishi,Kiriishi,JP,35.467048,138.4394173
JPKJT,"Kitaura, Akita","Kitaura, Akita",JP,39.9317886,139.7741691
JPKKA,Karakuma,Karakuma,JP,32.1177249,130.1220047
JPKKB,Kokubo,Kokubo,JP,33.207576,132.521259
JPKKE,Komukae,Komukae,JP,34.8547933,136.9236416
JPKKJ,Kitakyushu,Kitakyushu,JP,33.83333,130.83333
JPKKK,Kushiku,Kushiku,JP,33.6641894,131.6110094
JPKKM,Katakami,Katakami,JP,34.7462764,134.1952274
JPKKR,Kouri,Kouri,JP,26.7010213,128.0200016
JPKKT,Kamikatetsu,Kamikatetsu,JP,28.2806116,129.9474263
JPKKU,"Kuji, Kagoshima","Kuji, Kagoshima",JP,28.233965,129.258399
JPKKW,Kanokawa,Kanokawa,JP,34.1973337,132.4441488
JPKKX,Kikaishima,Kikaishima,JP,28.31667,129.98333
JPKMD,Komoda,Komoda,JP,34.2342285,129.1986394
JPKME,Kamae,Kamae,JP,32.8160302,131.8972033
JPKMI,"Miyazaki, Miyazaki","Miyazaki, Miyazaki",JP,31.907722,131.420194
JPKMJ,Kumamoto,Kumamoto,JP,32.8033909,130.7082737
JPKMK,Kaminokae,Kaminokae,JP,33.2828946,133.2387655
JPKMN,Kominato,Kominato,JP,40.9229359,140.9591365
JPKMO,Kamo,Kamo,JP,37.6661851,139.04018
JPKMT,Kimitsu,Kimitsu,JP,35.3302375,139.902551
JPKMU,Kamiura,Kamiura,JP,43.8631007,144.4164097
JPKMW,Kamikawaguchi,Kamikawaguchi,JP,33.0395173,133.05591
JPKMX,"Komatsu, Yamaguchi","Komatsu, Yamaguchi",JP,33.9381224,132.1949344
JPKNA,Kuwana,Kuwana,JP,35.0666099,136.6843004
JPKND,"Kanda, Fukuoka","Kanda, Fukuoka",JP,33.7757075,130.9805568
JPKNE,Kinoe,Kinoe,JP,34.2360689,132.9104384
JPKNH,Kunehama,Kunehama,JP,34.1683018,129.1801576
JPKNK,Kinkasan,Kinkasan,JP,38.291282,141.5675452
JPKNM,Kanmon,Kanmon,JP,33.9,130.91667
JPKNN,Kin,Kin,JP,34.5563532,129.4601226
JPKNO,Konoura,Konoura,JP,39.2549327,139.9232766
JPKNS,Kunisaki,Kunisaki,JP,33.5632982,131.7322544
JPKNT,Kinomoto,Kinomoto,JP,34.263719,135.125747
JPKNU,Kinuura,Kinuura,JP,34.867139,136.953528
JPKNY,Koniya,Koniya,JP,28.147914,129.315412
JPKNZ,Kanazawa,Kanazawa,JP,36.561627,136.6568822
JPKOB,Koza,Koza,JP,33.5174691,135.8301748
JPKOD,"Kodomari, Aomori","Kodomari, Aomori",JP,41.127884,140.3034555
JPKOF,Konan,Konan,JP,35.344508,136.866742
JPKOG,"Kogushi, Okayama","Kogushi, Okayama",JP,34.5890751,134.0286969
JPKOH,Kohama,Kohama,JP,24.33333,123.98333
JPKOI,Koike/Uwajima,Koike/Uwajima,JP,35.3221105,137.9501792
JPKOJ,Kagoshima,Kagoshima,JP,31.596793,130.5571949
JPKOK,Kokura,Kokura,JP,33.8,130.88333
JPKOM,Komatsushima,Komatsushima,JP,34.0044235,134.5906577
JPKON,Konoshima,Konoshima,JP,34.4645893,133.5013868
JPKOS,Kose,Kose,JP,34.9797679,134.1303525
JPKOX,Kaminoseki,Kaminoseki,JP,33.8308994,132.1101117
JPKOZ,Kozuna,Kozuna,JP,34.4199031,129.2834615
JPKRA,Kannoura,Kannoura,JP,33.5487807,134.2984199
JPKRB,Karubi,Karubi,JP,35.5699911,133.2984999
JPKRD,Kuroda,Kuroda,JP,34.2368138,135.1965125
JPKRE,"Kure, Hiroshima","Kure, Hiroshima",JP,34.249222,132.565722
JPKRH,Kurihama,Kurihama,JP,35.2343605,139.6993631
JPKRI,Kurio,Kurio,JP,30.2719847,130.425353
JPKRJ,"Kuroshima, Okinawa","Kuroshima, Okinawa",JP,24.237325,124.0118767
JPKRM,Kurokami,Kurokami,JP,31.5812311,130.7062834
JPKRS,Kurushima,Kurushima,JP,34.125389,132.979247
JPKRT,Kiritappu,Kiritappu,JP,43.0800556,145.1227641
JPKRX,Kuroi,Kuroi,JP,35.1733303,135.0990467
JPKSA,Kasaoka,Kasaoka,JP,34.5071461,133.5074654
JPKSB,Kusubo,Kusubo,JP,34.2960298,129.3628335
JPKSC,"Kashima, Saga","Kashima, Saga",JP,33.103833,130.098583
JPKSD,Kasado,Kasado,JP,33.9602425,131.8547822
JPKSE,Kamoise,Kamoise,JP,34.3381385,129.3790984
JPKSF,Kitsuki,Kitsuki,JP,33.41667,131.61667
JPKSH,Kishiku,Kishiku,JP,32.7538958,128.7643361
JPKSK,Kurosaki,Kurosaki,JP,33.8743851,130.7813462
JPKSM,"Kashima, Ibaraki","Kashima, Ibaraki",JP,35.965639,140.644833
JPKSN,Kesennuma,Kesennuma,JP,38.9080078,141.5698223
JPKSR,Kishira,Kishira,JP,31.2297268,131.0037492
JPKSW,"Kashiwa, Ehime","Kashiwa, Ehime",JP,33.0238583,132.4986148
JPKSY,"Kasasa, Yamaguchi","Kasasa, Yamaguchi",JP,33.9426435,132.1603129
JPKTA,Kitanada,Kitanada,JP,33.149139,132.470566
JPKTG,Kutsugata,Kutsugata,JP,45.193207,141.1473569
JPKTK,Kataku,Kataku,JP,33.6409174,131.5047606
JPKTN,Kitakami,Kitakami,JP,39.28333,141.11667
JPKTS,Katashima,Katashima,JP,32.9211776,132.7010143
JPKTX,Kita/Kitadaito,Kita/Kitadaito,JP,24.0631963,123.7799991
JPKTZ,Kata,Kata,JP,39.6972614,140.6708011
JPKUC,Kuchinotsu,Kuchinotsu,JP,32.5969372,130.1819485
JPKUD,Kudamatsu,Kudamatsu,JP,34.0149872,131.8704567
JPKUE,"Kure, Kochi","Kure, Kochi",JP,33.3301233,133.2288292
JPKUF,Kofu,Kofu,JP,35.6652481,138.5710441
JPKUG,Kugui,Kugui,JP,34.5880196,134.0823293
JPKUH,Kushiro,Kushiro,JP,42.9849503,144.3820491
JPKUR,"Katsuura, Chiba","Katsuura, Chiba",JP,35.152194,140.320833
JPKUT,Kute,Kute,JP,35.2318527,132.5074232
JPKUW,Kuwanoura,Kuwanoura,JP,31.8630796,129.8365331
JPKUZ,Kuzu,Kuzu,JP,39.430032,141.146882
JPKWA,Kawanazu,Kawanazu,JP,33.424443,132.406685
JPKWC,"Kawachi, Nagasaki","Kawachi, Nagasaki",JP,34.6695351,129.427185
JPKWI,Kawanoishi,Kawanoishi,JP,33.481135,132.40109
JPKWJ,"Kawajiri, Hiroshima","Kawajiri, Hiroshima",JP,34.4477987,133.2293181
JPKWM,Kawashimo,Kawashimo,JP,43.0672379,141.4475318
JPKWS,Kawasaki,Kawasaki,JP,35.5306639,139.7037668
JPKWT,Kawatana,Kawatana,JP,33.0745898,129.8532263
JPKWX,Kowa,Kowa,JP,34.7719988,136.910268
JPKWZ,Kashiwazaki,Kashiwazaki,JP,37.3719095,138.5591406
JPKXS,Kasumi,Kasumi,JP,35.5187298,134.853176
JPKYA,Kanoya,Kanoya,JP,31.3780472,130.8525167
JPKYR,Isso,Isso,JP,30.4539072,130.4862318
JPKZE,Kozera,Kozera,JP,33.0772036,129.1092253
JPKZH,Kazuhara,Kazuhara,JP,34.2571305,133.7698628
JPKZI,Kijima,Kijima,JP,33.259362,131.42617
JPKZJ,Kozai,Kozai,JP,35.5004431,134.2599115
JPKZK,Kozukushi,Kozukushi,JP,32.8812366,132.7243758
JPKZM,Kazume,Kazume,JP,34.789846,134.803841
JPKZU,Kisarazu,Kisarazu,JP,35.3810808,139.9247334
JPMAD,Maedomari/Iheya,Maedomari/Iheya,JP,27.0425094,127.9733848
JPMAG,Mategata,Mategata,JP,34.114599,132.922625
JPMAI,Maizuru,Maizuru,JP,35.4747274,135.3860338
JPMAK,Makiyama,Makiyama,JP,33.8945559,130.8113069
JPMAM,Matama,Matama,JP,34.912477,133.995389
JPMAO,Matsuo,Matsuo,JP,34.6967819,133.8674569
JPMAR,Marugame,Marugame,JP,34.2888128,133.7982421
JPMAS,Masaki,Masaki,JP,33.7881037,132.7120985
JPMAT,"Matsushima, Nagasaki","Matsushima, Nagasaki",JP,32.9382324,129.5975469
JPMBE,Monbetsu/Abashiri,Monbetsu/Abashiri,JP,44.3565151,143.3545224
JPMBT,Motobu,Motobu,JP,26.6579272,127.8980117
JPMCH,Mochiishi,Mochiishi,JP,33.4819255,133.4544682
JPMDJ,"Masuda, Kagoshima","Masuda, Kagoshima",JP,31.754602,130.603037
JPMDR,Maedomari/Tarama,Maedomari/Tarama,JP,27.0425094,127.9733848
JPMEG,Megi,Megi,JP,34.3943259,134.0497057
JPMEN,Mei,Mei,JP,34.2038274,133.1027137
JPMET,Meitsu,Meitsu,JP,35.4664361,139.4670835
JPMGM,Magome,Magome,JP,35.6088575,139.3148176
JPMGY,Nagayama,Nagayama,JP,43.8106731,142.4369105
JPMHM,Maehama,Maehama,JP,36.380939,140.57839
JPMHR,Mihara,Mihara,JP,34.3974407,133.0785046
JPMIH,Mihonoseki,Mihonoseki,JP,35.5647984,133.3019439
JPMII,"Miike, Fukuoka","Miike, Fukuoka",JP,33.049455,130.483104
JPMIK,"Misaki, Kanagawa","Misaki, Kanagawa",JP,35.1414324,139.6157572
JPMIN,Minamata,Minamata,JP,32.2123376,130.4087616
JPMIR,Miura/Mitsushima,Miura/Mitsushima,JP,33.302497,129.633596
JPMIS,"Misumi, Kumamoto","Misumi, Kumamoto",JP,32.612667,130.471
JPMIY,Miyazu,Miyazu,JP,35.5357466,135.1956369
JPMIZ,Mizushima,Mizushima,JP,34.5070888,133.7456531
JPMJR,Mitajiri,Mitajiri,JP,34.03333,131.58333
JPMKA,Mukata,Mukata,JP,33.6471047,131.668565
JPMKG,Makigawa,Makigawa,JP,30.6245088,130.954454
JPMKI,"Misaki, Kochi","Misaki, Kochi",JP,32.7935172,132.872434
JPMKK,Makurazaki,Makurazaki,JP,31.2728945,130.296867
JPMKR,Mikurajima,Mikurajima,JP,33.8974141,139.5956912
JPMKS,Mitsukoshima,Mitsukoshima,JP,34.195444,132.513055
JPMKW,Mikawa,Mikawa,JP,34.716667,137.3
JPMKX,"Mishima, Kawanoe","Mishima, Kawanoe",JP,34,133.55
JPMMD,Minamidaito,Minamidaito,JP,25.83333,131.23333
JPMMI,"Misumi, Shimane","Misumi, Shimane",JP,34.775722,131.964389
JPMMY,Miyakojima,Miyakojima,JP,24.78333,125.3
JPMNA,Manazuru,Manazuru,JP,35.158417,139.137034
JPMNE,Mine,Mine,JP,34.4703351,129.3180728
JPMNG,Matsunaga,Matsunaga,JP,36.1277538,139.6896922
JPMNJ,Minna/Motobu,Minna/Motobu,JP,24.750078,124.7000937
JPMNM,Minami,Minami,JP,36.070227,133.0887651
JPMNN,Minna/Tarama,Minna/Tarama,JP,24.750078,124.7000937
JPMNO,Miyanoura/Kamiyaku,Miyanoura/Kamiyaku,JP,30.4249412,130.5681255
JPMNT,"Minato, Hyogo","Minato, Hyogo",JP,35.6348072,134.8399906
JPMNY,Minmaya,Minmaya,JP,41.1983544,140.4254865
JPMOJ,Moji/Kitakyushu,Moji/Kitakyushu,JP,33.9,130.96667
JPMOM,Morodomi,Morodomi,JP,33.2227079,130.3930125
JPMOO,Morie,Morie,JP,33.0059,131.903232
JPMOR,Mori,Mori,JP,42.1051532,140.5765977
JPMOT,Motomachi,Motomachi,JP,35.7752954,139.5164465
JPMOU,Motoura/Toshima,Motoura/Toshima,JP,42.4927304,139.8503979
JPMOX,Monoi,Monoi,JP,35.688182,140.198141
JPMQT,"Mito, Kagawa","Mito, Kagawa",JP,34.435533,134.2444408
JPMRA,"Matsushima, Miyagi","Matsushima, Miyagi",JP,38.3801612,141.067129
JPMRE,Mure,Mure,JP,35.6871232,139.5800341
JPMRG,Moriage,Moriage,JP,34.119077,132.932931
JPMRM,Muromoto,Muromoto,JP,34.1523626,133.6449872
JPMRS,"Murotsu, Hyogo","Murotsu, Hyogo",JP,34.5204143,134.8771488
JPMRT,"Murotsu, Yamaguchi","Murotsu, Yamaguchi",JP,33.8409105,132.1358827
JPMRU,Maruo,Maruo,JP,33.224752,132.581304
JPMRZ,Morozaki,Morozaki,JP,34.7029136,136.9709837
JPMSA,Matsusaka,Matsusaka,JP,34.5779441,136.5276002
JPMSD,"Masuda, Shimane","Masuda, Shimane",JP,34.6748584,131.8428933
JPMSH,Musashi,Musashi,JP,35.764215,139.352119
JPMSK,Mashike,Mashike,JP,43.856006,141.5255538
JPMSO,Misho,Misho,JP,32.9775387,132.5370658
JPMSR,Mishiro,Mishiro,JP,33.6985903,130.456838
JPMSS,"Matsushima, Okayama","Matsushima, Okayama",JP,34.6321956,133.8114964
JPMST,Misato,Misato,JP,35.8289993,139.8726811
JPMSX,"Misaki, Ehime","Misaki, Ehime",JP,33.388103,132.131227
JPMTC,Mitachi,Mitachi,JP,34.2429696,133.7154217
JPMTE,Matsue,Matsue,JP,35.468115,133.048768
JPMTI,Mitarai,Mitarai,JP,34.1778442,132.8673433
JPMTK,Mitsukue,Mitsukue,JP,33.455465,132.24232
JPMTM,Matsumae,Matsumae,JP,41.430042,140.1103918
JPMTO,Motoura/Azuma,Motoura/Azuma,JP,42.4927304,139.8503979
JPMTR,Mutsure,Mutsure,JP,33.975278,130.865278
JPMTS,"Matsuura, Nagasaki","Matsuura, Nagasaki",JP,33.3410429,129.7088042
JPMTY,Matoya,Matoya,JP,34.372804,136.8655949
JPMTZ,Matsuzaki,Matsuzaki,JP,34.7527966,138.7786756
JPMUG,Mugi,Mugi,JP,33.6798005,134.4300403
JPMUK,Mukaishima,Mukaishima,JP,34.3828144,133.1976678
JPMUR,Muroran,Muroran,JP,42.3152461,140.9740731
JPMUT,Mutsuogawara,Mutsuogawara,JP,40.933889,141.381389
JPMUX,"Murotsu, Kochi","Murotsu, Kochi",JP,33.3370898,134.1622495
JPMUY,"Miyanoura, Kagawa","Miyanoura, Kagawa",JP,34.4590713,133.9749531
JPMWR,Mawari,Mawari,JP,34.3656857,129.2393446
JPMXT,Mita,Mita,JP,36.1015443,133.0168497
JPMYA,Muya,Muya,JP,34.1731514,134.600621
JPMYI,Miyagi,Miyagi,JP,35.7598512,139.7549343
JPMYJ,Matsuyama,Matsuyama,JP,33.8395188,132.7653521
JPMYK,"Miyako, Iwate","Miyako, Iwate",JP,39.6395835,141.9461177
JPMYN,Miyanoura/Azuma,Miyanoura/Azuma,JP,30.4249412,130.5681255
JPMYT,"Miyoshi, Tokushima","Miyoshi, Tokushima",JP,34.01667,133.8
JPMYU,Miyaura,Miyaura,JP,34.2497423,132.9916721
JPMYX,"Muta, Nagasaki","Muta, Nagasaki",JP,31.81667,130.26667
JPMZK,"Miyazaki, Ehime","Miyazaki, Ehime",JP,34.115241,132.904989
JPMZM,Murozumi,Murozumi,JP,33.5624309,130.3281418
JPMZS,Mizusaki,Mizusaki,JP,33.5570066,131.4220431
JPNAB,Nagara,Nagara,JP,28.2505999,129.2487645
JPNAD,Nadahama,Nadahama,JP,34.765333,134.695821
JPNAG,"Nagahama, Shimane","Nagahama, Shimane",JP,34.872006,132.03949
JPNAH,"Naha, Okinawa","Naha, Okinawa",JP,26.212222,127.679167
JPNAI,Narashino,Narashino,JP,35.66667,140.01667
JPNAK,Nakagusuku,Nakagusuku,JP,26.2620948,127.7897084
JPNAM,Nama,Nama,JP,34.2696529,129.3025462
JPNAN,Nakanoseki,Nakanoseki,JP,34,131.53333
JPNAO,Naoetsu,Naoetsu,JP,37.1848593,138.2649619
JPNAS,Naoshima,Naoshima,JP,34.4598081,133.9956762
JPNAT,Nakatsu,Nakatsu,JP,33.5982794,131.1883225
JPNAY,Nagayo,Nagayo,JP,32.8242152,129.8860926
JPNAZ,Naze,Naze,JP,28.3839816,129.4927919
JPNBU,Nobu/Mitsushima,Nobu/Mitsushima,JP,34.3692812,129.348607
JPNDI,Nishi/Minamidaito,Nishi/Minamidaito,JP,26.2137126,127.6720885
JPNEJ,Nejime,Nejime,JP,31.1506424,130.7585048
JPNEM,Nemuro,Nemuro,JP,43.3301518,145.5833876
JPNEO,Neo,Neo,JP,34.241475,129.3155408
JPNEX,"Nagae, Ehime","Nagae, Ehime",JP,34.2705384,133.1529248
JPNGA,"Nagareyama, Chiba","Nagareyama, Chiba",JP,35.85,139.9
JPNGD,Nagouda,Nagouda,JP,36.268731,133.1877923
JPNGG,Nagame,Nagame,JP,32.4502686,130.4209077
JPNGH,"Nagahama, Ehime","Nagahama, Ehime",JP,33.6172729,132.4807191
JPNGM,Nagimi,Nagimi,JP,33.2727618,132.4953629
JPNGN,Naigainoura,Naigainoura,JP,32.9040295,132.718092
JPNGO,"Nagoya, Aichi","Nagoya, Aichi",JP,35.181389,136.906389
JPNGR,Nagaura/Yokosuka,Nagaura/Yokosuka,JP,37.1348751,136.899615
JPNGS,Nagasaki,Nagasaki,JP,32.7501611,129.8781002
JPNGU,"Nagasu, Kumamoto","Nagasu, Kumamoto",JP,32.926566,130.4682155
JPNGY,Nagaokakyo,Nagaokakyo,JP,34.93333,135.7
JPNHI,Nahari,Nahari,JP,33.4146708,134.0537277
JPNHJ,Noheji,Noheji,JP,40.8644865,141.1281834
JPNHM,"Nagahama, Shiga","Nagahama, Shiga",JP,35.3808618,136.2785068
JPNHR,Nishihara,Nishihara,JP,26.222921,127.7589092
JPNIA,Nita,Nita,JP,34.7549163,138.2188139
JPNIC,Nichinan,Nichinan,JP,31.6019221,131.3788769
JPNID,Nishi/Kitadaito,Nishi/Kitadaito,JP,26.2137126,127.6720885
JPNIH,Niigatahigashi,Niigatahigashi,JP,37.916667,139.05
JPNIJ,Niijima,Niijima,JP,34.3771364,139.2568928
JPNIK,Nikaho,Nikaho,JP,39.2894844,139.968089
JPNIM,Nima,Nima,JP,35.152228,132.408176
JPNIN,Niigatanishi,Niigatanishi,JP,37.916667,139.05
JPNIO,Nio,Nio,JP,34.2031216,133.6508169
JPNIS,Nishinaka,Nishinaka,JP,33.2734237,132.6432816
JPNIT,Namikata,Namikata,JP,34.1215927,132.9539246
JPNIX,Nii,Nii,JP,34.3903552,129.3168068
JPNJM,Nakajima,Nakajima,JP,33.978209,132.623938
JPNJR,Nojiri,Nojiri,JP,31.564869,130.6217225
JPNKD,Nakada,Nakada,JP,26.9254276,127.9477644
JPNKJ,"Nakahama, Kyoto","Nakahama, Kyoto",JP,35.7595503,135.1792211
JPNKK,Nakakoshiki,Nakakoshiki,JP,31.8362952,129.8673463
JPNKL,"Nakama, Kagoshima","Nakama, Kagoshima",JP,28.3342073,129.9611163
JPNKM,"Nakama, Okinawa","Nakama, Okinawa",JP,26.2436367,127.7295077
JPNKN,Nakanoura,Nakanoura,JP,32.9037853,129.0695822
JPNKO,Nanko,Nanko,JP,34.6175934,135.4064691
JPNKR,Nakiri,Nakiri,JP,34.2825739,136.8917513
JPNKS,Nakanoshima,Nakanoshima,JP,29.8418723,129.8669386
JPNKX,Nakanosaku,Nakanosaku,JP,36.958694,140.951583
JPNKY,Nakayama,Nakayama,JP,34.5557462,131.7162961
JPNKZ,Nakashima,Nakashima,JP,33.9396929,134.6712255
JPNMA,"Nagahama, Kagoshima","Nagahama, Kagoshima",JP,31.7039725,129.7359609
JPNMC,Nakamichi,Nakamichi,JP,38.3005894,140.3231447
JPNMI,Nomi,Nomi,JP,36.4392262,136.5424414
JPNMK,Nomaike,Nomaike,JP,31.4125401,130.1346767
JPNMT,Nakaminato,Nakaminato,JP,33.5229949,135.8288638
JPNNK,Nenokuchi,Nenokuchi,JP,40.4791963,140.9402915
JPNNO,Nanao,Nanao,JP,37.0521078,136.946461
JPNOA,Nago,Nago,JP,26.58333,127.96667
JPNOB,Nobeoka,Nobeoka,JP,32.5823063,131.6649034
JPNOH,Nohara,Nohara,JP,35.5705864,135.42957
JPNOJ,Onojo,Onojo,JP,33.53333,130.48333
JPNON,Nonohama,Nonohama,JP,38.3941033,141.4669996
JPNQH,Noho,Noho,JP,26.9955613,127.9250568
JPNRO,Narao,Narao,JP,35.371296,134.5401125
JPNRS,Narushima,Narushima,JP,35.6037085,138.5484209
JPNRU,Naruto,Naruto,JP,34.1725784,134.608408
JPNSA,Nagashima,Nagashima,JP,34.2056684,136.3252815
JPNSB,Nishibe,Nishibe,JP,34.250163,133.1346714
JPNSK,Nishiki,Nishiki,JP,34.446839,135.340696
JPNSM,Nishimura,Nishimura,JP,36.32842,133.2932675
JPNSR,Noshiro,Noshiro,JP,40.2118417,140.0271517
JPNST,Nishikata,Nishikata,JP,31.271133,130.614411
JPNSU,"Nagasu, Oita","Nagasu, Oita",JP,33.571022,131.38108
JPNSX,Nasa,Nasa,JP,36.561627,136.6568822
JPNTO,Nishitokyo,Nishitokyo,JP,35.7261366,139.5380347
JPNTY,Nanatsuyama,Nanatsuyama,JP,32.5556758,131.2912345
JPNUM,Numazu,Numazu,JP,35.0957963,138.8633946
JPNUR,Nishiura,Nishiura,JP,35.0159375,138.8365795
JPNWA,Nyugawa,Nyugawa,JP,33.939885,133.080878
JPNYA,Nishinomiya,Nishinomiya,JP,34.7377745,135.3413128
JPOAA,Okada,Okada,JP,38.2534408,140.9778644
JPOAD,Onoaida,Onoaida,JP,30.2412913,130.5561375
JPOAR,Oarai,Oarai,JP,36.3133375,140.5747222
JPOAX,Oma,Oma,JP,41.5226631,140.9048407
JPOBB,"Obama, Nagasaki","Obama, Nagasaki",JP,32.9704987,129.0382433
JPOBE,"Obe, Ehime","Obe, Ehime",JP,34.1043852,132.9296297
JPOBM,"Obama, Fukui","Obama, Fukui",JP,35.4938281,135.7446614
JPODM,Odomari,Odomari,JP,41.2159268,140.5269616
JPODS,Odeshima,Odeshima,JP,34.4772264,134.1179719
JPOFT,Ohfunato,Ohfunato,JP,39.081944,141.708889
JPOGA,Ogasawara,Ogasawara,JP,27.0942961,142.1918887
JPOGC,Ongachi,Ongachi,JP,28.3554058,129.3968546
JPOGF,Ogifushi,Ogifushi,JP,42.2064909,142.6879683
JPOGH,Oginohama,Oginohama,JP,38.375385,141.447722
JPOGI,"Ogi, Niigata","Ogi, Niigata",JP,37.8091228,138.2637119
JPOGK,"Ogi, Kagawa","Ogi, Kagawa",JP,34.4250543,134.060021
JPOHA,"Ohama, Kagawa","Ohama, Kagawa",JP,34.2350363,133.6098978
JPOHM,"Ohama, Ehime","Ohama, Ehime",JP,33.898157,133.222401
JPOHO,Ohi,Ohi,JP,33.364155,130.873395
JPOHT,Ohata,Ohata,JP,41.1282536,141.276425
JPOII,"Ogi, Ishikawa","Ogi, Ishikawa",JP,37.3005794,137.2258547
JPOIS,Oiso,Oiso,JP,35.3068949,139.3113254
JPOIT,Oita,Oita,JP,33.2393864,131.6096524
JPOIU,"Okiura, Hiroshima","Okiura, Hiroshima",JP,34.2158895,132.899499
JPOJI,Ojika,Ojika,JP,33.1910309,129.0588966
JPOJM,Omosu,Omosu,JP,35.0168469,138.8845749
JPOJO,Osako,Osako,JP,34.6937569,135.5014539
JPOKB,"Okubo, Tokyo","Okubo, Tokyo",JP,35.7046389,139.7052761
JPOKC,"Okitsu, Chiba","Okitsu, Chiba",JP,35.138264,140.2500081
JPOKG,Okogi,Okogi,JP,34.2754053,133.1454949
JPOKI,Oki,Oki,JP,33.2142786,130.4405376
JPOKJ,Okayama,Okayama,JP,34.6553944,133.9194595
JPOKK,Okinokojima,Okinokojima,JP,32.6540275,131.8228011
JPOKM,Okamoto,Okamoto,JP,35.6245311,139.6178249
JPOKN,Okinajima,Okinajima,JP,35.1227775,138.9123958
JPOKU,Oku,Oku,JP,26.8355786,128.2873964
JPOKW,"Okawa, Wakayama","Okawa, Wakayama",JP,34.3078714,135.0898551
JPOMA,Aomi,Aomi,JP,35.61667,139.78333
JPOMC,Omachi,Omachi,JP,36.675716,138.267366
JPOMH,Omotehama,Omotehama,JP,38.3246122,141.466467
JPOMI,Omi,Omi,JP,34.2605537,132.9979664
JPOMJ,Omura,Omura,JP,32.9002281,129.9585055
JPOMO,Omoto,Omoto,JP,39.8316009,141.9741189
JPOMR,Okamura,Okamura,JP,34.1871643,132.8785124
JPOMS,Omishima,Omishima,JP,34.2404612,132.9942181
JPOMT,Ominato,Ominato,JP,41.2626858,141.1285797
JPOMU,Omuta,Omuta,JP,33.047013,130.464155
JPOMW,Omonawa,Omonawa,JP,27.6757563,128.9669824
JPOMY,Omiyaji,Omiyaji,JP,32.388716,130.167167
JPOMZ,Omaezaki,Omaezaki,JP,34.6380966,138.128013
JPONA,Onahama,Onahama,JP,36.954631,140.904106
JPOND,Onoda,Onoda,JP,33.9525122,131.1735844
JPONG,Onagawa,Onagawa,JP,38.4456238,141.4431399
JPONI,Onishi,Onishi,JP,34.537937,135.8241463
JPONJ,Oniike,Oniike,JP,32.539397,130.16719
JPONO,Onomichi,Onomichi,JP,34.4088519,133.2051549
JPONW,Oniwaki,Oniwaki,JP,45.1343745,141.3018607
JPONX,OnomichiItozaki,OnomichiItozaki,JP,34.383333,133.166667
JPOOA,"Oura, Saga","Oura, Saga",JP,33.41518,129.8643207
JPOOB,Obatake,Obatake,JP,33.9670975,132.1653775
JPOOJ,"Okubo, Kagoshima","Okubo, Kagoshima",JP,31.816509,130.8416677
JPOOO,Ozu,Ozu,JP,34.3879947,132.4884168
JPOOR,Oura/Kasaoka,Oura/Kasaoka,JP,34.000094,132.77919
JPOOW,"Okawa, Nagasaki","Okawa, Nagasaki",JP,32.7663286,128.6826467
JPOPA,Oppama,Oppama,JP,35.3,139.61667
JPORN,Orino,Orino,JP,34.2026365,134.4798338
JPORR,Oura/Uchinoura,Oura/Uchinoura,JP,34.000094,132.77919
JPORX,Oura/Marugame,Oura/Marugame,JP,34.3879603,133.7660208
JPOSA,Osaka,Osaka,JP,34.66667,135.5
JPOSD,Oshidomari,Oshidomari,JP,45.2285927,141.2293903
JPOSE,Osoe,Osoe,JP,35.4956344,133.1834951
JPOSG,Ogi,Ogi,JP,33.28333,130.2
JPOSJ,"Otsu, Ibaraki","Otsu, Ibaraki",JP,36.307649,139.975194
JPOSK,"Osaki, Miyagi","Osaki, Miyagi",JP,38.5776571,140.9557224
JPOSL,"Oshima, Yamaguchi","Oshima, Yamaguchi",JP,34.5013695,131.4104558
JPOSM,"Ôshima, Nagasaki","Ôshima, Nagasaki",JP,33.071634,129.7816563
JPOSN,Osaki/Mitsushima,Osaki/Mitsushima,JP,34.3161121,129.2239594
JPOSX,"Osaki, Kagoshima","Osaki, Kagoshima",JP,31.443611,130.984002
JPOTA,Otao,Otao,JP,32.8560092,130.6493534
JPOTJ,Otsuchi,Otsuchi,JP,39.3584659,141.9001305
JPOTK,Otake,Otake,JP,34.2378742,132.2223092
JPOTM,Otomi,Otomi,JP,35.540155,135.5058071
JPOTO,Osato,Osato,JP,38.4243176,141.0044439
JPOTR,Otaru,Otaru,JP,43.1906806,140.9946021
JPOTU,"Otsu, Shiga","Otsu, Shiga",JP,35.017785,135.854812
JPOTW,Otawa,Otawa,JP,35.2113123,139.9467291
JPOUA,Oura/Ariake,Oura/Ariake,JP,32.505408,130.357744
JPOUK,"Osaka, Tottori","Osaka, Tottori",JP,35.4945398,134.358479
JPOUM,Omu,Omu,JP,44.5827629,142.9618064
JPOUR,Oura/Kamitsushima,Oura/Kamitsushima,JP,33.0398059,129.0911686
JPOWA,Owase,Owase,JP,34.0707815,136.1911394
JPOYB,Oyabu,Oyabu,JP,34.533817,133.963046
JPOZU,Ozuku,Ozuku,JP,36.0924314,138.8036504
JPOZX,Ozaki,Ozaki,JP,34.7058514,133.8172048
JPQSG,"Saga, Saga","Saga, Saga",JP,33.2635,130.300833
JPRAU,Rausu,Rausu,JP,44.0218752,145.1897435
JPRBN,Noboribetsu,Noboribetsu,JP,42.45,141.16667
JPRHK,Reihoku,Reihoku,JP,32.5132708,130.0548066
JPRKO,Rokko Island,Rokko Island,JP,34.6882634,135.2703825
JPRMI,Rumoi,Rumoi,JP,43.941029,141.6368171
JPRND,Ronden,Ronden,JP,36.875715,136.88891
JPRYA,Ryuo,Ryuo,JP,35.058228,136.1183245
JPRYO,Ryotsu,Ryotsu,JP,38.083333,138.441667
JPSAB,Saba,Saba,JP,34.4295827,131.3195312
JPSAE,Saiki,Saiki,JP,32.9601732,131.8996704
JPSAG,Saganoseki,Saganoseki,JP,33.253565,131.884078
JPSAJ,Saijo,Saijo,JP,33.9194466,133.1813268
JPSAK,Sakai,Sakai,JP,34.5737364,135.4828866
JPSAM,Samani,Samani,JP,42.1277124,142.9340389
JPSAN,Sanbonmatsu,Sanbonmatsu,JP,34.2528729,134.3389016
JPSAO,Sato,Sato,JP,28.4521283,129.6816087
JPSAT,Sakate,Sakate,JP,34.4584876,134.3324495
JPSAU,Sakitsu,Sakitsu,JP,32.313414,130.021246
JPSAW,Sagawa,Sagawa,JP,35.3010104,133.4762063
JPSAZ,Saza,Saza,JP,33.2175801,129.6483486
JPSBH,Shibetsu,Shibetsu,JP,43.65,145.11667
JPSBK,Sakaisenboku,Sakaisenboku,JP,34.56875,135.445611
JPSBS,Shibushi,Shibushi,JP,31.4953083,131.0456478
JPSBU,Shibaura,Shibaura,JP,35.6442553,139.7498802
JPSBY,Shibayama,Shibayama,JP,35.6930984,140.4141402
JPSCR,Shichirui,Shichirui,JP,35.5750089,133.2191816
JPSDJ,"Sendai, Miyagi","Sendai, Miyagi",JP,38.2677554,140.8691498
JPSDK,Shitooke,Shitooke,JP,28.3573979,130.0224638
JPSDS,Sendaishinko,Sendaishinko,JP,38.268222,140.869417
JPSDU,Sodegaura,Sodegaura,JP,35.4296688,139.9544661
JPSDZ,Saidaiji,Saidaiji,JP,34.6621914,134.0411536
JPSEB,Seibu,Seibu,JP,34.674542,137.6662304
JPSEI,Seki,Seki,JP,35.48333,136.91667
JPSEN,Satsumasendai,Satsumasendai,JP,31.81667,130.25
JPSEQ,Se/Izuhara,Se/Izuhara,JP,36.7360866,138.4304551
JPSES,Sesoko,Sesoko,JP,26.6468546,127.8174519
JPSET,Seto,Seto,JP,35.2238601,137.0840005
JPSEZ,Sezaki,Sezaki,JP,35.5415552,135.3502276
JPSGA,"Saga, Kochi","Saga, Kochi",JP,33.0779891,133.1002848
JPSGE,Suge,Suge,JP,33.066051,132.411616
JPSGI,Shigetomi,Shigetomi,JP,34.8558866,132.3054569
JPSGJ,Sagi,Sagi,JP,34.7179767,137.6958162
JPSGM,Sendaishiogama,Sendaishiogama,JP,38.270722,141.024472
JPSGR,Sagara,Sagara,JP,34.684121,138.204052
JPSGW,Segawa,Segawa,JP,32.965738,130.606583
JPSGX,Sonogi,Sonogi,JP,33.0370956,129.9172018
JPSHG,"Shinagawa, Tokyo","Shinagawa, Tokyo",JP,35.6,139.71667
JPSHH,"Shirahama, Kagoshima","Shirahama, Kagoshima",JP,28.1976051,129.2724538
JPSHJ,Shinko,Shinko,JP,43.1703039,141.0539436
JPSHK,Shinkiba,Shinkiba,JP,35.6365788,139.8297747
JPSHN,Shingu,Shingu,JP,33.7241003,135.9930029
JPSHR,Shari,Shari,JP,43.9124057,144.6720651
JPSHS,Shimonoseki,Shimonoseki,JP,33.9577116,130.9415455
JPSHU,Shushi,Shushi,JP,34.6118067,129.4273138
JPSID,Shido,Shido,JP,34.3168829,134.1715707
JPSIH,"Shirahama, Okinawa","Shirahama, Okinawa",JP,26.66188,128.1082678
JPSIK,Shikamachi,Shikamachi,JP,33.287082,129.615396
JPSIM,Shimama,Shimama,JP,30.4609677,130.8677666
JPSIN,Shiinoki,Shiinoki,JP,37.8411703,140.9018491
JPSIR,"Shirahama, Nagasaki","Shirahama, Nagasaki",JP,33.012964,129.1817307
JPSJA,"Sai, Aomori","Sai, Aomori",JP,41.4298178,140.858905
JPSJI,"Shishijima, Kagawa","Shishijima, Kagawa",JP,34.2709452,133.6768588
JPSJM,"Shishijima, Kagoshima","Shishijima, Kagoshima",JP,32.279931,130.237079
JPSJR,Shiroko,Shiroko,JP,37.24788,140.262736
JPSKB,Shibukawa,Shibukawa,JP,34.463222,133.896047
JPSKD,Sakaide,Sakaide,JP,34.3166804,133.8604011
JPSKK,Sakaki,Sakaki,JP,32.8767482,132.7039356
JPSKM,Shikama,Shikama,JP,34.800111,134.665805
JPSKN,Shikinejima,Shikinejima,JP,34.3273209,139.2189324
JPSKO,Sakoshi,Sakoshi,JP,34.7694053,134.4368648
JPSKT,Sakata,Sakata,JP,38.9147229,139.8364101
JPSKU,Shiraku,Shiraku,JP,36.7227964,140.1380527
JPSKY,Sekiya,Sekiya,JP,37.915905,139.01465
JPSKZ,Shikokuchuo,Shikokuchuo,JP,33.98333,133.55
JPSMA,Souma,Souma,JP,35.5938438,139.5921632
JPSMB,Shimabara,Shimabara,JP,32.788084,130.3705411
JPSMD,"Shimoda, Shizuoka","Shimoda, Shizuoka",JP,34.679528,138.945305
JPSME,Same,Same,JP,35.2102145,136.3373198
JPSMH,Shimohisage,Shimohisage,JP,32.9381023,132.5120314
JPSMI,Sumie,Sumie,JP,33.569678,131.358999
JPSMJ,Shinmoji,Shinmoji,JP,33.86667,130.98333
JPSMM,Shimamaki,Shimamaki,JP,42.7009654,140.0616404
JPSMN,Sakaiminato,Sakaiminato,JP,35.5391751,133.2318575
JPSMO,"Shimoda, Kochi","Shimoda, Kochi",JP,32.9451591,132.9899016
JPSMT,Shimotsu,Shimotsu,JP,34.111375,135.128912
JPSMU,Sakimui,Sakimui,JP,43.8242193,145.0815909
JPSMY,Sumiyoshi,Sumiyoshi,JP,30.6802965,130.9553749
JPSMZ,Shimizu,Shimizu,JP,35.0990798,138.9027103
JPSNA,Sonai/Yonaguni,Sonai/Yonaguni,JP,24.469841,123.0035318
JPSNE,Sone,Sone,JP,33.8346041,130.9579504
JPSNI,Sonai/Taketomi,Sonai/Taketomi,JP,24.3894966,123.7467987
JPSNJ,Shinojima,Shinojima,JP,34.6762608,137.0041761
JPSNK,"Shinkawa, Kagoshima","Shinkawa, Kagoshima",JP,32.235565,130.4441
JPSNM,Sanami,Sanami,JP,35.438834,135.999765
JPSNN,Shonan,Shonan,JP,35.3071468,139.4850343
JPSNO,Shitanoe,Shitanoe,JP,33.1573367,131.8192102
JPSNR,Shukunoura,Shukunoura,JP,32.8962906,129.048779
JPSNW,Shinokawa,Shinokawa,JP,28.2253252,129.2953491
JPSNX,Sanagi,Sanagi,JP,34.3381047,133.6259201
JPSNZ,Shinzaike,Shinzaike,JP,34.2416103,135.2013458
JPSOG,Sogo,Sogo,JP,34.7489047,134.2937104
JPSOH,Shiohama,Shiohama,JP,35.6634824,139.8077876
JPSOO,Shimonokae,Shimonokae,JP,32.883493,132.9441674
JPSOT,Sotodomari/Nishiumi,Sotodomari/Nishiumi,JP,32.9367857,132.4769193
JPSOY,Soya,Soya,JP,45.4865081,141.8816685
JPSOZ,Sozu,Sozu,JP,34.919541,137.819505
JPSRA,Shiraki,Shiraki,JP,33.229532,131.867086
JPSRJ,Shiro,Shiro,JP,36.3038513,133.2218885
JPSRO,Shiraoi,Shiraoi,JP,42.5514527,141.3558669
JPSRS,Shirose,Shirose,JP,38.1415099,138.4460163
JPSRT,Shirakata,Shirakata,JP,34.2413294,133.72809
JPSRX,"Shirahama, Chiba","Shirahama, Chiba",JP,34.908194,139.899222
JPSRZ,Sakurajima,Sakurajima,JP,31.5885088,130.6659596
JPSSA,Shimotsuura,Shimotsuura,JP,32.471736,130.310191
JPSSB,Sasebo,Sasebo,JP,33.1799965,129.7152872
JPSSE,Sasue,Sasue,JP,32.16118,130.129229
JPSSI,Sashiki,Sashiki,JP,32.3019064,130.5038774
JPSSJ,Shisakajima,Shisakajima,JP,34.1073985,133.1850243
JPSSK,Saizaki,Saizaki,JP,34.348481,133.067756
JPSSM,Shishimi,Shishimi,JP,34.515751,129.3191027
JPSSN,Sasuna,Sasuna,JP,34.6323958,129.3956637
JPSSS,Saikai,Saikai,JP,32.93333,129.65
JPSSU,Sensyu,Sensyu,JP,34.43333,135.25
JPSSZ,Shimada,Shimada,JP,34.83333,138.18333
JPSTA,Sata,Sata,JP,35.6320167,135.9837912
JPSTB,Shitaba,Shitaba,JP,33.185312,132.450232
JPSTD,Setoda,Setoda,JP,34.3049846,133.0882147
JPSTE,Satoura,Satoura,JP,34.1722931,134.6297157
JPSTI,Shimotsui,Shimotsui,JP,34.444792,133.784906
JPSTJ,Shikata,Shikata,JP,34.6518523,133.9164022
JPSTN,Setana,Setana,JP,42.4171909,139.8830051
JPSTO,Sakito,Sakito,JP,33.0046065,129.545091
JPSTR,Shirotori,Shirotori,JP,34.2325929,134.3440688
JPSTT,"Seto, Kagoshima","Seto, Kagoshima",JP,32.1040629,130.1692706
JPSTU,Suttsu,Suttsu,JP,42.791029,140.2289507
JPSTZ,Saitozaki,Saitozaki,JP,33.6619932,130.3560614
JPSUG,Suga,Suga,JP,35.358808,133.03202
JPSUH,"Sumoto, Hyogo","Sumoto, Hyogo",JP,34.3429508,134.8954223
JPSUK,Sukumowan,Sukumowan,JP,32.91667,132.71667
JPSUM,Suminoe,Suminoe,JP,43.1843663,141.003563
JPSUR,Sugeura,Sugeura,JP,35.5639256,133.1742922
JPSUS,Susa,Susa,JP,34.6205342,131.618109
JPSUU,Sugawa,Sugawa,JP,35.354669,136.406705
JPSUW,Suwa,Suwa,JP,36.0391748,138.11398
JPSUZ,Susaki,Susaki,JP,33.400826,133.2829594
JPSWA,Shimokawaguchi,Shimokawaguchi,JP,32.7882131,132.8413933
JPSXM,Sunami,Sunami,JP,34.348806,133.113839
JPSXT,"Seto, Kagawa","Seto, Kagawa",JP,34.116334,133.636321
JPSXZ,Nakanoto,Nakanoto,JP,36.98333,136.9
JPSYA,"Shioya, Okinawa","Shioya, Okinawa",JP,26.3497675,127.858758
JPSYD,Sanyo Onoda Yamaguchi,Sanyo Onoda Yamaguchi,JP,34.08333,131.18333
JPSYM,Sonoyama,Sonoyama,JP,34.974604,135.888694
JPSYO,Shoura,Shoura,JP,32.24774,130.171858
JPSZG,Shizugawa,Shizugawa,JP,38.6829135,141.4450478
JPSZI,Shinjima,Shinjima,JP,31.6180182,130.7231499
JPSZK,Senzaki,Senzaki,JP,34.4019603,131.1998231
JPSZU,Shizuura,Shizuura,JP,41.4883526,140.0196788
JPTAD,Tadotsu,Tadotsu,JP,34.2716875,133.7601435
JPTAE,Tanabe,Tanabe,JP,33.7278991,135.3777917
JPTAG,Tagi,Tagi,JP,35.8761357,139.3799524
JPTAJ,Tajiri,Tajiri,JP,31.0095228,130.667299
JPTAK,Takamatsu,Takamatsu,JP,34.3425592,134.0465338
JPTAM,Tamano,Tamano,JP,34.491942,133.9460028
JPTAN,Tanagawa,Tanagawa,JP,34.3194951,135.1228984
JPTAO,Tago,Tago,JP,34.802931,138.7687614
JPTAQ,Taira,Taira,JP,33.2692192,129.1328072
JPTAR,Tahara,Tahara,JP,34.1749292,132.5000057
JPTAS,Takeshiki,Takeshiki,JP,34.2980152,129.2980742
JPTAT,Tatsugo,Tatsugo,JP,28.4132973,129.5893008
JPTAW,Tannowa,Tannowa,JP,34.3335481,135.1740191
JPTAZ,Tai,Tai,JP,34.8814108,135.736029
JPTBN,Tachibana,Tachibana,JP,33.6981518,134.4325756
JPTBO,Tobo,Tobo,JP,33.48333,129.93333
JPTBR,Tabira,Tabira,JP,33.366361,131.274383
JPTBT,Tobata/Kitakyushu,Tobata/Kitakyushu,JP,33.88333,130.83333
JPTBU,Tabu,Tabu,JP,33.433778,132.180209
JPTCH,Tsuchiura,Tsuchiura,JP,36.0786297,140.2045934
JPTDN,Tadanoumi,Tadanoumi,JP,34.340474,133.002777
JPTDT,Tairadate,Tairadate,JP,41.1645371,140.6366515
JPTEA,Takena,Takena,JP,28.1527195,129.2324996
JPTEE,Take,Take,JP,31.5817988,130.5377491
JPTEI,Tei,Tei,JP,33.5046338,133.4065747
JPTER,Teuri,Teuri,JP,44.4275666,141.3167075
JPTEU,Teuchi,Teuchi,JP,31.6379092,129.7022107
JPTGC,Toguchi,Toguchi,JP,28.3680567,129.5796633
JPTGO,Tagonoura,Tagonoura,JP,35.136,138.671889
JPTHM,Tanohama,Tanohama,JP,34.5699594,129.2923772
JPTHR,Takehara,Takehara,JP,34.3418377,132.9070476
JPTHS,Toyohashi,Toyohashi,JP,34.769123,137.391461
JPTIA,Taisha,Taisha,JP,35.119812,138.920766
JPTIS,Teishi,Teishi,JP,34.6334833,138.8841162
JPTJI,Takarajima,Takarajima,JP,29.1547361,129.2052816
JPTJJ,Tomamae,Tomamae,JP,44.3060923,141.6527851
JPTJK,Takashima/Masuda,Takashima/Masuda,JP,34.835675,131.836001
JPTJM,Tojima,Tojima,JP,33.204696,132.363142
JPTJO,"Toshima, Hyogo","Toshima, Hyogo",JP,34.5470386,134.9303974
JPTJR,"Tajiri, Tottori","Tajiri, Tottori",JP,35.484045,133.8530297
JPTJS,Tokashiki,Tokashiki,JP,26.1973527,127.3643273
JPTKA,Tokai,Tokai,JP,35.0228927,136.9023574
JPTKD,Takada,Takada,JP,33.5623548,131.433786
JPTKE,Takeno,Takeno,JP,35.6566588,134.7675617
JPTKH,Takahama/Amakusa,Takahama/Amakusa,JP,32.936231,130.459367
JPTKI,Taki,Taki,JP,34.4785428,136.5113483
JPTKK,Takaoka,Takaoka,JP,36.7362147,137.0187306
JPTKM,Takuma,Takuma,JP,34.2350363,133.6098978
JPTKR,Tokoro,Tokoro,JP,44.1206877,144.0697932
JPTKS,Tokushima,Tokushima,JP,34.0698307,134.5550353
JPTKT,Taketoyo,Taketoyo,JP,34.8510184,136.9149138
JPTKU,Takuno,Takuno,JP,35.1680204,132.4112119
JPTKY,Tokuyama,Tokuyama,JP,34.0444151,131.7967453
JPTKZ,Takezaki,Takezaki,JP,35.1847484,133.159803
JPTMA,Tomari/Shiribeshi,Tomari/Shiribeshi,JP,43.0631282,140.4990026
JPTME,Tomie,Tomie,JP,32.6124117,128.7713957
JPTMI,Tsukumi,Tsukumi,JP,33.0722942,131.861347
JPTMJ,Takami,Takami,JP,34.3155333,133.6773387
JPTMK,Tomakomai,Tomakomai,JP,42.6341039,141.6054899
JPTMM,Tomiku,Tomiku,JP,33.6069352,131.6832358
JPTMN,Tamanoura,Tamanoura,JP,32.6320656,128.6106992
JPTMO,"Tomioka, Kumamoto","Tomioka, Kumamoto",JP,32.522256,130.029398
JPTMR,"Tomari, Okinawa","Tomari, Okinawa",JP,26.2247558,127.6870872
JPTMS,"Tamatsu, Ehime","Tamatsu, Ehime",JP,33.925796,133.201258
JPTMU,Tomitsu,Tomitsu,JP,32.762817,130.199684
JPTMZ,Tarumizu,Tarumizu,JP,31.4926939,130.7012264
JPTNB,Takanabe,Takanabe,JP,32.128128,131.5034055
JPTND,Tonda,Tonda,JP,34.0728708,131.7612112
JPTNI,Tsuneishi,Tsuneishi,JP,34.389211,133.30212
JPTNK,Tanasoko,Tanasoko,JP,32.414427,130.333898
JPTNO,Tonosho,Tonosho,JP,34.4862397,134.1859682
JPTNR,"Tanoura, Kumamoto","Tanoura, Kumamoto",JP,32.3585166,130.5155582
JPTNU,Tanoura/Kitakyushu,Tanoura/Kitakyushu,JP,33.9590921,131.0037731
JPTNY,Taniyama,Taniyama,JP,31.484338,130.4998389
JPTOA,Toyo,Toyo,JP,33.91667,133.08333
JPTOB,Toba,Toba,JP,34.4812985,136.8434721
JPTOC,Togane,Togane,JP,35.56667,140.36667
JPTOG,Togi,Togi,JP,37.1273306,136.7306927
JPTOI,Toi,Toi,JP,33.213456,131.542539
JPTOJ,Toga,Toga,JP,39.9621661,139.7123827
JPTOK,Tokachi,Tokachi,JP,42.6523727,142.9939063
JPTOS,Toyamashinko,Toyamashinko,JP,36.760833,137.192778
JPTOT,Totoro,Totoro,JP,35.4943948,134.2219282
JPTOU,Touyo,Touyo,JP,43.8317542,142.0206632
JPTOX,Toshima/Tokyo,Toshima/Tokyo,JP,34.51667,139.26667
JPTOY,Toyama,Toyama,JP,36.6957569,137.2136215
JPTRC,Tsuruuchi,Tsuruuchi,JP,34.3348263,134.0147746
JPTRG,Tsuruga,Tsuruga,JP,35.6445135,136.0734634
JPTRO,Tororo,Tororo,JP,32.455391,130.058159
JPTRR,Tomariura,Tomariura,JP,32.846091,132.6749879
JPTRU,"Tsurumi, Okayama","Tsurumi, Okayama",JP,34.7059582,134.199774
JPTRZ,Terazu/Yatsuka,Terazu/Yatsuka,JP,35.5023426,133.174161
JPTSG,Takasago,Takasago,JP,34.7661373,134.7906805
JPTSH,Tsushi,Tsushi,JP,34.4086968,134.7805862
JPTSI,Teshima,Teshima,JP,34.479641,134.0703417
JPTSK,Tsurusaki,Tsurusaki,JP,33.2351443,131.6941998
JPTSM,Takashima/Nishisonogi,Takashima/Nishisonogi,JP,35.3529199,136.0356518
JPTSO,Teshio,Teshio,JP,44.8883845,141.7453842
JPTSS,Tasumi,Tasumi,JP,35.3677983,133.3800912
JPTST,Tsutsu,Tsutsu,JP,34.1234603,129.185923
JPTSU,Tsu,Tsu,JP,34.7341973,136.5153283
JPTSX,Takeshima,Takeshima,JP,30.8130961,130.4187816
JPTSZ,Tosashimizu,Tosashimizu,JP,32.7816213,132.9548557
JPTTJ,Tottori,Tottori,JP,35.4943948,134.2219282
JPTTK,Tsuzuki Ku,Tsuzuki Ku,JP,35.53333,139.56667
JPTTM,Tsutsumi,Tsutsumi,JP,35.1146978,135.9968595
JPTTS,"Tateishi, Kagawa","Tateishi, Kagawa",JP,34.3755438,133.724907
JPTTY,Tateyama,Tateyama,JP,34.9965304,139.8699838
JPTUB,Tsubame,Tsubame,JP,37.65,138.93333
JPTUD,Tsuda,Tsuda,JP,34.3004943,134.2404785
JPTUI,Tsui,Tsui,JP,34.3175398,134.6897373
JPTUR,"Tanoura, Ehime","Tanoura, Ehime",JP,34.1843949,133.0308356
JPTUS,Toyoshige,Toyoshige,JP,35.5175323,133.5328095
JPTUU,Tsukumo,Tsukumo,JP,34.367334,132.528868
JPTUZ,Tsuzu Yamaguchi,Tsuzu Yamaguchi,JP,34.05,132.2
JPTXD,Tokuyamakudamatsu,Tokuyamakudamatsu,JP,34,131.76667
JPTXN,Tokoname,Tokoname,JP,34.895858,136.838323
JPTYA,Toyota,Toyota,JP,35.08333,137.16667
JPTYH,"Toyohama, Kagawa","Toyohama, Kagawa",JP,34.074283,133.636392
JPTYJ,"Toyohama, Aichi","Toyohama, Aichi",JP,34.7106706,136.9276178
JPTYN,Tsuiyama,Tsuiyama,JP,35.6517132,134.8331351
JPTYO,Tokyo,Tokyo,JP,35.68333,139.75
JPTYR,Toyoura,Toyoura,JP,42.5834863,140.7116417
JPTZA,Taiza,Taiza,JP,35.7347373,135.0912647
JPTZU,Terazu/Matsue,Terazu/Matsue,JP,35.5023426,133.174161
JPUAO,Urago,Urago,JP,36.0906731,132.9871309
JPUBJ,Ube,Ube,JP,33.9518498,131.2472243
JPUCH,Uchiumi,Uchiumi,JP,31.7508661,131.4616491
JPUCN,Uchinomi,Uchinomi,JP,34.4988529,134.3144351
JPUCR,"Uchiura, Ishikawa","Uchiura, Ishikawa",JP,37.2220382,136.9256212
JPUDD,Udo,Udo,JP,35.0607744,135.1942778
JPUDO,Udono,Udono,JP,33.7370188,136.0060215
JPUEC,Uechi,Uechi,JP,26.4047472,127.737683
JPUGA,Uga,Uga,JP,34.6951233,133.0421755
JPUGU,Ugusu,Ugusu,JP,34.8462247,138.7829881
JPUHH,Uchihana,Uchihana,JP,26.9482206,127.9409516
JPUJI,Ujina,Ujina,JP,34.365326,132.466085
JPUKB,Kobe,Kobe,JP,34.68333,135.16667
JPUKJ,Ukejima,Ukejima,JP,28.0300675,129.2327365
JPUKN,Uken,Uken,JP,28.2807878,129.2970895
JPUKT,Ukitsu,Ukitsu,JP,33.2937677,134.1465104
JPUMG,Umagoe,Umagoe,JP,34.5173698,134.2091591
JPUNO,Uno,Uno,JP,35.1964422,134.0278744
JPUNS,Unoshima,Unoshima,JP,35.5145217,138.7445508
JPUNT,Unten,Unten,JP,26.6874485,127.9992628
JPUOM,Uomi,Uomi,JP,35.8539266,136.2861192
JPUOZ,"Uozu, Toyama","Uozu, Toyama",JP,36.8170731,137.4182725
JPURA,Ura,Ura,JP,34.5408894,134.9887315
JPURG,Uraga,Uraga,JP,35.24746,139.716093
JPURH,Urahara,Urahara,JP,28.2881133,129.9628329
JPURK,Urakawa,Urakawa,JP,42.1684998,142.7680974
JPURM,Uragami,Uragami,JP,33.5609799,135.8967624
JPURS,Urasoko,Urasoko,JP,32.203657,130.161927
JPURU,Furumi,Furumi,JP,35.4960971,134.2058727
JPUSA,Usa/Tosa,Usa/Tosa,JP,33.4529276,133.436779
JPUSG,Ushigakubijima,Ushigakubijima,JP,34.5086984,133.9728104
JPUSH,Ushimado,Ushimado,JP,34.6198794,134.1603052
JPUSI,Ushine,Ushine,JP,34.222869,139.1277129
JPUSJ,Usujiri,Usujiri,JP,41.9355814,140.9445923
JPUSK,Usuki,Usuki,JP,33.1261032,131.8048454
JPUSN,Usuno,Usuno,JP,33.6299152,131.4858277
JPUST,Ushitsu,Ushitsu,JP,37.3033619,137.1599366
JPUSU,Usunoura,Usunoura,JP,33.215218,129.612994
JPUTM,"Utsumi, Aichi","Utsumi, Aichi",JP,34.7430407,136.8723106
JPUTZ,Utazu,Utazu,JP,34.3105438,133.8256305
JPUUN,Unnan,Unnan,JP,35.28333,132.9
JPUWA,Uwajima,Uwajima,JP,33.2232315,132.5606514
JPUZK,Uzuki,Uzuki,JP,36.2787126,133.3612883
JPWAD,Wadomari,Wadomari,JP,27.392124,128.6554414
JPWAI,Waita,Waita,JP,34.387646,129.3427706
JPWAK,Wakayama,Wakayama,JP,34.2342931,135.1783549
JPWAM,Wakamatsu/Kitakyushu,Wakamatsu/Kitakyushu,JP,33.88333,130.81667
JPWAN,Wan,Wan,JP,28.3172077,129.9383712
JPWAT,Watanoha,Watanoha,JP,38.4042814,141.3648079
JPWDA,Wada,Wada,JP,35.6163377,135.9435473
JPWJM,Wajima,Wajima,JP,37.3909384,136.8995701
JPWKJ,Wakkanai,Wakkanai,JP,45.415737,141.6739836
JPWKW,Wakinosawa,Wakinosawa,JP,41.1703845,140.8720422
JPWKZ,Wakizaki,Wakizaki,JP,32.1672966,130.1905086
JPWMT,Wakimoto,Wakimoto,JP,32.9306154,132.6468377
JPWNA,Wano,Wano,JP,28.4198627,129.7001266
JPWNI,Waniura,Waniura,JP,34.6933208,129.4477629
JPWTU,"Wakamatsu, Nagasaki","Wakamatsu, Nagasaki",JP,32.8886641,129.0106883
JPXCA,Niikappu,Niikappu,JP,42.36667,142.31667
JPYAA,Yanagi,Yanagi,JP,32.809237,131.158225
JPYAD,"Yamada, Iwate","Yamada, Iwate",JP,39.4676541,141.9490556
JPYAG,"Yagi, Hyogo","Yagi, Hyogo",JP,34.6744118,134.9314754
JPYAM,Yamagawa,Yamagawa,JP,31.1996799,130.6030122
JPYAN,Yanai,Yanai,JP,33.9640825,132.101193
JPYAS,Yasumiya,Yasumiya,JP,40.4284986,140.8946115
JPYAT,Yatsushiro,Yatsushiro,JP,32.5081425,130.6020211
JPYBK,Yobuko,Yobuko,JP,33.5397012,129.8939239
JPYBT,Yubetsu,Yubetsu,JP,44.1515091,143.5730311
JPYCH,Yachiyo,Yachiyo,JP,35.73333,140.1
JPYDM,Yudomari,Yudomari,JP,30.2374725,130.4736757
JPYGE,Yuge,Yuge,JP,34.300715,133.275754
JPYGR,Yagishiri,Yagishiri,JP,44.4352201,141.4058232
JPYHA,Yoshiura/Yunotsu,Yoshiura/Yunotsu,JP,35.0610913,132.3207301
JPYHI,Yoshiumi,Yoshiumi,JP,34.13333,133.03333
JPYIC,Yoichi,Yoichi,JP,43.1954132,140.7835618
JPYKK,Yokkaichi,Yokkaichi,JP,34.9648428,136.624845
JPYKS,Yokoshima/Kurahashi,Yokoshima/Kurahashi,JP,36.318688,139.995935
JPYKT,"Yokota, Hiroshima","Yokota, Hiroshima",JP,34.7194835,132.6566515
JPYMC,Yumachi,Yumachi,JP,35.430206,133.013432
JPYMD,"Yamada, Okayama","Yamada, Okayama",JP,34.6265156,133.8549244
JPYMG,Yamaguchi,Yamaguchi,JP,34.1781317,131.4737077
JPYNI,Yani,Yani,JP,28.4975571,129.6561813
JPYNN,Yanma,Yanma,JP,28.2405626,129.4180012
JPYNT,Yunotsu,Yunotsu,JP,35.1023562,132.3467797
JPYNZ,Yonouzu,Yonouzu,JP,32.927741,131.989417
JPYOG,Yonegura,Yonegura,JP,34.6287138,133.8934249
JPYOK,Yokohama,Yokohama,JP,35.45,139.65
JPYOR,Yoro,Yoro,JP,28.0437837,129.1625831
JPYOS,Yokosuka,Yokosuka,JP,35.28333,139.66667
JPYOU,Youra,Youra,JP,33.075226,131.994074
JPYQD,Yamada,Yamada,JP,34.432665,134.8203636
JPYRA,"Yura, Hyogo","Yura, Hyogo",JP,34.2987053,134.936037
JPYRO,Yoro,Yoro,JP,35.3,136.55
JPYSD,"Yoshida, Ehime","Yoshida, Ehime",JP,33.2798177,132.5393505
JPYSG,Yasugi,Yasugi,JP,35.431337,133.250942
JPYSM,Yoshima,Yoshima,JP,34.9476013,134.9816966
JPYSR,Yoshiura/Misumi,Yoshiura/Misumi,JP,35.0610913,132.3207301
JPYSU,Yoshiura,Yoshiura,JP,34.2510449,132.5322065
JPYSZ,Yoshizu,Yoshizu,JP,34.1996288,133.6816817
JPYTI,Yutai,Yutai,JP,33.0503023,132.4530998
JPYUA,"Yura, Yamaguchi","Yura, Yamaguchi",JP,33.9040186,132.3155766
JPYUK,Yuki,Yuki,JP,36.3052945,139.8771403
JPYUR,"Yura, Wakayama","Yura, Wakayama",JP,33.9590686,135.118198
JPYUS,Yusu,Yusu,JP,33.191879,132.453354
JPYUU,Yuu,Yuu,JP,33.9341838,132.4398912
JPYWH,Yawatahama,Yawatahama,JP,33.4627983,132.4235208
JPYWN,Yuwan,Yuwan,JP,28.2798274,129.2976451
JPYWT,Yawata/Kitakyushu,Yawata/Kitakyushu,JP,33.85,130.8
JPYYA,Awano,Awano,JP,35.079788,134.270332
JPYZU,Yaizu,Yaizu,JP,34.8672304,138.322843
JPZKA,Iizuka,Iizuka,JP,33.65,130.68333
JPZMM,Zamami,Zamami,JP,26.2289001,127.3031662
KEKIL,Kilindini,Kilindini,KE,-4.0598925,39.6555142
KEKIS,Kisumu,Kisumu,KE,-0.1029109,34.7541761
KELAU,Lamu,Lamu,KE,-2.2675396,40.9010641
KEMBA,Mombasa,Mombasa,KE,-4.05052,39.667169
KEMYD,Malindi,Malindi,KE,-3.2165987,40.1165933
KESIA,Siaya,Siaya,KE,0.06667,34.28333
KESMN,Shimoni,Shimoni,KE,-4.65,39.38333
KHKOS,Kâmpóng Saôm,Kâmpóng Saôm,KH,10.6,103.51667
KHPNH,Phnom Penh,Phnom Penh,KH,11.568271,104.9224426
KHTKH,Ta Khmau,Ta Khmau,KH,11.48333,104.95
KIBIR,Birnie Island,Birnie Island,KI,-3.58333,-171.51667
KIEBI,Enderbury Island,Enderbury Island,KI,-3.15,-171.08333
KIFIS,Fanning Islands,Fanning Islands,KI,3.8346302,-159.2500505
KIHUL,Hull Island,Hull Island,KI,-4.51667,-172.18333
KIMCK,Mckean Island,Mckean Island,KI,-3.58333,-174.11667
KINIK,Nikumaroro,Nikumaroro,KI,-4.68333,-174.51667
KIPHO,Phoenix Islands,Phoenix Islands,KI,-4.4530438,-171.2468814
KISYI,Sydney Island,Sydney Island,KI,-4.46667,-171.25
KITRW,Tarawa,Tarawa,KI,1.433333,173
KMAJN,Anjouan Apt,Anjouan Apt,KM,-12.25,44.41667
KMFOU,"Foumboni, Moheli","Foumboni, Moheli",KM,-12.282222,43.741945
KMMUT,"Mutsamudu, Anjouan","Mutsamudu, Anjouan",KM,-12.15,44.38333
KMYVA,Moroni,Moroni,KM,-11.7040306,43.251909
KNBAS,"Basseterre, Saint Kitts","Basseterre, Saint Kitts",KN,17.2960919,-62.722301
KNCHA,Charlestown,Charlestown,KN,17.13333,-62.61667
KNNEV,Nevis,Nevis,KN,17.15,-62.58333
KPCHO,Chongjin,Chongjin,KP,41.783248,129.8206615
KPGEN,Gensan,Gensan,KP,39.1725946,127.4284243
KPHAE,Haeju,Haeju,KP,38.0421465,125.7084442
KPHGM,Hungnam,Hungnam,KP,39.8508684,127.667594
KPNAM,Nampo,Nampo,KP,38.7282577,125.4118999
KPODA,Odaejin,Odaejin,KP,41.38333,129.75
KPRIW,Riwon,Riwon,KP,40.31667,128.63333
KPRJN,Rajin (Najin),Rajin (Najin),KP,42.21667,130.28333
KPSAM,Samcha do,Samcha do,KP,39.4,124.71667
KPSGN,Songnim,Songnim,KP,38.76667,125.58333
KPSIN,Sinpo,Sinpo,KP,40.06667,128.26667
KPSON,Songjin,Songjin,KP,40.667778,129.1975
KPTCH,Tanchon,Tanchon,KP,40.41667,128.93333
KPWON,Wonsan,Wonsan,KP,39.1725946,127.4284243
KRANJ,Anjeong,Anjeong,KR,34.95,128.43333
KRAWL,Aewol,Aewol,KR,33.45,126.31667
KRBIN,Biin,Biin,KR,36.1468286,126.6172752
KRBJG,Busanjin-Gu,Busanjin-Gu,KR,35.15,129.05
KRBNP,Busan New Port,Busan New Port,KR,35.08333,128.81667
KRBOR,Boryeong,Boryeong,KR,36.33401,126.613165
KRBUK,Bupyong/Incheon,Bupyong/Incheon,KR,37.5,129.13333
KRCHA,Jeju,Jeju,KR,33.5,126.51667
KRCHF,Jinhae,Jinhae,KR,35.13333,128.65
KRCHG,Janghang/Seocheon-gun,Janghang/Seocheon-gun,KR,36,126.68333
KRCJA,Chuja,Chuja,KR,33.95,126.3
KRDBL,Daebul/Yeongam-gun,Daebul/Yeongam-gun,KR,36.018641,127.8407496
KRDCN,Daecheon,Daecheon,KR,36.31667,126.5
KRDDO,Dokdo,Dokdo,KR,37.23333,131.85
KRDHS,Daeheuksando,Daeheuksando,KR,34.68333,125.43333
KRGDO,Galdoo,Galdoo,KR,34.3,126.51667
KRGGH,Gageohyangri,Gageohyangri,KR,34.06667,125.08333
KRGGU,Ganggu,Ganggu,KR,36.35,129.38333
KRGIN,Gyeongin,Gyeongin,KR,37.53333,126.6
KRGMD,Geomundo,Geomundo,KR,34.01667,127.3
KRGRP,Guryongpo,Guryongpo,KR,35.98333,129.55
KRHAS,Hosan,Hosan,KR,37.16667,129.35
KRHDO,Hongdo,Hongdo,KR,34.65,125.18333
KRHHP,Hwahungpo,Hwahungpo,KR,34.3,126.66667
KRHLM,Hallim,Hallim,KR,33.41667,126.25
KRHPO,Hupo,Hupo,KR,36.66667,129.45
KRHSN,Hwasun,Hwasun,KR,33.23333,126.33333
KRINC,Incheon,Incheon,KR,37.45,126.61667
KRJHA,Junghwa,Junghwa,KR,37.6002651,127.0758414
KRJMJ,Jumunjin,Jumunjin,KR,37.88333,128.83333
KRKAN,Gwangyang,Gwangyang,KR,34.93333,127.7
KRKCN,Gamcheon/Busan,Gamcheon/Busan,KR,35.08333,129
KRKDO,Kukdo,Kukdo,KR,34.53333,128.43333
KRKHN,Gohyeon/Geoje,Gohyeon/Geoje,KR,34.88333,128.61667
KRKJE,Geoje,Geoje,KR,34.85,128.58333
KRKPO,Pohang,Pohang,KR,36.03333,129.36667
KRKUV,Gunsan,Gunsan,KR,35.98333,126.71667
KRKWA,Kwangyang,Kwangyang,KR,33.5,126.53333
KRMAS,Masan,Masan,KR,35.2,128.56667
KRMIP,Mipo/Ulsan,Mipo/Ulsan,KR,35.51667,129.43333
KRMOK,Mokpo,Mokpo,KR,34.8,126.38333
KRMUK,Mukho/Donghae,Mukho/Donghae,KR,37.53333,129.1
KRNDS,Nokdongsin,Nokdongsin,KR,34.51667,127.13333
KRNRD,Narodo,Narodo,KR,34.38333,127.25
KROKK,Okgye/Gangneung,Okgye/Gangneung,KR,37.6,129.03333
KROKP,Okpo/Geoje,Okpo/Geoje,KR,34.88333,128.7
KRONS,Onsan/Ulsan,Onsan/Ulsan,KR,35.43333,129.35
KRPTK,Pyeongtaek,Pyeongtaek,KR,36.96667,127.1
KRPUS,Busan,Busan,KR,35.13333,129.05
KRSBU,South Busan,South Busan,KR,34.7301,126.90625
KRSCP,Samcheonpo/Sacheon,Samcheonpo/Sacheon,KR,34.91667,128.06667
KRSEL,Seoul,Seoul,KR,37.51667,126.93333
KRSGG,Songgong,Songgong,KR,34.83333,126.21667
KRSHG,Sinhang/Pohang,Sinhang/Pohang,KR,36.89509,127.01848
KRSHO,Sokcho,Sokcho,KR,38.2,128.58333
KRSMA,Shinma,Shinma,KR,34.43333,126.85
KRSPO,Seogwipo,Seogwipo,KR,33.23333,126.55
KRSSP,Seongsan-po,Seongsan-po,KR,33.45,126.91667
KRSUK,Samcheok,Samcheok,KR,37.43333,129.18333
KRSUO,Suwon,Suwon,KR,37.2633325,127.0287472
KRSWD,Sangwangdeungdo,Sangwangdeungdo,KR,35.65,126.13333
KRTAN,Taean-gun,Taean-gun,KR,36.71667,126.26667
KRTGA,Tonghae,Tonghae,KR,37.53333,129.1
KRTGH,Donghae,Donghae,KR,37.48333,129.11667
KRTJI,Dangjin,Dangjin,KR,36.8904083,126.6461833
KRTSN,Daesan/Seosan,Daesan/Seosan,KR,37,126.36667
KRTYG,Tongyeong,Tongyeong,KR,34.83333,128.41667
KRULL,Ulleung,Ulleung,KR,37.46667,130.9
KRUSN,Ulsan,Ulsan,KR,35.53333,129.31667
KRWND,Wando-gun,Wando-gun,KR,34.3,126.75
KRYGP,Yonggipo,Yonggipo,KR,37.95,124.71667
KRYOC,Yochon,Yochon,KR,35.8032071,126.8889287
KRYOS,Yeosu,Yeosu,KR,34.75,127.71667
KRYPD,Yeonpyeongdo,Yeonpyeongdo,KR,37.65,125.7
KWDOH,Doha,Doha,KW,29.38333,47.8
KWKWI,Kuwait,Kuwait,KW,29.3796532,47.9734174
KWMEA,Mina' al Ahmadi,Mina' al Ahmadi,KW,29.06667,48.15
KWMIB,Mina' 'Abd Allah,Mina' 'Abd Allah,KW,29.01667,48.16667
KWMIS,Mina Saud,Mina Saud,KW,28.76667,48.46667
KWMZR,Mina Al Zour,Mina Al Zour,KW,28.71667,48.4
KWSAA,Shuaiba,Shuaiba,KW,29.03333,48.13333
KWSAL,As Salimiyah,As Salimiyah,KW,29.33333,48.08333
KWSMY,Salmiya,Salmiya,KW,29.33333,48.08333
KWSWK,Shuwaikh,Shuwaikh,KW,29.35,47.93333
KYGEC,"Georgetown, Grand Cayman","Georgetown, Grand Cayman",KY,19.3,-81.38333
KZAAU,Aktau,Aktau,KZ,43.65,51.15
KZBTN,Bautino,Bautino,KZ,44.53333,50.25
KZTAU,Temirtau,Temirtau,KZ,50.05,72.95
LBACT,Amchit,Amchit,LB,34.15,35.63333
LBBEY,Beirut,Beirut,LB,33.83333,35.48333
LBBRU,Brummana,Brummana,LB,35.88333,35.61667
LBBYL,Byblos,Byblos,LB,34.11667,35.65
LBCHK,Chekka,Chekka,LB,34.3308738,35.7350815
LBDRA,Dora,Dora,LB,33.91667,35.56667
LBJIE,Jieh,Jieh,LB,33.6455445,35.4036543
LBKHA,Khalde,Khalde,LB,33.7817608,35.4857182
LBKYE,Tripoli,Tripoli,LB,34.4373616,35.8348551
LBLN8,Bekaa,Bekaa,LB,33.6604238,35.8425017
LBOUZ,Ouzai,Ouzai,LB,33.84949,35.4835801
LBSAY,Saydå,Saydå,LB,33.55,35.36667
LBSEL,Selaata,Selaata,LB,34.2797548,35.664593
LBSUR,Sur (Tyre),Sur (Tyre),LB,33.2721211,35.1964023
LBZHR,Zahrani Terminal,Zahrani Terminal,LB,33.4910259,35.3530936
LBZUK,Zouk,Zouk,LB,33.96667,35.63333
LCCAS,Castries,Castries,LC,14.01667,-60.96667
LCCDS,Cul de Sac,Cul de Sac,LC,13.9819626,-60.9980464
LCVIF,Vieux Fort,Vieux Fort,LC,13.7277133,-60.9527504
LKBRW,Beruwala,Beruwala,LK,6.4755855,79.9834066
LKBTC,Batticoloa,Batticoloa,LK,7.716667,81.7
LKCMB,Colombo,Colombo,LK,6.91667,79.85
LKGAL,Galle,Galle,LK,6.0328139,80.214955
LKHBA,Hambantota,Hambantota,LK,6.11667,81.11667
LKJAF,Jaffna,Jaffna,LK,9.665093,80.0093029
LKJCT,Jaya Container Terminal,Jaya Container Terminal,LK,6.9448644,79.8526977
LKKAL,Kalpitiya,Kalpitiya,LK,8.2368062,79.7661508
LKKAY,Kayts,Kayts,LK,9.6923229,79.8673045
LKKCT,Koggala,Koggala,LK,5.98333,80.33333
LKKNK,Kankesanturai,Kankesanturai,LK,9.8118663,80.0374464
LKKON,Kondavattavan,Kondavattavan,LK,7.28333,81.63333
LKMAN,Mannar,Mannar,LK,8.9812896,79.9043942
LKMAW,Mawella,Mawella,LK,5.98333,80.73333
LKOLU,Oluvil,Oluvil,LK,7.28333,81.85
LKPPE,Point Pedro,Point Pedro,LK,9.8241007,80.2361837
LKSGT,South Asia Gateway Terminal,South Asia Gateway Terminal,LK,6.9468478,79.8446917
LKTAL,Talaimannar,Talaimannar,LK,9.1055245,79.7307431
LKTRR,Trincomalee,Trincomalee,LK,8.576425,81.2344952
LKUCT,Unity Container Terminal,Unity Container Terminal,LK,6.958055,79.8541905
LRCMT,Cape Mount,Cape Mount,LR,7.0496206,-11.129843
LRCPA,Cape Palmas,Cape Palmas,LR,4.36895,-7.7289
LRGBS,Grand Bassa,Grand Bassa,LR,5.88129,-10.0494002
LRGRE,Greenville,Greenville,LR,5.01111,-9.03889
LRHAR,Harper,Harper,LR,4.36667,-7.71667
LRLOB,Lower Buchanan,Lower Buchanan,LR,5.88129,-10.0494002
LRMAR,Marshall,Marshall,LR,6.14861,-10.38361
LRMLW,Monrovia,Monrovia,LR,6.3,-10.8
LRROX,Robertsport,Robertsport,LR,6.7525707,-11.3669534
LRRVC,River Cess,River Cess,LR,5.46667,-9.58333
LRSAZ,Sasstown,Sasstown,LR,4.675292,-8.429129
LRSNI,Sinoe,Sinoe,LR,5.01111,-9.03889
LRTRT,Trade Town,Trade Town,LR,5.8,-9.85
LRUCN,Buchanan,Buchanan,LR,5.88129,-10.0494002
LTBOT,Botingé,Botingé,LT,56.06667,21.11667
LTKLJ,Klaipeda,Klaipeda,LT,55.7127529,21.1350469
LTMLM,Malku ilankos juru uosto PVP/Klaipeda,Malku ilankos juru uosto PVP/Klaipeda,LT,55.71667,21.11667
LTMOM,Molo juru uosto PVP/Klaipeda,Molo juru uosto PVP/Klaipeda,LT,55.71667,21.1
LTPLM,Pilies juru uosto PVP/Klaipeda,Pilies juru uosto PVP/Klaipeda,LT,55.71667,21.08333
LUBKM,Bech-Kleinmacher,Bech-Kleinmacher,LU,49.53333,6.35
LUEZT,Esch-sur-Alzette,Esch-sur-Alzette,LU,49.5,5.98333
LUHDK,Huldange,Huldange,LU,50.15,6
LULUX,Luxembourg,Luxembourg,LU,49.6112768,6.129799
LUMRT,Mertert,Mertert,LU,49.7,6.48333
LUROD,Rodange,Rodange,LU,49.5446067,5.839409
LUWLG,Wormeldange,Wormeldange,LU,49.6,6.4
LUZXC,Grundhof,Grundhof,LU,49.83333,6.31667
LVEGE,Engure,Engure,LV,57.16667,23.21667
LVLPX,Liepaja,Liepaja,LV,56.51667,21.01667
LVMRX,Mersrags,Mersrags,LV,57.33333,23.1
LVPVT,Pavilosta,Pavilosta,LV,56.88333,21.18333
LVRIX,Riga,Riga,LV,56.9479326,24.1079726
LVROJ,Roja,Roja,LV,57.5,22.8
LVSAL,Salacgriva,Salacgriva,LV,57.75,24.35
LVSKU,Skulte,Skulte,LV,57.31667,24.43333
LVVNT,Ventspils,Ventspils,LV,57.4205829,21.6017065
LVZJA,Jurmala,Jurmala,LV,56.95,23.75
LYABA,Al Bayda,Al Bayda,LY,32.7609529,21.7577175
LYABK,Abu Kammash,Abu Kammash,LY,33.073808,11.7363481
LYAPO,Apollonia,Apollonia,LY,32.8978426,21.9650703
LYBAR,Bardiyah,Bardiyah,LY,31.76667,25.1
LYBEN,Bingazi (Benghazi),Bingazi (Benghazi),LY,32.1200168,20.0812174
LYBOU,El Bouri,El Bouri,LY,33.89,12.61
LYBUA,Bu'ayrat al Hasun,Bu'ayrat al Hasun,LY,31.4,15.73333
LYDRX,Darnah,Darnah,LY,32.76667,22.63333
LYELK,El Choms,El Choms,LY,32.65,14.26667
LYESI,As Sidr,As Sidr,LY,30.63333,18.36667
LYKHO,Al Khums,Al Khums,LY,32.65,14.26667
LYLMQ,Marsa Brega,Marsa Brega,LY,30.407313,19.578771
LYMEL,Mellitah (Qasr Ahmed),Mellitah (Qasr Ahmed),LY,32.8547042,12.2394884
LYMHR,Marsa el Hariga,Marsa el Hariga,LY,32.05,24
LYMRA,Misurata,Misurata,LY,32.3745923,15.0905803
LYRLA,Ras Lanuf,Ras Lanuf,LY,30.586862,18.417789
LYSOU,Soussah,Soussah,LY,32.896667,21.963055
LYSRT,Sirte (Surt),Sirte (Surt),LY,31.2059625,16.5836206
LYTAG,Tagiura,Tagiura,LY,32.8834447,13.3525476
LYTIP,Tripoli,Tripoli,LY,32.896672,13.1777923
LYTOA,Toulmeitha,Toulmeitha,LY,32.705411,20.944747
LYTOB,Tobruk,Tobruk,LY,32.0773764,23.9599988
LYTUK,Tukrah,Tukrah,LY,32.532222,20.572222
LYZAW,Az Zawiyah,Az Zawiyah,LY,32.75,12.71667
LYZLI,Zliten,Zliten,LY,32.467562,14.56564
LYZUA,Zuara,Zuara,LY,32.9327858,12.0806069
MA6KN,Souq Larb'A Al Gharb,Souq Larb'A Al Gharb,MA,34.66667,-5.96667
MAAGA,Agadir,Agadir,MA,30.4205162,-9.5838532
MAAHU,Al Hoceïma,Al Hoceïma,MA,35.25,-3.93333
MAANZ,Anza,Anza,MA,30.45,-9.65
MAASI,Asilah,Asilah,MA,35.461928,-6.036545
MAAZE,Azemmour,Azemmour,MA,33.288141,-8.343206
MABUJ,Boujdour,Boujdour,MA,26.13333,-14.48333
MACAS,Casablanca,Casablanca,MA,33.58333,-7.6
MAD2V,Ar Rommani,Ar Rommani,MA,33.51667,-6.6
MAELJ,El Jadida,El Jadida,MA,33.25,-8.5
MAESS,Essaouira,Essaouira,MA,31.5118281,-9.7620903
MAEUN,Laayoune (El Aaiun),Laayoune (El Aaiun),MA,27.154512,-13.1953921
MAJFL,Jorf Lasfar,Jorf Lasfar,MA,33.1100029,-8.6311468
MALAR,Larache,Larache,MA,35.1952327,-6.152913
MAMOH,Mohammedia,Mohammedia,MA,33.6958383,-7.3893292
MANDR,Nador,Nador,MA,35.1739922,-2.9281198
MANNA,Kenitra (ex Port Lyautey),Kenitra (ex Port Lyautey),MA,34.26457,-6.570169
MANPS,"Nouveau Port Safi, Sidi Boudenyan","Nouveau Port Safi, Sidi Boudenyan",MA,32.16667,-9.26667
MAPTM,Tanger Med,Tanger Med,MA,35.889806,-5.501331
MARBA,Rabat,Rabat,MA,34.0218454,-6.8408929
MAREM,Ras El Ma,Ras El Ma,MA,35.11667,-2.4
MARNA,Roches Noires,Roches Noires,MA,33.6,-7.56667
MASAL,Salé,Salé,MA,34.03333,-6.8
MASFI,Safi,Safi,MA,32.299424,-9.239533
MASII,Sidi Ifni,Sidi Ifni,MA,29.3791253,-10.1715632
MASMD,Aït Melloul,Aït Melloul,MA,30.33333,-9.48333
MATEM,Temara,Temara,MA,33.917166,-6.923804
MATNG,Tangier,Tangier,MA,35.78333,-5.81667
MATTU,Tétouan,Tétouan,MA,35.56667,-5.38333
MAVIL,Dakhla,Dakhla,MA,23.6940663,-15.9431274
MCMCM,Monte-Carlo,Monte-Carlo,MC,43.73333,7.41667
MCMON,Monaco,Monaco,MC,43.7309697,7.4248152
MDGIU,Giurgiulesti,Giurgiulesti,MD,45.46667,28.18333
MEBAR,Bar,Bar,ME,42.08333,19.08333
MEBIJ,Bijela,Bijela,ME,42.45,18.66667
MEBUD,Budva,Budva,ME,42.28333,18.83333
MEHNO,Hercegnovi,Hercegnovi,ME,42.45,18.53333
MEIGL,Igalo,Igalo,ME,42.46667,18.51667
MEKOT,Kotor,Kotor,ME,42.41667,18.76667
MEPVC,Petrovac,Petrovac,ME,42.2,18.93333
MERSN,Risan (Risano),Risan (Risano),ME,42.51667,18.7
METIV,Tivat,Tivat,ME,42.43333,18.7
MEULC,Ulcinj,Ulcinj,ME,41.91667,19.2
MEZEL,Zelenika,Zelenika,ME,42.45,18.58333
MFGES,Galisbay,Galisbay,MF,18.06667,-63.08333
MFMAR,Marigot,Marigot,MF,18.06667,-63.08333
MGADK,Androka,Androka,MG,-25.0117748,44.0764913
MGANM,Antalaha,Antalaha,MG,-14.9012302,50.2810433
MGBIK,Brickaville,Brickaville,MG,-18.8208628,49.0694434
MGBMD,Belo,Belo,MG,-19.7014439,44.5483552
MGBPY,Besalampy,Besalampy,MG,-16.7484406,44.4908675
MGBRR,Barren Islands,Barren Islands,MG,-18.266667,43.766667
MGDIE,Antsiranana,Antsiranana,MG,-12.2779632,49.2913743
MGDWB,Soalala,Soalala,MG,-16.102869,45.328472
MGEHL,Ehoala,Ehoala,MG,-25.06667,46.95
MGFTU,Fort Dauphin (Toalagnaro),Fort Dauphin (Toalagnaro),MG,-25.0290132,46.9966565
MGHLV,Hell-Ville,Hell-Ville,MG,-13.405413,48.274305
MGMJN,Majunga (Mahajanga),Majunga (Mahajanga),MG,-15.7181492,46.3172577
MGMNJ,Mananjary,Mananjary,MG,-21.2385393,48.3463035
MGMOB,Manombo,Manombo,MG,-22.9528005,43.4739244
MGMOQ,Morondava,Morondava,MG,-20.2951102,44.2786121
MGMXM,Morombe,Morombe,MG,-21.7440435,43.3593054
MGMXT,Maintirano,Maintirano,MG,-18.0608947,44.023951
MGNOS,Nosy-Be,Nosy-Be,MG,-14.2524573,50.1403601
MGNOV,Nosy-Varika,Nosy-Varika,MG,-20.5829067,48.5322582
MGPSL,Port Saint Louis,Port Saint Louis,MG,-13.083,48.85
MGRVA,Farafangana,Farafangana,MG,-22.8217524,47.8307127
MGSVB,Sambava,Sambava,MG,-14.254956,50.1556533
MGTLE,Tulear (Toliara),Tulear (Toliara),MG,-23.354173,43.66966
MGTMM,Tamatave (Toamasina),Tamatave (Toamasina),MG,-18.1553985,49.4098352
MGTOA,Toamasina,Toamasina,MG,-18.1553985,49.4098352
MGVAT,Vatomandry,Vatomandry,MG,-19.3336272,48.9790394
MGVVB,Mahanoro,Mahanoro,MG,-19.9001695,48.8094884
MGWMN,Maroantsetra,Maroantsetra,MG,-15.4348742,49.7422912
MGWMR,Mananara,Mananara,MG,-18.835611,47.7905273
MGWVK,Manakara,Manakara,MG,-22.1449564,48.0113527
MHMAJ,Majuro,Majuro,MH,7.1,171.38333
MHTAR,Taroa,Taroa,MH,8.7044037,171.2255796
MKDKJ,Demir Kapija,Demir Kapija,MK,41.4,22.23333
MKNOD,Novi Dojran,Novi Dojran,MK,41.21667,22.7
MKRAD,Radovis,Radovis,MK,41.65,22.5
MKSNI,Sveti Nikole,Sveti Nikole,MK,41.85,21.93333
MMAKY,Akyab (Sittwe),Akyab (Sittwe),MM,20.139197,92.8970859
MMBIL,Bilin,Bilin,MM,17.2142678,97.2318618
MMBOG,Bogale,Bogale,MM,16.2905973,95.3968502
MMBSX,Bassein,Bassein,MM,16.783333,94.733333
MMHEB,Henzada,Henzada,MM,17.6457472,95.4609517
MMINS,Insein,Insein,MM,16.8879884,96.1066695
MMKYA,Kyaiklat,Kyaiklat,MM,16.4433836,95.7256825
MMKYP,Kyaukpyu,Kyaukpyu,MM,19.4266675,93.5479844
MMMAR,Martaban,Martaban,MM,16.5255057,97.6084052
MMMER,Mergui,Mergui,MM,12.4319552,98.5955711
MMMNU,Mawlamyine (Moulmein),Mawlamyine (Moulmein),MM,16.4908026,97.6284825
MMPEG,Pegu,Pegu,MM,17.336667,96.479722
MMRGN,Yangon,Yangon,MM,16.7967129,96.1609916
MMSNW,Thandwe (ex Sandoway),Thandwe (ex Sandoway),MM,18.4664443,94.3668616
MMTAV,Tavoy,Tavoy,MM,14.0797232,98.1990191
MMTEN,Tanintharyi,Tanintharyi,MM,12.08333,99.01667
MMTHA,Thaton,Thaton,MM,16.9136941,97.3689718
MMTLA,Thilawa,Thilawa,MM,16.65,96.25
MMVIC,Victoria Point,Victoria Point,MM,9.9833083,98.5511733
MMXYE,Ye,Ye,MM,15.2464126,97.8520389
MOMFM,Macau,Macau,MO,22.2,113.53333
MPSPN,Saipan,Saipan,MP,15.21233,145.7545
MQADA,Les Anses-d'Arlet,Les Anses-d'Arlet,MQ,14.48333,-61.08333
MQFDF,Fort-de-France,Fort-de-France,MQ,14.6,-61.05
MQKF4,Le Vauclin,Le Vauclin,MQ,14.55,-60.85
MQLER,Le Robert,Le Robert,MQ,14.66667,-60.93333
MQPFI,Le Marigot,Le Marigot,MQ,14.81667,-61.03333
MQQPC,Port de Fort-de-France Pt.,Port de Fort-de-France Pt.,MQ,14.6,-61.05
MQSF4,Le Precheur,Le Precheur,MQ,14.8,-61.23333
MQWF3,Case-Pilote,Case-Pilote,MQ,14.63333,-61.13333
MRNDB,Nouadhibou,Nouadhibou,MR,20.9127045,-17.0503094
MRNKC,Nouakchott,Nouakchott,MR,18.0792379,-15.9780071
MRROS,Rosso,Rosso,MR,16.5132493,-15.8099665
MSLTB,Little Bay,Little Bay,MS,16.8,-62.2
MSPLY,Plymouth,Plymouth,MS,16.7054425,-62.2129752
MTBAL,Balzan,Balzan,MT,35.9,14.45
MTBLA,Blata l'Bajda,Blata l'Bajda,MT,35.8877276,14.4949884
MTBZE,Birzebbugia,Birzebbugia,MT,35.83333,14.53333
MTCKW,Cirkewwa,Cirkewwa,MT,35.9858663,14.3356786
MTDIS,Malta Freeport Distripark,Malta Freeport Distripark,MT,35.83333,14.53333
MTDMP,Delimara,Delimara,MT,35.81667,14.55
MTFLO,Floriana,Floriana,MT,35.88333,14.5
MTGHA,Ghargur,Ghargur,MT,35.924069,14.453372
MTGZI,Gzira,Gzira,MT,35.9,14.48333
MTKIR,Kirkop,Kirkop,MT,35.83333,14.48333
MTMAR,Marsaxlokk,Marsaxlokk,MT,35.83333,14.53333
MTMGZ,"Mgarr, Gozo","Mgarr, Gozo",MT,36.01667,14.28333
MTMLA,Valletta,Valletta,MT,35.88333,14.5
MTMSA,Marsa,Marsa,MT,35.86667,14.48333
MTMSS,Marsaskala,Marsaskala,MT,35.86667,14.55
MTMSX,Marsamxett,Marsamxett,MT,35.9,14.5
MTSLM,Sliema,Sliema,MT,35.9,14.5
MTSPB,Saint Paul's Bay (San Pawl il-Bahar),Saint Paul's Bay (San Pawl il-Bahar),MT,35.93333,14.38333
MTTAR,Tarxien,Tarxien,MT,35.85,14.5
MUABN,Albion,Albion,MU,-20.2,57.4
MUBAM,Bambous,Bambous,MU,-20.2571348,57.4176639
MUCUR,Curepipe,Curepipe,MU,-20.3150516,57.5211497
MUPLU,Port Louis,Port Louis,MU,-20.1624522,57.5028044
MUPMA,Port Mathurin,Port Mathurin,MU,-19.68333,63.41667
MUTAM,Tamarin,Tamarin,MU,-20.31667,57.36667
MVADU,Addu,Addu,MV,-0.6263536,73.1791075
MVBAL,Baa Atoll,Baa Atoll,MV,5.13333,72.95
MVCPP,Coastline Private Port,Coastline Private Port,MV,4.16667,73.45
MVHHE,Hulhulé Island,Hulhulé Island,MV,4.18333,73.51667
MVHID,Halaveli,Halaveli,MV,4.03333,72.91667
MVHMT,Hulhumale,Hulhumale,MV,4.23333,73.55
MVHTP,Hithadhoo Port,Hithadhoo Port,MV,-0.63333,73.1
MVKDP,Kulhudhuffushi Port,Kulhudhuffushi Port,MV,6.61667,73.06667
MVKFP,Koodoo Fisheries,Koodoo Fisheries,MV,0.73333,73.43333
MVKUL,Kulhudhuffushi,Kulhudhuffushi,MV,6.61667,73.05
MVMCP,Male' Commercial Harbor,Male' Commercial Harbor,MV,4.16667,73.5
MVMGP,Maldive Gas,Maldive Gas,MV,4.18333,73.45
MVMLE,Male,Male,MV,4.16667,73.5
MVMMP,Maamigili Port,Maamigili Port,MV,3.46667,72.83333
MVRGI,Rangali,Rangali,MV,3.6,72.7
MVVHP,Villa Hakatha,Villa Hakatha,MV,4.18333,73.43333
MWCPK,Chipoka,Chipoka,MW,-14,34.51667
MWTHY,Thyolo,Thyolo,MW,-16.06667,35.13333
MX4TE,Tepetlixpac,Tepetlixpac,MX,19.03333,-98.81667
MX9AS,Xochimancas,Xochimancas,MX,18.78333,-99.1
MXAAO,Camargo,Camargo,MX,27.6784285,-105.1714979
MXACA,Acapulco,Acapulco,MX,16.85,-99.86667
MXACM,Acolman,Acolman,MX,19.61667,-98.91667
MXANH,Acanceh,Acanceh,MX,20.8132499,-89.4529359
MXAOB,Alvaro Obregon,Alvaro Obregon,MX,19.3906515,-99.1952423
MXAPR,Agua Prieta,Agua Prieta,MX,31.3,-109.56667
MXARZ,Arizpe,Arizpe,MX,30.33333,-110.16667
MXATM,Altamira,Altamira,MX,22.4,-97.91667
MXATN,Amatitán,Amatitán,MX,20.83333,-103.71667
MXAVD,Alvarado,Alvarado,MX,18.7711218,-95.7607957
MXBDR,Boca del Río,Boca del Río,MX,19.11667,-96.11667
MXCAT,Cayo Arcas Terminal,Cayo Arcas Terminal,MX,20.1649995,-91.9625444
MXCDD,Ciudad Madero,Ciudad Madero,MX,22.26667,-97.83333
MXCED,Cedros,Cedros,MX,28.11667,-115.16667
MXCME,Ciudad del Carmen,Ciudad del Carmen,MX,18.63333,-91.83333
MXCOA,Coatzacoalcos,Coatzacoalcos,MX,18.13333,-94.4
MXCPE,Campeche,Campeche,MX,19.8436755,-90.5367454
MXCRI,Cedros Island,Cedros Island,MX,28.16667,-115.21667
MXCSG,Ciudad Sahagún,Ciudad Sahagún,MX,19.76667,-98.56667
MXCSL,Cabo San Lucas,Cabo San Lucas,MX,22.88333,-109.88333
MXCTL,Cuautla,Cuautla,MX,20.2,-104.4
MXCTM,Chetumal,Chetumal,MX,18.5024381,-88.2957948
MXCTX,Cotaxtla,Cotaxtla,MX,18.83333,-96.38333
MXCZM,Cozumel,Cozumel,MX,20.51667,-86.93333
MXDBT,Dos Bocas Terminal,Dos Bocas Terminal,MX,18.5,-93.18333
MXDHD,Dolores Hidalgo,Dolores Hidalgo,MX,21.15,-100.91667
MXEA2,Barretal,Barretal,MX,24.08333,-99.11667
MXELD,Eldorado,Eldorado,MX,24.3229416,-107.3634312
MXEPM,Empalme,Empalme,MX,27.96667,-110.81667
MXESE,Ensenada,Ensenada,MX,31.85,-116.6
MXFRN,Frontera,Frontera,MX,18.53333,-92.63333
MXGET,General Terán,General Terán,MX,25.26667,-99.68333
MXGRA,Granjas,Granjas,MX,21.18333,-101.75
MXGSV,Guasave,Guasave,MX,25.56667,-108.45
MXGYM,Guaymas,Guaymas,MX,27.91667,-110.88333
MXHTO,Huatulco (Santa María Huatulco),Huatulco (Santa María Huatulco),MX,15.83333,-96.31667
MXHUN,Hunucmá,Hunucmá,MX,21.0165316,-89.8769258
MXISJ,Isla Mujeres,Isla Mujeres,MX,21.2371906,-86.7350001
MXJDZ,Juchitán de Zaragoza,Juchitán de Zaragoza,MX,16.43333,-95.01667
MXJMN,Jiménez,Jiménez,MX,27.1257887,-104.9118239
MXJZA,Jerez,Jerez,MX,22.6494432,-102.9900276
MXLAP,La Paz,La Paz,MX,24.13333,-110.3
MXLTJ,La Troje,La Troje,MX,19.2108723,-99.2315051
MXLTO,Loreto,Loreto,MX,26.0097913,-111.3452523
MXLZC,Lázaro Cárdenas,Lázaro Cárdenas,MX,17.95,-102.18333
MXMAZ,Mazamitla,Mazamitla,MX,19.91667,-103.03333
MXMHT,Magdalena/Hostotipaquillo,Magdalena/Hostotipaquillo,MX,20.91667,-103.95
MXMID,Mérida,Mérida,MX,20.96667,-89.61667
MXMRE,Morro Redondo,Morro Redondo,MX,28.0442465,-115.1867689
MXMTT,Minatitlan,Minatitlan,MX,17.992773,-94.5567103
MXMZT,Mazatlan,Mazatlan,MX,23.2035785,-106.4208391
MXNAN,Nanchital,Nanchital,MX,18.0702678,-94.4069757
MXNAU,Nautla,Nautla,MX,20.21667,-96.78333
MXOBR,Obregón,Obregón,MX,22.25,-101.26667
MXPAJ,Pajaritos,Pajaritos,MX,18.11667,-94.38333
MXPBJ,Punta Baja,Punta Baja,MX,29.96667,-115.81667
MXPCM,Playa del Carmen,Playa del Carmen,MX,20.61667,-87.06667
MXPGO,Progreso,Progreso,MX,21.26667,-89.65
MXPIC,Pichilingue,Pichilingue,MX,24.3,-110.31667
MXPMD,Puerto Madero,Puerto Madero,MX,14.71667,-92.41667
MXPMS,Puerto Morelos,Puerto Morelos,MX,20.83333,-86.86667
MXPMX,Puérto Mexico,Puérto Mexico,MX,18.1485446,-94.4455062
MXPNG,Puerto Ángel,Puerto Ángel,MX,15.66667,-96.48333
MXPPE,Puerto Peñasco,Puerto Peñasco,MX,31.3170867,-113.531819
MXPTA,Puerta,Puerta,MX,23.36667,-106.33333
MXPUL,Puerto Libertad,Puerto Libertad,MX,29.9,-112.66667
MXPVN,Punta Venado,Punta Venado,MX,20.53333,-87.15
MXPVR,Puerto Vallarta,Puerto Vallarta,MX,20.6,-105.21667
MXRBG,Rabon Grande/Coatzacoalcos,Rabon Grande/Coatzacoalcos,MX,18.21667,-94.4
MXRBV,Ciudad Río Bravo,Ciudad Río Bravo,MX,25.96667,-98.08333
MXRST,Rosarito Terminal,Rosarito Terminal,MX,32.33333,-117.1
MXSBS,San Blas,San Blas,MX,21.542936,-105.284895
MXSCR,San Carlos,San Carlos,MX,24.789444,-112.108333
MXSCX,Salina Cruz,Salina Cruz,MX,16.16667,-95.18333
MXSEY,Seybaplaya,Seybaplaya,MX,19.65,-90.7
MXSGX,San Miguel Xoxtla,San Miguel Xoxtla,MX,19.18333,-98.3
MXSJC,San Juan de la Costa,San Juan de la Costa,MX,24.3724882,-110.689328
MXSLO,San Lorenzo,San Lorenzo,MX,20.336111,-97.319444
MXSMI,Isla San Marcos,Isla San Marcos,MX,27.21667,-112.1
MXSN2,Santa Ana,Santa Ana,MX,30.5410922,-111.1184881
MXSRL,Santa Rosalia,Santa Rosalia,MX,27.3364279,-112.2680462
MXSTT,Santa Teresa,Santa Teresa,MX,20.9592606,-101.3174089
MXTAB,Chiltepec,Chiltepec,MX,18.41667,-93.08333
MXTAK,Takuntah,Takuntah,MX,19.75,-91.7
MXTAM,Tampico,Tampico,MX,22.25,-97.86667
MXTCU,Tecuala,Tecuala,MX,22.3978621,-105.457236
MXTEN,Tenabó,Tenabó,MX,20.05,-90.23333
MXTIJ,Tijuana,Tijuana,MX,32.53333,-117.01667
MXTJT,Tlalpan,Tlalpan,MX,19.28333,-99.16667
MXTMP,Tamaulipas,Tamaulipas,MX,23.9891553,-98.7026825
MXTPB,Topolobampo,Topolobampo,MX,25.6,-109.05
MXTPX,Santa Cruz Tepexpan,Santa Cruz Tepexpan,MX,19.56667,-99.7
MXTUX,Tuxpan,Tuxpan,MX,20.95,-97.4
MXTXC,Tiaxcala,Tiaxcala,MX,19.38333,-98.25
MXTXH,Telixtlahuaca,Telixtlahuaca,MX,17.3,-96.9
MXVER,Veracruz,Veracruz,MX,19.2,-96.08333
MXVNR,Villa Nicolás Romero,Villa Nicolás Romero,MX,19.63333,-99.3
MXXAL,Xalostoc,Xalostoc,MX,19.51667,-99.08333
MXXIH,Zihuatanejo,Zihuatanejo,MX,17.63333,-101.55
MXZCA,Cadereyta Jiménez,Cadereyta Jiménez,MX,25.6,-100
MXZIH,Ixtapa/Zihuatanejo,Ixtapa/Zihuatanejo,MX,17.66667,-101.65
MXZIP,Ixtapaluca,Ixtapaluca,MX,19.3129326,-98.8840481
MXZKP,Zakapu,Zakapu,MX,19.8,-101.8
MXZLO,Manzanillo,Manzanillo,MX,19.05,-104.3
MXZRZ,Zaragoza,Zaragoza,MX,19.76667,-97.53333
MYABU,Abu,Abu,MY,5.7871785,102.4896297
MYANG,Angsi,Angsi,MY,5.08333,104.68333
MYASQ,Teronoh,Teronoh,MY,4.41667,100.98333
MYBAK,Batang Kali,Batang Kali,MY,3.46667,101.63333
MYBAT,Batu Pahat,Batu Pahat,MY,1.8472584,102.9346697
MYBAU,"Bau, Sarawak","Bau, Sarawak",MY,1.417864,110.1553336
MYBBA,"Batu Batu, Sabah","Batu Batu, Sabah",MY,5.03333,115.95
MYBDV,"Bandau, Sabah","Bandau, Sabah",MY,6.5,116.76667
MYBEA,Beaufort,Beaufort,MY,5.33333,115.75
MYBEL,"Beluran, Sabah","Beluran, Sabah",MY,5.88333,117.55
MYBGG,"Bunan Gega, Sarawak","Bunan Gega, Sarawak",MY,0.9065999,110.5394651
MYBGR,Bunga Raya,Bunga Raya,MY,6.95,104.1
MYBGU,Bangau,Bangau,MY,6.95,116.7
MYBIA,"Biawak, Sarawak","Biawak, Sarawak",MY,1.618546,109.6804836
MYBKI,"Kota Kinabalu, Sabah","Kota Kinabalu, Sabah",MY,5.96667,116.06667
MYBKP,Bakapit,Bakapit,MY,4.95,118.583333
MYBLG,"Belaga, Sarawak","Belaga, Sarawak",MY,2.660919,114.3816514
MYBLI,"Batu Lintang, Sarawak","Batu Lintang, Sarawak",MY,1.0196738,111.5529762
MYBMA,Bandar Maharani,Bandar Maharani,MY,2.0425046,102.5658852
MYBNG,"Binatang, Sarawak","Binatang, Sarawak",MY,2.1676316,111.6779884
MYBNT,"Benut, Johor","Benut, Johor",MY,1.6492362,103.2584382
MYBRU,Pulau Bruit,Pulau Bruit,MY,2.58333,111.33333
MYBSE,"Sematan, Sarawak","Sematan, Sarawak",MY,1.8052723,109.7782709
MYBST,Kuala Besut,Kuala Besut,MY,5.83333,102.56667
MYBTG,"Betong, Sarawak","Betong, Sarawak",MY,1.4818834,111.550659
MYBTK,Bandar Tenggara,Bandar Tenggara,MY,1.86667,103.61667
MYBTM,Batu Maung,Batu Maung,MY,5.28333,100.28333
MYBTN,Bintangor,Bintangor,MY,2.168437,111.6360424
MYBTU,"Bintulu, Sarawak","Bintulu, Sarawak",MY,3.1874261,113.0472803
MYBTW,Batu Kawan,Batu Kawan,MY,5.25,100.41667
MYBWH,Bagan Luar (Butterworth),Bagan Luar (Butterworth),MY,5.4133154,100.3741113
MYCEN,Cendor,Cendor,MY,5.56667,104.55
MYDGN,Kuala Dungun,Kuala Dungun,MY,4.78333,103.43333
MYDRO,"Daro, Sarawak","Daro, Sarawak",MY,2.5139835,111.432287
MYEND,Endau,Endau,MY,2.6522429,103.6225087
MYHUM,Hutan Melintang,Hutan Melintang,MY,3.88333,100.93333
MYJAM,"Jambongan, Sabah","Jambongan, Sabah",MY,6.66667,117.5
MYJEL,Jelutong,Jelutong,MY,5.4,100.31667
MYJHB,Johor Bahru,Johor Bahru,MY,1.4581986,103.7649059
MYKAB,"Kabong, Sarawak","Kabong, Sarawak",MY,1.8821753,111.2694506
MYKBA,Kuala Baram,Kuala Baram,MY,4.56667,113.98333
MYKBD,"Kota Belud, Sabah","Kota Belud, Sabah",MY,6.35,116.43333
MYKBR,Kota Bharu,Kota Bharu,MY,6.1247911,102.2378065
MYKBS,Kuala Besar,Kuala Besar,MY,6.2200094,102.2369563
MYKCH,"Kuching, Sarawak","Kuching, Sarawak",MY,1.5597561,110.345397
MYKEM,Kemaman,Kemaman,MY,4.2345863,103.4235854
MYKET,Kertih,Kertih,MY,4.51667,103.45
MYKIJ,Kijal,Kijal,MY,4.3349921,103.4811629
MYKIM,"Kimanis, Sabah","Kimanis, Sabah",MY,5.61667,115.9
MYKKH,Kuala Kedah,Kuala Kedah,MY,6.1072177,100.2934899
MYKKP,Kukup,Kukup,MY,1.3257891,103.4442183
MYKPN,Kepong,Kepong,MY,3.21667,101.63333
MYKPS,Kuala Perlis,Kuala Perlis,MY,6.4032926,100.1345543
MYKPU,"Kuala Penyu, Sabah","Kuala Penyu, Sabah",MY,5.4401919,115.4949313
MYKSD,Kuala Sedili,Kuala Sedili,MY,1.9272098,104.121536
MYKSL,Kuala Selangor,Kuala Selangor,MY,3.3314558,101.2513058
MYKSS,Kota Sarang Semut,Kota Sarang Semut,MY,5.975202,100.3990214
MYKTI,Kota Tinggi,Kota Tinggi,MY,1.7336743,103.9006975
MYKUA,Kuantan (Tanjong Gelang),Kuantan (Tanjong Gelang),MY,3.7974493,103.3219191
MYKUD,"Kudat, Sabah","Kudat, Sabah",MY,7.2316455,117.1711562
MYKUG,Kuala Gula,Kuala Gula,MY,4.9294093,100.4666165
MYKUN,"Kunak, Sabah","Kunak, Sabah",MY,4.6857678,118.0170657
MYLAU,Pulau Indah,Pulau Indah,MY,2.93333,101.31667
MYLBH,Labuan Haji,Labuan Haji,MY,4.48333,118.63333
MYLBU,"Labuan, Sabah","Labuan, Sabah",MY,5.3,115.22
MYLDU,"Lahad Datu, Sabah","Lahad Datu, Sabah",MY,5.1155093,118.4306361
MYLGG,"Lingga, Sarawak","Lingga, Sarawak",MY,1.3518606,111.1701151
MYLGK,Langkawi,Langkawi,MY,6.36667,99.8
MYLMN,"Limbang, Sarawak","Limbang, Sarawak",MY,4.3519985,115.0602417
MYLPK,Northport/Pt Klang,Northport/Pt Klang,MY,3,101.4
MYLUM,Lumut,Lumut,MY,4.2246469,100.6211525
MYLUN,"Lundu, Sarawak","Lundu, Sarawak",MY,1.747985,109.7771848
MYLUT,"Lutong, Sarawak","Lutong, Sarawak",MY,4.4707493,114.0090456
MYLWY,"Lawas, Sarawak","Lawas, Sarawak",MY,4.4551211,115.427188
MYMAN,Manjung,Manjung,MY,4.334761,100.6342662
MYMBK,Merbok,Merbok,MY,5.71667,100.41667
MYMBS,Menumbok,Menumbok,MY,5.3,115.36667
MYMEM,"Mempakul, Sabah","Mempakul, Sabah",MY,5.2967088,115.3584871
MYMEN,Nenasi,Nenasi,MY,3.13333,103.45
MYMEP,Mersing,Mersing,MY,2.4298532,103.835494
MYMKM,"Mukah, Sarawak","Mukah, Sarawak",MY,2.8118528,112.291206
MYMKZ,Malacca,Malacca,MY,2.1942647,102.2486651
MYMUA,Muar,Muar,MY,2.0425046,102.5658852
MYMUD,Muda Marine Terminal,Muda Marine Terminal,MY,7.58333,102.98333
MYMUR,"Marudi, Sarawak","Marudi, Sarawak",MY,4.1766125,114.3604754
MYMYY,"Miri, Sarawak","Miri, Sarawak",MY,4.3940102,113.9880199
MYNII,Nilai,Nilai,MY,2.81667,101.8
MYPAN,Panchang,Panchang,MY,3.6892019,100.9699862
MYPAS,Pasir Gogok,Pasir Gogok,MY,1.4203906,104.1030128
MYPBA,"Pulau Batik, Sabah","Pulau Batik, Sabah",MY,4.7146917,118.458868
MYPDI,Port Dickson,Port Dickson,MY,2.5262491,101.8106156
MYPEN,Penang (Georgetown),Penang (Georgetown),MY,5.41667,100.31667
MYPGG,Pengerang,Pengerang,MY,1.36667,104.11667
MYPGU,"Pasir Gudang, Johor","Pasir Gudang, Johor",MY,1.4953437,103.9207048
MYPHI,Pasir Hitam,Pasir Hitam,MY,4.6469969,100.6158735
MYPJK,Pulau Jarak,Pulau Jarak,MY,3.96667,100.08333
MYPKG,Port Klang (Pelabuhan Klang),Port Klang (Pelabuhan Klang),MY,3,101.4
MYPKK,Pengkalan Kubor,Pengkalan Kubor,MY,6.231916,102.091924
MYPMT,Penara Marine Terminal,Penara Marine Terminal,MY,6.11667,105.01667
MYPND,Pending,Pending,MY,1.55,110.38333
MYPOW,Pontian,Pontian,MY,1.4867387,103.3884296
MYPPI,Pulau Pisang,Pulau Pisang,MY,1.4675551,103.2543003
MYPRA,Perai,Perai,MY,5.38333,100.38333
MYPRN,Kuala Rompin,Kuala Rompin,MY,2.80581,103.488504
MYPTB,"Pulau Tambisan, Sabah","Pulau Tambisan, Sabah",MY,5.4503847,119.1207703
MYPUN,"Punang, Sarawak","Punang, Sarawak",MY,4.8904506,115.3499662
MYREJ,"Rejang, Sarawak","Rejang, Sarawak",MY,2.2887604,111.8235475
MYSAM,Samu,Samu,MY,1.55,111.53333
MYSAR,Sarikei,Sarikei,MY,2.11667,111.51667
MYSBT,Sabahat,Sabahat,MY,5.06667,119.03333
MYSBW,"Sibu, Sarawak","Sibu, Sarawak",MY,2.2996601,111.8710012
MYSDK,"Sandakan, Sabah","Sandakan, Sabah",MY,5.8391274,118.1158598
MYSDM,Sindumin,Sindumin,MY,4.9641587,115.5070861
MYSDR,"Sundar, Sarawak","Sundar, Sarawak",MY,4.8886918,115.2084606
MYSEJ,"Sejingkat, Sarawak","Sejingkat, Sarawak",MY,1.5992454,110.4314574
MYSEL,"Selalang, Sarawak","Selalang, Sarawak",MY,2.0173767,111.3196564
MYSEP,"Sepang, Selangor","Sepang, Selangor",MY,2.7,101.75
MYSGG,Sungai Udang,Sungai Udang,MY,2.25,102.08333
MYSGM,Segamat,Segamat,MY,2.5,102.81667
MYSHA,Shah Alam,Shah Alam,MY,3.0739429,101.5185278
MYSIP,Samalaju,Samalaju,MY,3.5675103,113.3843265
MYSME,Sri Medan,Sri Medan,MY,1.9837125,102.9563819
MYSMG,"Simanggang, Sarawak","Simanggang, Sarawak",MY,1.2376156,111.462148
MYSMJ,"Simunjan, Sarawak","Simunjan, Sarawak",MY,1.3609323,110.8383263
MYSMM,"Semporna, Sabah","Semporna, Sabah",MY,4.4790765,118.4297732
MYSNP,North Pt,North Pt,MY,3.0317334,101.3609907
MYSNR,Senari - Sarawak,Senari - Sarawak,MY,1.6,110.43333
MYSPG,"Simpangan, Sabah","Simpangan, Sabah",MY,6.2116368,116.2054181
MYSPT,"Sipitang, Sabah","Sipitang, Sabah",MY,4.634452,115.6861012
MYSRE,Sungai Rengit,Sungai Rengit,MY,1.3503252,104.222131
MYSUM,Sungai Merah,Sungai Merah,MY,2.33333,111.83333
MYSUP,Sungai Udang Port,Sungai Udang Port,MY,2.25,102.13333
MYSUW,Sungai Way,Sungai Way,MY,3.08333,101.61667
MYTAG,Tanjung Lembung,Tanjung Lembung,MY,6.28333,99.78333
MYTAI,Tampoi,Tampoi,MY,1.48333,103.68333
MYTAS,Telok Intan,Telok Intan,MY,4.023176,101.026184
MYTAT,Tapis Terminal,Tapis Terminal,MY,5.521944,104.9825
MYTBE,Tanjong Berhala,Tanjong Berhala,MY,4.25833,103.468
MYTBI,Tanjong Bin,Tanjong Bin,MY,5.4537215,100.3228659
MYTDA,Tanjong Dawai,Tanjong Dawai,MY,5.6796421,100.365983
MYTGE,Tanjung Gelang,Tanjung Gelang,MY,3.98333,103.41667
MYTGG,Kuala Terengganu,Kuala Terengganu,MY,5.3296461,103.1383265
MYTJH,Batu Gajah,Batu Gajah,MY,4.46667,101.05
MYTKP,Kampong Tanjong Kupang,Kampong Tanjong Kupang,MY,1.35,103.58333
MYTLA,Kampung Tanjung Langsat,Kampung Tanjung Langsat,MY,1.46667,104.01667
MYTMP,Tanjung Manis,Tanjung Manis,MY,2.13333,111.35
MYTOD,Tioman,Tioman,MY,2.806509,104.1721329
MYTPP,Tanjung Pelepas,Tanjung Pelepas,MY,1.36667,103.55
MYTRB,Teluk Rubiah,Teluk Rubiah,MY,4.167431,100.618585
MYTRM,Telok Ramunia,Telok Ramunia,MY,1.371944,104.2475
MYTSR,Tanjong Surat,Tanjong Surat,MY,1.4714946,104.0576926
MYTUB,Tubau,Tubau,MY,3.13333,113.7
MYTUM,Tumpat,Tumpat,MY,6.2002519,102.1706651
MYTUN,Tungku,Tungku,MY,5.0205336,118.8891255
MYTWU,"Tawau, Sabah","Tawau, Sabah",MY,4.2435206,117.885331
MYWAL,"Wallace Bay, Sabah","Wallace Bay, Sabah",MY,4.2441691,117.6629814
MYWES,"Weston, Sabah","Weston, Sabah",MY,5.2125971,115.6057549
MYXPQ,Port Klang (Ferry Port),Port Klang (Ferry Port),MY,3.01667,101.36667
MZANO,Angoche,Angoche,MZ,-16.2292451,39.9081111
MZBEL,Bela Vista,Bela Vista,MZ,-26.3447218,32.6714431
MZBEW,Beira,Beira,MZ,-19.8340679,34.8358075
MZCOR,Coropoa,Coropoa,MZ,-16.53333,39.68333
MZIBO,Ibo,Ibo,MZ,-12.3415949,40.5863929
MZINE,Chinde,Chinde,MZ,-18.583112,36.461583
MZINH,Inhambane,Inhambane,MZ,-23.865961,35.384363
MZMAT,Matola,Matola,MZ,-25.966917,32.466956
MZMCU,Macuse,Macuse,MZ,-17.7097227,37.1911469
MZMEM,Memba,Memba,MZ,-14.1869585,40.5309906
MZMMW,Moma,Moma,MZ,-16.7627577,39.2216925
MZMNC,Nacala,Nacala,MZ,-14.5583059,40.6863816
MZMOR,Morrumbene,Morrumbene,MZ,-23.6583493,35.343156
MZMPM,Maputo,Maputo,MZ,-25.966213,32.56745
MZMSG,Massinga,Massinga,MZ,-23.3296972,35.3805121
MZMZB,Mocímboa da Praia,Mocímboa da Praia,MZ,-11.33333,40.35
MZMZQ,Mocambique,Mocambique,MZ,-15.0393502,40.7316741
MZNSO,Nova Sofala,Nova Sofala,MZ,-20.1455527,34.7565755
MZPBE,Porto Belo,Porto Belo,MZ,-17.721944,37.188889
MZPEB,Pebane,Pebane,MZ,-17.2655997,38.1419334
MZPOL,Pemba,Pemba,MZ,-12.9735551,40.5215098
MZUEL,Quelimane,Quelimane,MZ,-17.87751,36.890216
NALUD,Lüderitz,Lüderitz,NA,-26.65,15.16667
NARUA,Ruacana,Ruacana,NA,-17.43333,14.35
NAWVB,Walvis Bay,Walvis Bay,NA,-22.9557607,14.5071125
NCDUS,Ducos,Ducos,NC,-22.23333,166.45
NCKOU,Kouaoua,Kouaoua,NC,-21.4,165.83333
NCLIF,Lifou,Lifou,NC,-20.96667,167.23333
NCMEE,Maré,Maré,NC,-21.5,167.98333
NCMTD,Le Mont-Dore,Le Mont-Dore,NC,-22.28333,166.58333
NCNAK,Nakéty,Nakéty,NC,-21.55,166.03333
NCNEP,Népoui,Népoui,NC,-21.31667,165
NCNOU,Nouméa,Nouméa,NC,-22.26667,166.45
NCPAA,Paagoumène,Paagoumène,NC,-20.48333,164.2
NCPNY,Prony,Prony,NC,-22.31667,166.81667
NCPOR,Poro,Poro,NC,-21.3,165.71667
NCTHI,Thio,Thio,NC,-21.616667,166.216667
NCTON,Tontouta Apt,Tontouta Apt,NC,-22.016389,166.216111
NCTUD,Teoudie,Teoudie,NC,-20.76667,164.4
NCVAV,Vavouto,Vavouto,NC,-21,164.66667
NCWAL,Wala,Wala,NC,-19.71667,163.65
NGABM,Agbami,Agbami,NG,3.51667,5.51667
NGABO,Abonnema,Abonnema,NG,4.7243061,6.7739026
NGADO,Ado,Ado,NG,7.802282,7.6482445
NGAKP,Akpo,Akpo,NG,3.133333,6.816667
NGANA,Antan,Antan,NG,4.21667,8.31667
NGANB,Anambra,Anambra,NG,6.2183136,6.9531842
NGANT,Anta,Anta,NG,9.45,8.46667
NGAPP,Apapa,Apapa,NG,6.4469046,3.362237
NGBAD,Badagri,Badagri,NG,6.41502,2.88132
NGBON,Bonny,Bonny,NG,4.4340554,7.1754202
NGBRA,Brass,Brass,NG,4.3104558,6.2410539
NGBUR,Burutu,Burutu,NG,5.3522824,5.5079208
NGCBQ,Calabar,Calabar,NG,4.9795999,8.3373597
NGEAT,Ea Terminal,Ea Terminal,NG,4.78333,5.28333
NGEKE,Eket,Eket,NG,4.6421004,7.9264074
NGERT,Erha Terminal,Erha Terminal,NG,5.35,4.35
NGESC,Escravos,Escravos,NG,5.6140689,5.2035523
NGFLM,Falomo,Falomo,NG,6.45,3.43333
NGFOR,Forcados,Forcados,NG,5.3623659,5.4395411
NGIMA,Ima,Ima,NG,4.21667,7.38333
NGKIR,Kirikakiri,Kirikakiri,NG,4.5977962,6.6432335
NGKOK,Koko,Koko,NG,6,5.466667
NGKT7,Katsina,Katsina,NG,12.98333,7.58333
NGKUL,Kula,Kula,NG,4.341743,6.6448264
NGLKK,Ibeju - Lekki,Ibeju - Lekki,NG,6.4706069,3.8082323
NGLOS,Lagos,Lagos,NG,6.4550575,3.3941795
NGOKN,Okono,Okono,NG,4.01667,7.28333
NGOKR,Okrika,Okrika,NG,4.7415886,7.0848772
NGOKW,Okwori,Okwori,NG,3.85,6.96667
NGONN,Onne,Onne,NG,4.71667,7.15
NGORO,Oron,Oron,NG,4.8169432,8.2369999
NGOSO,Oso,Oso,NG,2.83333,8
NGOYO,Oyo,Oyo,NG,7.8410537,3.9315363
NGPHC,Port Harcourt,Port Harcourt,NG,4.7676576,7.0188527
NGSOT,Sango Otta,Sango Otta,NG,6.7,3.23333
NGSPL,Sapele,Sapele,NG,5.8948144,5.6795885
NGTIN,Tincan/Lagos,Tincan/Lagos,NG,6.4337867,3.3487741
NGWAR,Warri,Warri,NG,5.5186186,5.7480196
NI8LG,Totogalpa,Totogalpa,NI,13.56667,-86.5
NIBEF,Bluefields,Bluefields,NI,11.6038399,-83.5613814
NICIO,Corinto,Corinto,NI,12.481719,-87.1713035
NIELB,El Bluff,El Bluff,NI,11.994705,-83.6903795
NILM8,Las Maderas,Las Maderas,NI,12.43333,-86.03333
NIMAC,Masachapa,Masachapa,NI,11.78333,-86.51667
NIPIB,Puerto Isabel,Puerto Isabel,NI,13.36667,-83.56667
NIPRI,Prinzapolca,Prinzapolca,NI,13.4074066,-83.5643747
NIPSN,Puerto Sandino,Puerto Sandino,NI,12.18333,-86.75
NIPTI,Potosí,Potosí,NI,13,-87.5
NIPUZ,Puerto Cabezas,Puerto Cabezas,NI,14.2851718,-83.1952027
NIRAM,Rama,Rama,NI,12.15,-84.21667
NISJS,San Juan del Sur,San Juan del Sur,NI,11.1943967,-85.8597572
NITPA,Tipitapa,Tipitapa,NI,12.2,-86.1
NLA2Z,Oud-Alblas,Oud-Alblas,NL,51.85,4.7
NLAAL,Aalst,Aalst,NL,51.95,5.53333
NLAAM,Aalsmeer,Aalsmeer,NL,52.2669442,4.7493384
NLABL,Alblasserdam,Alblasserdam,NL,51.865799,4.6653953
NLAER,Almere,Almere,NL,52.36667,5.21667
NLAHO,Achthoven,Achthoven,NL,52.05,4.98333
NLAKL,Akersloot,Akersloot,NL,52.5599095,4.7320342
NLALK,Alkmaar,Alkmaar,NL,52.63333,4.75
NLALM,Almelo,Almelo,NL,52.35,6.66667
NLAMB,Aalsmeerderbrug,Aalsmeerderbrug,NL,52.26667,4.75
NLAME,Amersfoort,Amersfoort,NL,52.15,5.38333
NLAML,Ameland,Ameland,NL,53.4063472,5.74825
NLAMR,Amerongen,Amerongen,NL,52,5.46667
NLAMS,Amsterdam,Amsterdam,NL,52.4,4.81667
NLANC,Sint Pancras,Sint Pancras,NL,52.66667,4.78333
NLANK,Everingen,Everingen,NL,51.4,3.75
NLANP,Anna Paulowna,Anna Paulowna,NL,52.86667,4.86667
NLAPN,Alphen aan den Rijn,Alphen aan den Rijn,NL,52.13333,4.66667
NLAPP,Appingedam,Appingedam,NL,53.31667,6.86667
NLARC,Arcen,Arcen,NL,51.48333,6.18333
NLARI,Aarle Rixtel,Aarle Rixtel,NL,51.5,5.63333
NLAWD,Albrandswaard,Albrandswaard,NL,51.85,4.41667
NLBAN,Bant,Bant,NL,52.76667,5.75
NLBDA,Birdaard,Birdaard,NL,53.3,5.88333
NLBDR,Bilderdam,Bilderdam,NL,52.21667,4.71667
NLBEG,Bergen aan Zee,Bergen aan Zee,NL,52.6607662,4.6316645
NLBEM,Bemmel,Bemmel,NL,51.9,5.9
NLBEV,Beverwijk,Beverwijk,NL,52.4787896,4.6728396
NLBFD,Belfeld,Belfeld,NL,51.31667,6.11667
NLBGB,Bergambacht,Bergambacht,NL,51.9314474,4.7827247
NLBGE,Baambrugge,Baambrugge,NL,52.25,4.98333
NLBGO,Barsingerhorn,Barsingerhorn,NL,52.78333,4.85
NLBGW,Borgsweer,Borgsweer,NL,53.3,7.01667
NLBHM,Bartlehiem,Bartlehiem,NL,53.28333,5.83333
NLBHS,Burghsluis,Burghsluis,NL,51.68333,3.75
NLBIT,Biest,Biest,NL,51.51667,5.15
NLBLE,Blerick,Blerick,NL,51.36667,6.16667
NLBLU,Berlicum,Berlicum,NL,51.66667,5.38333
NLBNE,Bunde,Bunde,NL,50.88333,5.73333
NLBNH,Boarnsterhim,Boarnsterhim,NL,53.08333,5.81667
NLBNN,Beuningen,Beuningen,NL,51.86667,5.78333
NLBNU,Buggenum,Buggenum,NL,51.23333,5.98333
NLBNZ,Biddinghuizen,Biddinghuizen,NL,52.45,5.7
NLBOG,Bodegraven,Bodegraven,NL,52.08333,4.75
NLBON,Born,Born,NL,51.03333,5.81667
NLBOR,Borssele,Borssele,NL,51.41667,3.71667
NLBOT,Botlek,Botlek,NL,51.88333,4.28333
NLBRA,Baarland,Baarland,NL,51.4,3.86667
NLBRD,Breda,Breda,NL,51.56667,4.8
NLBRI,Brielle,Brielle,NL,51.901662,4.1626292
NLBRM,Brummen,Brummen,NL,52.1106503,6.1258774
NLBRO,Brouwershaven,Brouwershaven,NL,51.7256011,3.9125451
NLBRR,Barendrecht,Barendrecht,NL,51.8566651,4.5368567
NLBRS,Breskens,Breskens,NL,51.38333,3.56667
NLBSE,Bruinisse,Bruinisse,NL,51.6622699,4.09594
NLBSH,Bosscherheide,Bosscherheide,NL,51.56667,6.08333
NLBSK,Boskoop,Boskoop,NL,52.0742348,4.6631166
NLBSL,Beesel,Beesel,NL,51.26667,6.03333
NLBST,Best,Best,NL,51.5,5.4
NLBTA,Bourtange,Bourtange,NL,53.01667,7.2
NLBTS,Beets,Beets,NL,52.58333,4.96667
NLBUD,Budel,Budel,NL,51.2744706,5.5744905
NLBUN,Bunschoten,Bunschoten,NL,52.2391743,5.3734101
NLBVG,Burgervlotbrug,Burgervlotbrug,NL,52.75,4.68333
NLBVI,Bovensmilde,Bovensmilde,NL,52.98333,6.48333
NLBWE,Burgwerd,Burgwerd,NL,53.08333,5.55
NLBWW,Boornzwaag over de Wielen,Boornzwaag over de Wielen,NL,52.95,5.75
NLBZM,Bergen op Zoom,Bergen op Zoom,NL,51.5,4.3
NLBZW,Boornzwaag,Boornzwaag,NL,52.9604815,5.7358507
NLCDP,De Cocksdorp,De Cocksdorp,NL,53.15,4.88333
NLCOE,Coevorden,Coevorden,NL,52.6612281,6.7407359
NLCPD,Camperduin,Camperduin,NL,52.75,4.65
NLCPI,Capelle aan den IJssel,Capelle aan den IJssel,NL,51.9312552,4.5883596
NLCRI,Creil,Creil,NL,52.76667,5.66667
NLCUB,Culemborg,Culemborg,NL,51.9573504,5.2253042
NLCZD,Cadzand,Cadzand,NL,51.36667,3.4
NLDBM,Den Bommel,Den Bommel,NL,51.7169998,4.2808847
NLDBR,Domburg,Domburg,NL,51.56667,3.5
NLDEL,Delden,Delden,NL,52.26667,6.71667
NLDEV,Deventer,Deventer,NL,52.2694897,6.2364886
NLDFT,Delft,Delft,NL,52.0114017,4.35839
NLDHE,De Heen,De Heen,NL,51.61667,4.26667
NLDHK,De Haukes,De Haukes,NL,52.88333,4.93333
NLDHO,Den Hool,Den Hool,NL,52.71667,6.78333
NLDHR,Den Helder,Den Helder,NL,52.95,4.76667
NLDKO,De Kooy,De Kooy,NL,52.91667,4.8
NLDMK,Demmerik,Demmerik,NL,52.2,4.93333
NLDOE,Doesburg,Doesburg,NL,52.0139605,6.1393699
NLDOI,Doetinchem,Doetinchem,NL,51.9585348,6.2814551
NLDOK,Dokkum,Dokkum,NL,53.3243515,5.9992306
NLDON,Dongen,Dongen,NL,51.6428928,4.957877
NLDOR,Dordrecht,Dordrecht,NL,51.78333,4.63333
NLDRL,Driel,Driel,NL,51.96667,5.81667
NLDRO,Dronten,Dronten,NL,52.5236608,5.7160381
NLDRP,De Rijp,De Rijp,NL,52.56667,4.85
NLDSI,Doodstil,Doodstil,NL,53.4,6.66667
NLDSM,Driesum,Driesum,NL,53.3,6.05
NLDSO,De Strook,De Strook,NL,52.78333,4.9
NLDST,Deest,Deest,NL,51.88333,5.66667
NLDUG,Dukenburg,Dukenburg,NL,51.81667,5.8
NLDUM,Dreumel,Dreumel,NL,51.85,5.43333
NLDVB,Dieverbrug,Dieverbrug,NL,52.85,6.33333
NLDVT,Duivendrecht,Duivendrecht,NL,52.33333,4.91667
NLDWA,Dodewaard,Dodewaard,NL,51.91667,5.65
NLDZL,Delfzijl,Delfzijl,NL,53.3325644,6.9135144
NLECD,Echteld,Echteld,NL,51.9068193,5.4912332
NLEDM,Edam,Edam,NL,52.5119116,5.0562845
NLEEM,Eemshaven,Eemshaven,NL,53.448402,6.8465032
NLEFE,Eefde,Eefde,NL,52.16667,6.23333
NLEHU,Echtenerbrug,Echtenerbrug,NL,52.86667,5.81667
NLEIN,Eindhoven,Eindhoven,NL,51.45,5.46667
NLEKK,Ekkersrijt,Ekkersrijt,NL,51.5,5.46667
NLELB,Elburg,Elburg,NL,52.4156591,5.8413217
NLELX,Ell,Ell,NL,51.21667,5.8
NLENK,Enkhuizen,Enkhuizen,NL,52.7036282,5.2901222
NLENS,Enschede,Enschede,NL,52.2209855,6.8940537
NLEPL,Empel,Empel,NL,51.73333,5.33333
NLERA,Erica,Erica,NL,52.71667,6.93333
NLEUR,Europoort,Europoort,NL,51.9328725,4.1736499
NLEWK,Ewijk,Ewijk,NL,51.86667,5.73333
NLEWO,Eernewoude,Eernewoude,NL,53.13333,5.93333
NLEXZ,Exmorrazijl,Exmorrazijl,NL,53.06667,5.46667
NLFAR,Farmsum,Farmsum,NL,53.3226566,6.9286233
NLFKP,Fraamklap,Fraamklap,NL,53.33333,6.63333
NLFOX,Foxhol,Foxhol,NL,53.1671992,6.7211866
NLGBG,Gramsbergen,Gramsbergen,NL,52.61667,6.68333
NLGDM,Geldermalsen,Geldermalsen,NL,51.879931,5.2876361
NLGDO,Groot Dochteren,Groot Dochteren,NL,52.16667,6.36667
NLGDR,Goedereede,Goedereede,NL,51.8181316,3.9776752
NLGE7,Meteren,Meteren,NL,51.86667,5.28333
NLGET,Gendt,Gendt,NL,51.88333,5.96667
NLGHO,Giethoorn,Giethoorn,NL,52.73333,6.06667
NLGKN,Gaarkeuken,Gaarkeuken,NL,53.25,6.31667
NLGLL,Geulle,Geulle,NL,50.91667,5.73333
NLGOE,Goes,Goes,NL,51.5031033,3.8897596
NLGOO,Goor,Goor,NL,52.2321562,6.5809004
NLGOR,Gorinchem,Gorinchem,NL,51.8296133,4.9738743
NLGOU,Gouda,Gouda,NL,52.0114922,4.7106094
NLGRA,'s-Gravendeel,'s-Gravendeel,NL,51.78333,4.61667
NLGRK,Groenendijk,Groenendijk,NL,52.13333,4.56667
NLGRQ,Groningen,Groningen,NL,53.2190652,6.5680077
NLGRW,Groeneweg,Groeneweg,NL,51.8206607,4.5129773
NLGRZ,'s-Gravenzande,'s-Gravenzande,NL,52,4.16667
NLGSS,Gasselternijveen,Gasselternijveen,NL,52.9862139,6.8471868
NLGUN,Goudriaan,Goudriaan,NL,51.9,4.9
NLGWD,Groenewoud,Groenewoud,NL,51.51667,5.61667
NLGWO,Garmerwolde,Garmerwolde,NL,53.25,6.65
NLGWU,Geeuwenbrug,Geeuwenbrug,NL,52.86667,6.36667
NLHAA,Haarlem,Haarlem,NL,52.3837281,4.6435679
NLHAE,Haelen,Haelen,NL,51.236691,5.9539366
NLHAN,Hansweert/Schore,Hansweert/Schore,NL,51.43333,4
NLHAR,Harlingen,Harlingen,NL,53.18333,5.43333
NLHBG,Hardenberg,Hardenberg,NL,52.5754706,6.6188242
NLHBK,Haaldersbroek,Haaldersbroek,NL,52.48333,4.83333
NLHDL,Hedel,Hedel,NL,51.7448817,5.2597063
NLHEE,Heel,Heel,NL,51.179622,5.8947908
NLHEJ,Heijen,Heijen,NL,51.6742119,5.9805161
NLHFN,Haaften,Haaften,NL,51.81667,5.21667
NLHGL,Hengelo,Hengelo,NL,52.2523195,6.7955256
NLHGM,Hoogmade,Hoogmade,NL,52.16667,4.58333
NLHGS,Hardinxveld,Hardinxveld,NL,51.81667,4.86667
NLHIL,Hillegom,Hillegom,NL,52.2922753,4.5834571
NLHKK,Hoogkerk,Hoogkerk,NL,53.21667,6.5
NLHKM,Hijkersmilde,Hijkersmilde,NL,52.93333,6.43333
NLHKO,Hekendorp,Hekendorp,NL,52.01667,4.81667
NLHLM,Helmond,Helmond,NL,51.48333,5.66667
NLHLO,Heiloo,Heiloo,NL,52.6050033,4.7125066
NLHLR,Haarlemmerliede,Haarlemmerliede,NL,52.38333,4.68333
NLHLW,Holwerd,Holwerd,NL,53.38333,5.88333
NLHME,Holtheme,Holtheme,NL,52.61667,6.7
NLHMI,Hoogersmilde,Hoogersmilde,NL,52.9,6.4
NLHMS,Heemstede,Heemstede,NL,52.3528406,4.6217323
NLHNZ,Hengstdijk,Hengstdijk,NL,51.35,4
NLHOT,Holt,Holt,NL,52.53333,6.33333
NLHOU,Houten,Houten,NL,52.0271433,5.1620637
NLHOV,Hoogeveen,Hoogeveen,NL,52.7264258,6.4930815
NLHPE,Hempens,Hempens,NL,53.18333,5.83333
NLHPL,Hoofdplaat,Hoofdplaat,NL,51.36667,3.65
NLHPT,Hoptille,Hoptille,NL,53.1688903,5.6836349
NLHRD,Harderwijk,Harderwijk,NL,52.3490693,5.618933
NLHRE,Haren,Haren,NL,53.16667,6.6
NLHRN,Hoorn,Hoorn,NL,52.653272,5.0735802
NLHRV,Heerenveen,Heerenveen,NL,52.9984742,5.9231488
NLHRW,Heerewaarden,Heerewaarden,NL,51.8182082,5.3894088
NLHSK,Harskamp,Harskamp,NL,52.13333,5.75
NLHSL,Hellevoetsluis,Hellevoetsluis,NL,51.833921,4.1436739
NLHSO,Holsloot,Holsloot,NL,52.71667,6.8
NLHST,Haghorst,Haghorst,NL,51.5,5.21667
NLHSW,Heeswijk,Heeswijk,NL,51.65,5.46667
NLHTB,'s-Hertogenbosch,'s-Hertogenbosch,NL,51.7,5.31667
NLHTM,Hattem,Hattem,NL,52.46667,6.06667
NLHTR,Heteren,Heteren,NL,51.9554341,5.7573215
NLHUK,Heukelum,Heukelum,NL,51.86667,5.06667
NLHUM,Heumen,Heumen,NL,51.76667,5.85
NLHUN,Hunsel,Hunsel,NL,51.18333,5.81667
NLHVE,Havelte,Havelte,NL,52.76667,6.25
NLHVH,Hoek van Holland,Hoek van Holland,NL,51.96667,4.11667
NLHVK,Hilvarenbeek,Hilvarenbeek,NL,51.48333,5.13333
NLHVS,Hilversum,Hilversum,NL,52.231587,5.1734935
NLHXG,Hardinxveld-Giessendam,Hardinxveld-Giessendam,NL,51.81667,4.83333
NLHZK,Hazeldonk,Hazeldonk,NL,51.5,4.73333
NLIJK,Krabbendijke,Krabbendijke,NL,51.43333,4.11667
NLIJM,IJmuiden/Velsen,IJmuiden/Velsen,NL,52.46667,4.6
NLILO,Illikhoven,Illikhoven,NL,51.06667,5.81667
NLISM,IJsselmuiden,IJsselmuiden,NL,52.56667,5.91667
NLITR,Itteren,Itteren,NL,50.9,5.7
NLKAI,Krimpen aan den IJssel,Krimpen aan den IJssel,NL,51.91667,4.6
NLKAM,Kampen,Kampen,NL,52.5559484,5.9033303
NLKAT,Kats,Kats,NL,51.56667,3.86667
NLKHO,Kuikhorne,Kuikhorne,NL,53.25,6.01667
NLKHR,Kolhorn,Kolhorn,NL,52.8,4.88333
NLKHV,Ketelhaven,Ketelhaven,NL,52.58333,5.75
NLKLM,Kollum,Kollum,NL,53.28333,6.15
NLKLU,Klundert,Klundert,NL,51.6627188,4.5346644
NLKLV,Kloosterveen,Kloosterveen,NL,53,6.51667
NLKLZ,Klazienaveen,Klazienaveen,NL,52.73333,7
NLKNT,Keent,Keent,NL,51.7,5.7
NLKPE,Kelpen,Kelpen,NL,51.21667,5.83333
NLKRD,Kerkdriel,Kerkdriel,NL,51.76667,5.33333
NLKRE,Kreil,Kreil,NL,52.8,4.86667
NLKRI,'t Kruis,'t Kruis,NL,52.65,4.85
NLKSL,Kessel,Kessel,NL,51.2912483,6.05734
NLKST,Kesteren,Kesteren,NL,51.9363785,5.5740706
NLKTN,Kantens,Kantens,NL,53.36667,6.63333
NLKTV,Katerveer,Katerveer,NL,52.5,6.06667
NLKWR,Katwijk aan den Rijn,Katwijk aan den Rijn,NL,52.2,4.41667
NLKZV,Keizersveer,Keizersveer,NL,51.71667,4.9
NLLAN,Lauwersoog,Lauwersoog,NL,53.4036333,6.2142384
NLLAV,Loenen aan de Vecht,Loenen aan de Vecht,NL,52.2097841,5.0216458
NLLAW,Lage Weide,Lage Weide,NL,52.1144626,5.0683936
NLLDD,Leiderdorp,Leiderdorp,NL,52.1617952,4.5340923
NLLEN,Lieren,Lieren,NL,52.1618915,5.9877177
NLLEO,Leons,Leons,NL,53.1517956,5.6788215
NLLES,Leens,Leens,NL,53.36667,6.38333
NLLEY,Lelystad,Lelystad,NL,52.5150949,5.4768915
NLLGB,Landgoed Baest,Landgoed Baest,NL,51.4877633,5.2565278
NLLGD,Lageland,Lageland,NL,53.23333,6.71667
NLLGI,Langelille,Langelille,NL,52.85,5.85
NLLID,Leiden,Leiden,NL,52.1594747,4.4908843
NLLIE,Lienden,Lienden,NL,51.9457517,5.5152908
NLLIJ,Lijnden,Lijnden,NL,52.35,4.76667
NLLIT,Lith,Lith,NL,51.8068343,5.4403237
NLLKN,'t Leuken,'t Leuken,NL,51.5631,6.06889
NLLME,Limmel,Limmel,NL,50.86667,5.7
NLLNO,Loenersloot,Loenersloot,NL,52.23333,5
NLLRD,Leerdam,Leerdam,NL,51.8937356,5.0924352
NLLRU,Leimuiderbrug,Leimuiderbrug,NL,52.23333,4.66667
NLLTO,Lithoijen,Lithoijen,NL,51.8,5.46667
NLLTS,Laatste Stuiver,Laatste Stuiver,NL,53.2616517,6.1695144
NLLWE,Lalleweer,Lalleweer,NL,53.28333,7
NLLWG,Langeweg,Langeweg,NL,51.65,4.66667
NLLWO,Lippenwoude,Lippenwoude,NL,52.96667,5.65
NLLWR,Leeuwarden,Leeuwarden,NL,53.2005936,5.7918548
NLLZA,Lage Zwaluwe,Lage Zwaluwe,NL,51.71667,4.73333
NLMAK,Makkum,Makkum,NL,53.05,5.4
NLMAR,Markelo,Markelo,NL,52.2347139,6.4949852
NLMAU,Maurik,Maurik,NL,51.9608641,5.4233334
NLMDG,Muiderberg,Muiderberg,NL,52.33333,5.11667
NLMDI,Middenbeemster,Middenbeemster,NL,52.5489163,4.9146226
NLMDT,Mildert,Mildert,NL,51.24139,5.79501
NLMDU,Middelstum,Middelstum,NL,53.35,6.65
NLMEH,Mesch,Mesch,NL,50.7640157,5.7336876
NLMEP,Meppel,Meppel,NL,52.6938237,6.197767
NLMGT,Molengat,Molengat,NL,53.05,4.65
NLMHU,Maarhuizen,Maarhuizen,NL,53.35,6.5
NLMID,Middelburg,Middelburg,NL,51.5,3.6
NLMIE,Mierlo,Mierlo,NL,51.43333,5.61667
NLMIH,Middelharnis,Middelharnis,NL,51.7576172,4.1656476
NLMJA,Mandjeswaard,Mandjeswaard,NL,52.56667,5.91667
NLMKE,Munnekeburen,Munnekeburen,NL,52.85,5.88333
NLMKM,Wonseradeel/Makkum,Wonseradeel/Makkum,NL,53.05,5.38333
NLMKN,Marken,Marken,NL,52.46667,5.1
NLMLA,Middelaar,Middelaar,NL,51.73333,5.91667
NLMLR,Millingen aan de Rijn,Millingen aan de Rijn,NL,51.86667,6.05
NLMNH,Mijnsheerenland,Mijnsheerenland,NL,51.8,4.48333
NLMNU,Menaldum,Menaldum,NL,53.21667,5.66667
NLMOE,Moerdijk,Moerdijk,NL,51.68333,4.56667
NLMOK,Mook,Mook,NL,51.75,5.88333
NLMOL,Molenhoek,Molenhoek,NL,51.76667,5.86667
NLMSB,Maasbracht,Maasbracht,NL,51.1428567,5.8830683
NLMSL,Maassluis,Maassluis,NL,51.9219917,4.2541194
NLMST,Maastricht,Maastricht,NL,50.8512438,5.6909768
NLMSV,Maasvlakte,Maasvlakte,NL,51.9543525,4.0197987
NLMSW,Mensingeweer,Mensingeweer,NL,53.35,6.46667
NLMUD,Muiden,Muiden,NL,52.33333,5.06667
NLMWD,Midwolda,Midwolda,NL,53.2,7
NLN8W,Nieuwerkerke,Nieuwerkerke,NL,51.7,3.9
NLNAM,Nieuw-Amsterdam,Nieuw-Amsterdam,NL,52.71667,6.86667
NLNAW,Naaldwijk,Naaldwijk,NL,51.9930016,4.2074197
NLNBG,Nieuwerbrug,Nieuwerbrug,NL,52.08333,4.81667
NLNBU,Nieuwe Brug,Nieuwe Brug,NL,52.36667,4.66667
NLND5,Dreischor,Dreischor,NL,51.68333,3.98333
NLNDB,Nederhorst den Berg,Nederhorst den Berg,NL,52.26667,5.05
NLNDL,Noordwijk aan Zee,Noordwijk aan Zee,NL,52.25,4.43333
NLNEC,Neck,Neck,NL,52.51667,4.91667
NLNES,Nes,Nes,NL,53.05,5.85
NLNEV,Veen,Veen,NL,52.048433,5.7219903
NLNGV,Nigtevecht,Nigtevecht,NL,52.28333,5.03333
NLNIE,Nieuwerkerk aan den IJssel,Nieuwerkerk aan den IJssel,NL,51.96667,4.61667
NLNIJ,Nijmegen,Nijmegen,NL,51.8425749,5.8389606
NLNIU,Nieuwdorp,Nieuwdorp,NL,51.46667,3.73333
NLNKK,Nijkerk,Nijkerk,NL,52.2148536,5.4781463
NLNPZ,Usquert,Usquert,NL,53.43333,6.55
NLNRG,Norg,Norg,NL,53.05,6.45
NLNSA,Nes aan de Amstel,Nes aan de Amstel,NL,52.26667,4.88333
NLNSD,Nieuw-Scheemda,Nieuw-Scheemda,NL,53.2,6.93333
NLNST,Nederasselt,Nederasselt,NL,51.76667,5.75
NLNSU,Nessersluis,Nessersluis,NL,52.25,4.86667
NLNSZ,Nieuwe Statenzijl,Nieuwe Statenzijl,NL,53.23333,7.2
NLNTJ,Neeltje Jans,Neeltje Jans,NL,51.6291891,3.6958694
NLNWG,Nieuwegein,Nieuwegein,NL,52.0367152,5.0836117
NLNWJ,Noordwelle,Noordwelle,NL,51.71667,3.8
NLNWO,Nieuwolda,Nieuwolda,NL,53.25,6.98333
NLNZ8,Noordeloos,Noordeloos,NL,51.9,4.95
NLNZJ,Nijezijl,Nijezijl,NL,53,5.61667
NLOBL,Oud-Beijerland,Oud-Beijerland,NL,51.8214436,4.4164728
NLODL,Odiliapeel,Odiliapeel,NL,51.65,5.7
NLODR,Ouderkerk aan de Amstel,Ouderkerk aan de Amstel,NL,52.3,4.9
NLOGA,Oudega,Oudega,NL,53,5.55
NLOGE,Oegstgeest,Oegstgeest,NL,52.185433,4.4738856
NLOGP,Ooltgensplaat,Ooltgensplaat,NL,51.68333,4.35
NLOHI,Oudeschild,Oudeschild,NL,53.03333,4.86667
NLOHM,Oosthem,Oosthem,NL,53.01667,5.6
NLOHW,Oude Schouw,Oude Schouw,NL,53.06667,5.81667
NLOHZ,Oosthuizen,Oosthuizen,NL,52.56667,5
NLOIH,Oirschot,Oirschot,NL,51.4889616,5.300595
NLOLS,Oosterlittens,Oosterlittens,NL,53.13333,5.65
NLOMD,Roermond,Roermond,NL,51.1933903,5.9882649
NLOME,Oostermeer,Oostermeer,NL,53.16667,6.05
NLOMH,Oostmahorn,Oostmahorn,NL,53.38333,6.16667
NLOOS,Oosterhout,Oosterhout,NL,51.65,4.88333
NLORJ,Oudenrijn,Oudenrijn,NL,52.08333,5.06667
NLORL,Oterleek,Oterleek,NL,52.63333,4.83333
NLOSG,Oud-Sabbinge,Oud-Sabbinge,NL,51.53333,3.8
NLOSK,Overschild,Overschild,NL,53.28333,6.78333
NLOSS,Oss,Oss,NL,51.76667,5.53333
NLOVG,Overberg,Overberg,NL,52.03333,5.5
NLOZL,Ossenzijl,Ossenzijl,NL,52.8,5.91667
NLOZU,Oud-Zuilen,Oud-Zuilen,NL,52.13333,5.06667
NLPAP,Papendrecht,Papendrecht,NL,51.8348695,4.6937293
NLPER,Pernis,Pernis,NL,51.88333,4.38333
NLPHL,Panheel,Panheel,NL,51.18333,5.86667
NLPTG,Poortugaal,Poortugaal,NL,51.86667,4.4
NLPUM,Purmerend,Purmerend,NL,52.5024789,4.9614827
NLPZI,Pieterzijl,Pieterzijl,NL,53.28333,6.26667
NLQCU,Elst,Elst,NL,51.91667,5.85
NLQDG,Lisse,Lisse,NL,52.2576098,4.5630329
NLQDS,Raalte,Raalte,NL,52.3874327,6.3078482
NLRAS,Ravenstein,Ravenstein,NL,51.797005,5.6515519
NLRBG,Rijnsburg,Rijnsburg,NL,52.1893268,4.438952
NLRED,Ried,Ried,NL,53.2230112,5.5908822
NLREW,Reimerswaal,Reimerswaal,NL,51.4430019,4.101441
NLRHD,Rheden,Rheden,NL,52.031367,6.0605043
NLRID,Ridderkerk,Ridderkerk,NL,51.8714812,4.5999778
NLRIJ,Rijs,Rijs,NL,52.86667,5.5
NLRLA,Rilland,Rilland,NL,51.41667,4.18333
NLRNK,Renkum,Renkum,NL,51.991685,5.7916923
NLROC,Rockanje,Rockanje,NL,51.86667,4.06667
NLROZ,Rozenburg,Rozenburg,NL,51.9056445,4.2415465
NLRPL,Ramspol,Ramspol,NL,52.6092319,5.8439096
NLRSH,Rijsenhout,Rijsenhout,NL,52.25,4.71667
NLRSL,Roompotsluis,Roompotsluis,NL,51.6185,3.685
NLRST,Roosteren,Roosteren,NL,51.08333,5.81667
NLRSW,Rijnsaterwoude,Rijnsaterwoude,NL,52.2,4.66667
NLRTG,Rustenburg,Rustenburg,NL,52.63333,4.88333
NLRTM,Rotterdam,Rotterdam,NL,51.91667,4.5
NLRUK,Breukelen,Breukelen,NL,52.171959,5.002675
NLRUT,Rutten,Rutten,NL,52.8,5.7
NLRYS,Rijswijk,Rijswijk,NL,52.0373934,4.3225028
NLSAB,Saba,Saba,NL,17.63333,-63.23333
NLSAR,Sint Andries,Sint Andries,NL,51.8,5.35
NLSAT,Stad aan 't Haringvliet,Stad aan 't Haringvliet,NL,51.73333,4.25
NLSBS,Sijbrandahuis,Sijbrandahuis,NL,53.31667,5.96667
NLSBU,Schagerbrug,Schagerbrug,NL,52.8,4.76667
NLSCA,Sprang,Sprang,NL,51.66667,5.05
NLSCE,Scheveningen,Scheveningen,NL,52.1,4.25
NLSCH,Schagen,Schagen,NL,52.78333,4.78333
NLSCI,Schiedam,Schiedam,NL,51.91718,4.4019149
NLSDB,Standdaarbuiten,Standdaarbuiten,NL,51.61667,4.51667
NLSDM,Stadsdam,Stadsdam,NL,52.08333,5.05
NLSDN,Steenderen,Steenderen,NL,52.06667,6.18333
NLSDW,Schildwolde,Schildwolde,NL,53.23333,6.81667
NLSHH,Schoonhoven,Schoonhoven,NL,51.9463984,4.8516431
NLSHO,Schermerhorn,Schermerhorn,NL,52.6,4.88333
NLSKG,Slijkenburg,Slijkenburg,NL,52.81667,5.85
NLSKL,Stieltjeskanaal,Stieltjeskanaal,NL,52.68333,6.83333
NLSKM,Slikkendam,Slikkendam,NL,52.15,4.85
NLSKW,Schalkwijk,Schalkwijk,NL,51.98333,5.18333
NLSL7,Ijsselsteyn,Ijsselsteyn,NL,51.48333,5.9
NLSLD,Sliedrecht,Sliedrecht,NL,51.81667,4.76667
NLSLO,Slochteren,Slochteren,NL,53.21667,6.8
NLSLT,Sloten,Sloten,NL,52.9,5.65
NLSLU,Sluiskil,Sluiskil,NL,51.28333,3.83333
NLSMD,Scheemda,Scheemda,NL,53.177619,6.971654
NLSMG,Sint Michielsgestel,Sint Michielsgestel,NL,51.63333,5.35
NLSMI,Smilde,Smilde,NL,52.95,6.45
NLSML,Smallingerland,Smallingerland,NL,53.1152527,6.0507389
NLSMO,Schiermonnikoog,Schiermonnikoog,NL,53.48333,6.16667
NLSMV,Sint Maartensvlotbrug,Sint Maartensvlotbrug,NL,52.78333,4.71667
NLSMZ,Scheemderzwaag,Scheemderzwaag,NL,53.18333,6.95
NLSND,Schijndel,Schijndel,NL,51.6176954,5.4362541
NLSNN,Sint-Annaland,Sint-Annaland,NL,51.6,4.1
NLSON,Son,Son,NL,51.5,5.5
NLSOP,Stolpen,Stolpen,NL,52.81667,4.71667
NLSPI,Spijkenisse,Spijkenisse,NL,51.8464881,4.3287681
NLSPT,Stompetoren,Stompetoren,NL,52.61667,4.81667
NLSPV,Stolpervlotbrug,Stolpervlotbrug,NL,52.8,4.71667
NLSRD,Scharendijke,Scharendijke,NL,51.73333,3.85
NLSRE,Streefkerk,Streefkerk,NL,51.9,4.75
NLSRL,Schoorl,Schoorl,NL,52.73333,4.63333
NLSRT,Stroe,Stroe,NL,52.93333,4.98333
NLSSO,Bussloo,Bussloo,NL,52.2,6.13333
NLSTD,Stellendam,Stellendam,NL,51.8050289,4.0269198
NLSTO,'t Stort,'t Stort,NL,53.3529805,6.3915946
NLSVG,Sas van Gent,Sas van Gent,NL,51.23333,3.8
NLSVN,Stavenisse,Stavenisse,NL,51.58333,4
NLSWK,Sleeuwijk,Sleeuwijk,NL,51.81667,4.95
NLSWL,Schouwerzijl,Schouwerzijl,NL,53.33333,6.45
NLSZL,Schoterzijl,Schoterzijl,NL,52.81667,5.8
NLTEX,Texel,Texel,NL,53.0767854,4.905757
NLTHD,Ter Heijde,Ter Heijde,NL,52.03333,4.16667
NLTHE,'t Horntje,'t Horntje,NL,53,4.78333
NLTHO,Tholen,Tholen,NL,51.5708502,4.0761428
NLTKM,Tolkamer,Tolkamer,NL,51.85,6.1
NLTKW,Tjerkwerd,Tjerkwerd,NL,53.05,5.5
NLTLB,Tilburg,Tilburg,NL,51.5856185,5.0660616
NLTMZ,Termunterzijl,Termunterzijl,NL,53.3,7.03333
NLTNZ,Terneuzen,Terneuzen,NL,51.3254737,3.8403111
NLTOK,Tollebeek,Tollebeek,NL,52.68333,5.68333
NLTRO,Terhorne,Terhorne,NL,53.03333,5.78333
NLTSL,Terschelling,Terschelling,NL,53.4,5.35
NLTTE,Lettele,Lettele,NL,52.28333,6.26667
NLTUL,Tuil,Tuil,NL,51.81667,5.23333
NLTWA,'t Waar,'t Waar,NL,53.21667,6.93333
NLUFE,Uffelte,Uffelte,NL,52.78333,6.28333
NLULR,Ulrum,Ulrum,NL,53.3593259,6.3344129
NLUMO,Urmond,Urmond,NL,51,5.76667
NLURK,Urk,Urk,NL,52.6654515,5.5987894
NLUTG,Uitgeest,Uitgeest,NL,52.53333,4.71667
NLUTR,Uitermeer,Uitermeer,NL,52.3,5.08333
NLVAN,Vianen,Vianen,NL,51.9889916,5.0939178
NLVAR,Varsen,Varsen,NL,52.51667,6.38333
NLVDM,Veendam,Veendam,NL,53.0807517,6.8773035
NLVEL,Velsen,Velsen,NL,52.4519103,4.6038911
NLVEN,Venlo,Venlo,NL,51.36667,6.16667
NLVER,Veere,Veere,NL,51.55,3.66667
NLVGB,Voetangelbrug,Voetangelbrug,NL,52.2793077,4.925969
NLVIE,Vierlingsbeek,Vierlingsbeek,NL,51.5964398,6.0091527
NLVKR,Volkerak,Volkerak,NL,51.66667,4.28333
NLVKS,Valkenisse,Valkenisse,NL,51.5,3.5
NLVLA,Vlaardingen,Vlaardingen,NL,51.9097536,4.3402639
NLVLI,Vlissingen,Vlissingen,NL,51.45,3.7
NLVLL,Vlieland,Vlieland,NL,53.202995,4.9949134
NLVNO,Veenoord,Veenoord,NL,52.71667,6.85
NLVOB,Voorburg,Voorburg,NL,52.0703201,4.3558561
NLVOS,Voorschoten,Voorschoten,NL,52.1275236,4.4465727
NLVRA,Vrouwenakker,Vrouwenakker,NL,52.23333,4.78333
NLVSN,Velsen-Noord,Velsen-Noord,NL,52.46667,4.65
NLVVL,Vierverlaten,Vierverlaten,NL,53.21667,6.48333
NLVWD,Vlagtwedde,Vlagtwedde,NL,53.03333,7.11667
NLWAA,Waalre,Waalre,NL,51.3856734,5.4661157
NLWAD,Waddinxveen,Waddinxveen,NL,52.0443308,4.6558527
NLWAS,Wanssum,Wanssum,NL,51.53333,6.08333
NLWBD,Wijk bij Duurstede,Wijk bij Duurstede,NL,51.9751858,5.337435
NLWBK,Westerbork,Westerbork,NL,52.85,6.6
NLWBO,Westbroek,Westbroek,NL,52.15,5.13333
NLWCM,Woudrichem,Woudrichem,NL,51.81667,5
NLWDE,Waarde,Waarde,NL,51.41667,4.05
NLWEL,Well,Well,NL,51.55,6.1
NLWEU,Weurt,Weurt,NL,51.85,5.81667
NLWGD,West-Graftdijk,West-Graftdijk,NL,52.55,4.78333
NLWGR,Wieringermeer,Wieringermeer,NL,52.85,5.01667
NLWGW,Wageningen,Wageningen,NL,51.9663016,5.6662814
NLWHD,Wilhelminadorp,Wilhelminadorp,NL,51.53333,3.9
NLWHO,Wehe-den Hoorn,Wehe-den Hoorn,NL,53.36667,6.41667
NLWHU,Warfhuizen,Warfhuizen,NL,53.35,6.43333
NLWHZ,Waterhuizen,Waterhuizen,NL,53.18333,6.65
NLWIG,Wijnbergen,Wijnbergen,NL,52.31667,6.01667
NLWIU,Wiuwert,Wiuwert,NL,53.1095953,5.6901356
NLWIW,Wieringerwerf,Wieringerwerf,NL,52.8515867,5.0228696
NLWKD,Werkendam,Werkendam,NL,51.8079227,4.8987346
NLWKG,Wolsumerketting,Wolsumerketting,NL,53.0409944,5.5486566
NLWKP,Westkapelle,Westkapelle,NL,51.51667,3.43333
NLWKS,Weakens,Weakens,NL,53.1354677,5.6305978
NLWKU,Workum,Workum,NL,52.98333,5.45
NLWLK,Waalwijk,Waalwijk,NL,51.6873372,5.0173079
NLWMO,Wormer,Wormer,NL,52.5,4.81667
NLWNS,Winsum,Winsum,NL,53.33333,6.51667
NLWOR,Woerden,Woerden,NL,52.0859261,4.8832939
NLWRG,Wieringen/Den Oever,Wieringen/Den Oever,NL,52.93333,5.03333
NLWRM,Warmond,Warmond,NL,52.1979528,4.5028721
NLWRP,Welsrijp,Welsrijp,NL,53.16667,5.6
NLWRT,Weert,Weert,NL,51.2538446,5.7065678
NLWSC,Winschoten,Winschoten,NL,53.143001,7.0380717
NLWSO,Walsoorden,Walsoorden,NL,51.38333,4.03333
NLWSP,Weesp,Weesp,NL,52.3072593,5.0420822
NLWTE,West-Terschelling,West-Terschelling,NL,53.3613027,5.2160421
NLWTN,Warten,Warten,NL,53.1503951,5.8980352
NLWTZ,Westzaan,Westzaan,NL,52.4644351,4.771537
NLYSK,Yerseke,Yerseke,NL,51.4935791,4.0452502
NLZAA,Zaandam,Zaandam,NL,52.4424926,4.8298607
NLZBO,Zuidbroek,Zuidbroek,NL,53.16667,6.86667
NLZDL,Zuidlaren,Zuidlaren,NL,53.1,6.68333
NLZE5,Scherpenisse,Scherpenisse,NL,51.55,4.1
NLZEI,Zuideinde,Zuideinde,NL,52.7211944,6.0888198
NLZEW,Zeewolde,Zeewolde,NL,52.35,5.55
NLZHO,Zwaanshoek,Zwaanshoek,NL,52.31667,4.61667
NLZIE,Zierikzee,Zierikzee,NL,51.6497688,3.9208365
NLZLD,Zoutelande,Zoutelande,NL,51.5,3.46667
NLZOU,Zoeterwoude,Zoeterwoude,NL,52.11667,4.5
NLZPO,Zandpol,Zandpol,NL,52.7,6.86667
NLZPS,Zijpersluis,Zijpersluis,NL,52.73333,4.68333
NLZUL,Zuidland,Zuidland,NL,51.8220839,4.2577294
NLZUT,Zutphen,Zutphen,NL,52.1396933,6.194772
NLZVG,Zevenbergen,Zevenbergen,NL,51.6450443,4.6061538
NLZWI,Zwijndrecht,Zwijndrecht,NL,51.8162227,4.6405166
NLZWN,Zwinderen,Zwinderen,NL,52.73333,6.68333
NLZWS,Zwartsluis,Zwartsluis,NL,52.6425446,6.0720879
NOAAA,Å i Lofoten,Å i Lofoten,NO,67.88333,12.98333
NOAAF,Åfjord,Åfjord,NO,63.9607726,10.2247137
NOAAN,Årdal,Årdal,NO,61.2860566,7.8049611
NOAAV,Ålvik,Ålvik,NO,60.41667,6.41667
NOABE,Abelnes,Abelnes,NO,58.23333,6.66667
NOABV,Abelvær,Abelvær,NO,64.73333,11.18333
NOADN,Andenes,Andenes,NO,69.31667,16.13333
NOADY,Andøy,Andøy,NO,69.2398567,15.7739748
NOAES,Ålesund,Ålesund,NO,62.46667,6.15
NOAFS,Anfinnsletta,Anfinnsletta,NO,68.33333,15.43333
NOAFT,Agnefest,Agnefest,NO,58.11667,7.03333
NOAGD,Agdenes,Agdenes,NO,63.5832472,9.5152591
NOAGK,Ågskardet,Ågskardet,NO,66.71667,13.48333
NOAGO,Ågotnes,Ågotnes,NO,60.4,5.01667
NOAHM,Åheim,Åheim,NO,62.03333,5.51667
NOAKK,Akkarfjord,Akkarfjord,NO,70.78333,23.45
NOAKM,Åkrehamn,Åkrehamn,NO,59.25,5.16667
NOALE,Ålefjær,Ålefjær,NO,58.23333,8.01667
NOALF,Alta,Alta,NO,69.96667,23.23333
NOALS,Alstahaug,Alstahaug,NO,65.8674223,12.4317804
NOALV,Alvika,Alvika,NO,62.48333,6.38333
NOAND,Åndalsnes,Åndalsnes,NO,62.56667,7.7
NOANN,Sannidal,Sannidal,NO,58.88333,9.28333
NOANS,Ansnes,Ansnes,NO,63.63333,9
NOARD,Årdalstangen,Årdalstangen,NO,61.23333,7.7
NOARE,Arendal,Arendal,NO,58.45,8.76667
NOARF,Arnafjord,Arnafjord,NO,61.01667,6.38333
NOARH,Årdal - Hjelmeland,Årdal - Hjelmeland,NO,59.15,6.16667
NOARM,Arnøyhamn,Arnøyhamn,NO,70.05,20.63333
NOASH,Austrheim,Austrheim,NO,60.76433,4.9144306
NOASL,Askvoll,Askvoll,NO,61.3469491,5.0638033
NOASV,Austevoll,Austevoll,NO,60.1,5.15
NOASY,Askøy,Askøy,NO,60.5023024,5.0948199
NOATA,Åtangen,Åtangen,NO,58.86667,9.35
NOATL,Atløy,Atløy,NO,61.35,4.88333
NOAUE,Aure,Aure,NO,63.26667,8.51667
NOAUK,Aukra,Aukra,NO,62.81667,6.9
NOAUL,Aurland,Aurland,NO,60.9,7.18333
NOAUS,Austvika,Austvika,NO,66.18333,13.23333
NOAVA,Avaldsnes,Avaldsnes,NO,59.35,5.26667
NOAVE,Averøy,Averøy,NO,63.05,7.66667
NOBAF,Balsfjord,Balsfjord,NO,69.23333,19.23333
NOBAL,Båly,Båly,NO,58.03333,7.15
NOBAM,Bamble,Bamble,NO,59.0180854,9.5443135
NOBAR,Bærum,Bærum,NO,59.9289639,10.4997108
NOBEJ,Beiarn,Beiarn,NO,66.8918454,14.665143
NOBEL,Bellvika,Bellvika,NO,69.78333,18.76667
NOBER,Berg,Berg,NO,65.3675,12.19775
NOBFJ,Bergsfjord,Bergsfjord,NO,70.25,21.78333
NOBGN,Bergneset,Bergneset,NO,69.25,19.35
NOBGO,Bergen,Bergen,NO,60.38333,5.31667
NOBIN,Bindal,Bindal,NO,65.2211102,12.4357521
NOBIS,Bismo,Bismo,NO,61.8843655,8.2664114
NOBJD,Bjordal,Bjordal,NO,61.08333,5.83333
NOBJF,Båtsfjord,Båtsfjord,NO,70.63333,29.71667
NOBJU,Bjugn,Bjugn,NO,63.75,9.75
NOBJX,Bjørkås,Bjørkås,NO,60.23855,11.0179
NOBJY,Bjarkøy,Bjarkøy,NO,68.98333,16.53333
NOBKD,Brakstad,Brakstad,NO,60.5439796,5.123119
NOBKS,Brekstad,Brekstad,NO,63.68333,9.68333
NOBKV,Bjerkvik,Bjerkvik,NO,68.55,17.55
NOBLK,Bleik,Bleik,NO,69.26667,15.95
NOBLL,Ballangen,Ballangen,NO,68.33333,16.83333
NOBLO,Blokken,Blokken,NO,68.6,15.38333
NOBLS,Balestrand,Balestrand,NO,61.2,6.53333
NOBLV,Blomvåg,Blomvåg,NO,60.53333,4.88333
NOBNN,Brønnøysund,Brønnøysund,NO,65.46667,12.2
NOBOE,Bøneset - Karmøy,Bøneset - Karmøy,NO,59.36667,5.28333
NOBOG,Bogen,Bogen,NO,68.51667,16.98333
NOBOK,Bokn,Bokn,NO,59.21667,5.43333
NOBOM,Bømlo,Bømlo,NO,59.7036841,5.0484753
NOBON,Bognes,Bognes,NO,68.21667,16.06667
NOBOO,Bodø,Bodø,NO,67.28333,14.36667
NOBOS,Borkenes,Borkenes,NO,68.76667,16.16667
NOBOV,Bøvågen - Radøy,Bøvågen - Radøy,NO,60.7,4.91667
NOBRE,Bremanger,Bremanger,NO,61.8398423,4.9890684
NOBRH,Brensholmen,Brensholmen,NO,69.6,18.03333
NOBRN,Brandasund,Brandasund,NO,59.9,5.1
NOBRO,Brønnøy,Brønnøy,NO,65.4136352,11.8211699
NOBRR,Borre,Borre,NO,59.3814716,10.4551472
NOBRV,Brattvåg,Brattvåg,NO,62.6,6.43333
NOBSD,Ballstad,Ballstad,NO,68.06667,13.55
NOBSF,Brandsfjord,Brandsfjord,NO,64.18333,10.35
NOBTH,Botnhamn,Botnhamn,NO,69.51667,17.9
NOBTN,Botnaneset - Flora,Botnaneset - Flora,NO,61.61667,5.06667
NOBTS,Brettesnes,Brettesnes,NO,68.23333,14.86667
NOBUF,Burfjord,Burfjord,NO,69.93333,22.05
NOBUG,Bugøynes,Bugøynes,NO,69.96667,29.63333
NOBUV,Buvika,Buvika,NO,62.13333,11.7
NOBVB,Breivikbotn,Breivikbotn,NO,70.58333,22.28333
NOBVG,Berlevåg,Berlevåg,NO,70.85,29.1
NOBVK,Brevik,Brevik,NO,59.05,9.7
NOBVR,Breiviga,Breiviga,NO,59.08333,5.9
NOBYN,Byggnes - Karmøy,Byggnes - Karmøy,NO,59.3,5.3
NOBYR,Byrknesøy,Byrknesøy,NO,60.9,4.83333
NOBYS,Bygstad,Bygstad,NO,61.38333,5.66667
NODBY,Nordby,Nordby,NO,59.93333,11.56667
NODDY,Espenesbogen,Espenesbogen,NO,69.11667,17.75
NODER,Sperrebotn,Sperrebotn,NO,59.45,10.8
NODFJ,Dåfjord,Dåfjord,NO,69.98333,19.4
NODIM,Dimmelsvik,Dimmelsvik,NO,59.95,5.98333
NODIR,Dirdal,Dirdal,NO,58.83333,6.16667
NODJU,Djupvik,Djupvik,NO,69.75,20.5
NODOL,Dolmøy,Dolmøy,NO,63.65,8.78333
NODON,Dønna,Dønna,NO,66.1089579,12.4907897
NODRG,Drag,Drag,NO,68.03333,16.06667
NODRK,Drøbak,Drøbak,NO,59.65,10.61667
NODRM,Drammen,Drammen,NO,59.73333,10.23333
NODSF,Dale,Dale,NO,61.36667,5.41667
NODSN,Nannestad,Nannestad,NO,60.2267034,10.9409407
NODUS,Dusavik,Dusavik,NO,59,5.65
NODYD,Dyrstad,Dyrstad,NO,61.76667,5.18333
NODYL,Dyrøyhamn,Dyrøyhamn,NO,69.01667,17.43333
NODYR,Dyrvik,Dyrvik,NO,63.76667,8.83333
NODYY,Dyrøy,Dyrøy,NO,69.0265501,17.6329432
NOEDD,Eidsdal,Eidsdal,NO,62.26667,7.16667
NOEDE,Eide,Eide,NO,62.9,7.45
NOEDF,Eidfjord,Eidfjord,NO,60.46667,7.06667
NOEDS,Eide Sotra,Eide Sotra,NO,60.25,5.06667
NOEDT,Eidet,Eidet,NO,68.73333,14.58333
NOEGD,Eigersund,Eigersund,NO,58.403436,5.9258203
NOEGE,Egersund,Egersund,NO,58.45,6
NOEGG,Eggesbønes,Eggesbønes,NO,62.31667,5.63333
NOEID,Eid,Eid,NO,60.4454472,5.1230861
NOEIF,Eidangerfjorden,Eidangerfjorden,NO,59.06667,9.7
NOEIK,Eikefjord,Eikefjord,NO,61.58333,5.46667
NOEIL,Eidslandet,Eidslandet,NO,60.71667,5.78333
NOEKF,Eikefet,Eikefet,NO,60.7,5.55
NOELL,Ellingsøy,Ellingsøy,NO,62.5,6.33333
NOELN,Elnesvågen,Elnesvågen,NO,62.85,7.13333
NOELO,Eikelandsosen,Eikelandsosen,NO,60.23333,5.75
NOENG,Engene,Engene,NO,59.5598957,10.4484302
NOERF,Erfjord - Suldal,Erfjord - Suldal,NO,59.33333,6.21667
NOESP,Espevik,Espevik,NO,59.31667,5.66667
NOETN,Etne,Etne,NO,59.65,5.91667
NOEVT,Evenestangen,Evenestangen,NO,68.4535299,16.7089978
NOEVV,Eivindvik,Eivindvik,NO,60.98333,5.08333
NOEYD,Eydehavn,Eydehavn,NO,58.48333,8.86667
NOFAN,Farsund,Farsund,NO,58.08333,6.8
NOFAU,Fauske,Fauske,NO,67.25,15.38333
NOFAX,Fagerstrand,Fagerstrand,NO,59.7396833,10.5974391
NOFBL,Fiskebøl,Fiskebøl,NO,68.43333,14.81667
NOFDE,Førde,Førde,NO,61.45,5.83333
NOFED,Fedje,Fedje,NO,60.76667,4.7
NOFFB,Finnfjordbotn,Finnfjordbotn,NO,69.21667,18.08333
NOFFD,Flekkefjord,Flekkefjord,NO,58.28333,6.65
NOFIN,Finneidfjord,Finneidfjord,NO,66.18333,13.78333
NOFIT,Fitjar,Fitjar,NO,59.91667,5.31667
NOFJA,Fjaler,Fjaler,NO,61.2805683,5.4792565
NOFJE,Fjell,Fjell,NO,60.3304925,5.0761172
NOFJL,Fjelldal,Fjelldal,NO,68.55,16.5
NOFKG,Frekhaug,Frekhaug,NO,60.51667,5.23333
NOFKS,Flakstad,Flakstad,NO,68.1204683,13.0496376
NOFLA,Flåm,Flåm,NO,60.86667,7.11667
NOFLM,Flem,Flem,NO,62.68333,6.23333
NOFLO,Florvåg,Florvåg,NO,60.41667,5.23333
NOFLR,Flora,Flora,NO,61.6,5.03333
NOFLT,Flatanger,Flatanger,NO,64.4562193,10.7597834
NOFLY,Flatøy,Flatøy,NO,60.53333,5.25
NOFND,Finneid,Finneid,NO,67.25,15.41667
NOFNE,Finnsnes,Finnsnes,NO,69.21667,17.96667
NOFNN,Fonnes,Fonnes,NO,60.81667,4.96667
NOFNS,Fornes,Fornes,NO,68.86667,17.46667
NOFNY,Finnøy,Finnøy,NO,59.16667,5.8
NOFOA,Froan,Froan,NO,66.2557989,12.235635
NOFOI,Fossing,Fossing,NO,58.93333,9.46667
NOFOL,Follafoss,Follafoss,NO,63.98333,11.1
NOFON,Forøy,Forøy,NO,66.73333,13.51667
NOFOR,Forsand,Forsand,NO,58.9,6.08333
NOFOS,Fosnavåg,Fosnavåg,NO,62.33333,5.63333
NOFRA,Frøya,Frøya,NO,64.0705003,8.8895077
NOFRE,Fræena,Fræena,NO,62.907778,7.108333
NOFRJ,Frei,Frei,NO,63.024971,7.8017412
NOFRK,Fredrikstad,Fredrikstad,NO,59.2,10.91667
NOFRN,Frogn,Frogn,NO,59.6957457,10.6459855
NOFRO,Florø,Florø,NO,61.6,5.01667
NOFRS,Forus,Forus,NO,58.88333,5.75
NOFRT,Frosta,Frosta,NO,63.5876765,10.6992051
NOFSD,Fjellstrand,Fjellstrand,NO,60.21667,5.96667
NOFSK,Fiskåbygd - Vanylven,Fiskåbygd - Vanylven,NO,62.1,5.55
NOFSL,Forsøl,Forsøl,NO,70.71667,23.81667
NOFSN,Fosnes,Fosnes,NO,64.6840591,11.3003477
NOFST,Fiskarstrand,Fiskarstrand,NO,62.45,6.28333
NOFSV,Festvåg,Festvåg,NO,67.43333,14.76667
NOFUS,Fusa,Fusa,NO,60.2,5.61667
NOFYS,Fjærland,Fjærland,NO,61.4,6.73333
NOGAM,Gamvik,Gamvik,NO,71.05,28.25
NOGAU,Gaular,Gaular,NO,61.333889,5.788889
NOGHV,Gunhildvågen,Gunhildvågen,NO,61.58333,5
NOGIK,Gismarvik,Gismarvik,NO,59.31667,5.38333
NOGIL,Gildeskål,Gildeskål,NO,67.0060361,13.9437332
NOGIS,Giske,Giske,NO,62.5038213,6.0500928
NOGJD,Gjøsundet,Gjøsundet,NO,62.53333,6.13333
NOGJM,Gjemnes,Gjemnes,NO,62.9189065,7.8692606
NOGJS,Gjesdal,Gjesdal,NO,58.7700625,5.9545155
NOGJV,Gjesvær,Gjesvær,NO,71.1,25.38333
NOGLO,Glomfjord,Glomfjord,NO,66.8,13.93333
NOGLP,Gloppen,Gloppen,NO,61.7296525,6.177925
NOGOO,Godøya,Godøya,NO,62.46667,6.01667
NOGOT,Grøtavær,Grøtavær,NO,68.96667,16.25
NOGPN,Gaupne,Gaupne,NO,61.4,7.3
NOGRD,Gravdal,Gravdal,NO,68.11667,13.5
NOGRF,Grovfjord,Grovfjord,NO,68.68333,17.11667
NOGRP,Grip,Grip,NO,63.21667,7.6
NOGRS,Grytestranda,Grytestranda,NO,62.53333,6.36667
NOGRT,Gratangen,Gratangen,NO,68.7144273,17.3959323
NOGRV,Granvin,Granvin,NO,60.51667,6.7
NOGRY,Gryllefjord,Gryllefjord,NO,69.36667,17.08333
NOGTD,Grimstad,Grimstad,NO,58.33333,8.58333
NOGUD,Gudvangen,Gudvangen,NO,60.85,6.81667
NOGUL,Gulen,Gulen,NO,60.9614587,5.1550322
NOGUR,Gursken,Gursken,NO,62.23333,5.56667
NOGUT,Gutvik,Gutvik,NO,65.08333,11.81667
NOHAA,Hå,Hå,NO,58.6655504,5.5533791
NOHAD,Hadsel,Hadsel,NO,68.503291,14.8278077
NOHAE,Hansnes,Hansnes,NO,69.96667,19.61667
NOHAL,Halden,Halden,NO,59.1,11.36667
NOHAN,Halvorshavn,Halvorshavn,NO,59.58333,10.61667
NOHAR,Haram,Haram,NO,62.6563869,6.1875532
NOHAU,Haugesund,Haugesund,NO,59.4,5.25
NOHAV,Havøysund,Havøysund,NO,71,24.66667
NOHAZ,Halsnøy,Halsnøy,NO,59.8,5.71667
NOHBT,Hamnbukt - Porsanger,Hamnbukt - Porsanger,NO,70.08333,25.03333
NOHEF,Herfjord,Herfjord,NO,64,10.03333
NOHEK,Hekkelstrand,Hekkelstrand,NO,68.4,16.83333
NOHEL,Hellvik,Hellvik,NO,58.46667,5.86667
NOHEM,Håeimsvika,Håeimsvika,NO,62.48333,6.7
NOHEN,Henningsvær,Henningsvær,NO,68.15,14.21667
NOHER,Hermansverk,Hermansverk,NO,61.18333,6.83333
NOHES,Hestvika,Hestvika,NO,63.56667,9.2
NOHET,Herøysundet,Herøysundet,NO,59.91667,5.78333
NOHEV,Helligvær,Helligvær,NO,67.4417861,13.8951674
NOHEY,Herøy,Herøy,NO,62.4390366,5.2930882
NOHFL,Hammerfall,Hammerfall,NO,67.4,15.53333
NOHFT,Hammerfest,Hammerfest,NO,70.65,23.66667
NOHGR,Hegreneset,Hegreneset,NO,61.4737052,5.3463575
NOHHA,Hufthammar,Hufthammar,NO,60.11667,5.2
NOHIT,Hitra,Hitra,NO,63.6024311,8.9758184
NOHJJ,Hjelset,Hjelset,NO,62.78333,7.48333
NOHJL,Hjelmeland,Hjelmeland,NO,59.23333,6.18333
NOHJO,Hjørungavåg,Hjørungavåg,NO,62.35,6.06667
NOHKR,Helle - Kragerø,Helle - Kragerø,NO,58.9,9.4
NOHLB,Høylandsbygda,Høylandsbygda,NO,59.78333,5.8
NOHLE,Helle - Forsand,Helle - Forsand,NO,58.86667,6.15
NOHLL,Høllen,Høllen,NO,58.08333,7.81667
NOHLS,Halsa,Halsa,NO,62.5270028,7.7572189
NOHME,Hemne,Hemne,NO,63.271111,9.055833
NOHMS,Hemnes,Hemnes,NO,66.0113545,14.1428537
NOHMV,Hummelvik,Hummelvik,NO,70.25,21.78333
NOHMY,Hamarøy,Hamarøy,NO,67.9218459,16.2415845
NOHNE,Hemnesberget,Hemnesberget,NO,66.23333,13.63333
NOHOA,Holla,Holla,NO,63.31667,9.15
NOHOF,Hof,Hof,NO,59.55,10.03333
NOHOG,Høgset,Høgset,NO,67.13333,15.01667
NOHOK,Hommelvik,Hommelvik,NO,63.4,10.76667
NOHOL,Holmestrand,Holmestrand,NO,59.48333,10.3
NOHOO,Horsøy,Horsøy,NO,60.43333,5.16667
NOHOR,Horten,Horten,NO,59.4,10.48333
NOHOT,Hanøytangen,Hanøytangen,NO,60.43333,5.1
NOHOY,Husøy - Tønsberg,Husøy - Tønsberg,NO,59.23333,10.45
NOHRD,Harstad,Harstad,NO,68.78333,16.53333
NOHRI,Hareid,Hareid,NO,62.36667,6.03333
NOHRO,Herøy,Herøy,NO,65.98333,12.3
NOHRR,Herre,Herre,NO,59.1,9.56667
NOHRS,Harøysundet,Harøysundet,NO,62.88333,6.95
NOHRV,Hordvik,Hordvik,NO,60.51667,5.3
NOHRY,Herøya,Herøya,NO,59.11667,9.61667
NOHSA,Halsa Meløy,Halsa Meløy,NO,66.73333,13.51667
NOHSL,Hovland,Hovland,NO,60.23333,6.61667
NOHSO,Husøy - Karmøy,Husøy - Karmøy,NO,59.33333,5.3
NOHSS,Husøy - Lenvik,Husøy - Lenvik,NO,69.53333,17.66667
NOHSV,Hausvikstrand,Hausvikstrand,NO,58.03333,6.98333
NOHSY,Hellesylt,Hellesylt,NO,62.08333,6.86667
NOHUD,Hundeidvika,Hundeidvika,NO,62.36667,6.41667
NOHUR,Hurum,Hurum,NO,59.603056,10.518056
NOHUS,Husnes,Husnes,NO,59.86667,5.76667
NOHVA,Hvaler,Hvaler,NO,58.9489905,10.7847673
NOHVG,Honningsvåg,Honningsvåg,NO,70.96667,25.96667
NOHVI,Håvik,Håvik,NO,59.3,5.31667
NOHVK,Hasvik,Hasvik,NO,70.46667,22.15
NOHVS,Hvasser,Hvasser,NO,59.08333,10.45
NOHYL,Hyllestad,Hyllestad,NO,61.16667,5.28333
NOHYR,Høyanger,Høyanger,NO,61.21667,6.05
NOIBE,Ibestad,Ibestad,NO,68.7883321,17.1532823
NOIDR,Inndyr,Inndyr,NO,67.03333,14.01667
NOIGE,Igerøy,Igerøy,NO,65.68333,12.13333
NOIGL,Iglandsvik,Iglandsvik,NO,61.83333,4.93333
NOIKA,Vikan,Vikan,NO,67.3032164,14.7053964
NOIKR,Ikornnes,Ikornnes,NO,62.38333,6.55
NOIND,Inderøy,Inderøy,NO,63.8499165,11.0926448
NOINN,Innhavet,Innhavet,NO,67.96667,15.91667
NOINV,Innvik,Innvik,NO,61.85,6.61667
NOISY,Ingøy,Ingøy,NO,71.08333,24.06667
NOJAN,Jakobsnes,Jakobsnes,NO,69.73333,30.1
NOJEL,Jelsa,Jelsa,NO,59.33333,6.01667
NOJON,Jondal,Jondal,NO,60.26667,6.23333
NOJOS,Jøssingfjord,Jøssingfjord,NO,58.31667,6.35
NOJOV,Jøvik,Jøvik,NO,69.6,19.81667
NOJOY,Jarlsøy,Jarlsøy,NO,59.25,10.46667
NOKAB,Kabelvåg,Kabelvåg,NO,68.21667,14.48333
NOKAF,Kåfjord,Kåfjord,NO,69.4973215,20.7271716
NOKAH,Kårvikhamn,Kårvikhamn,NO,69.4,18.15
NOKAN,Kalvneset,Kalvneset,NO,61.600292,5.015865
NOKAR,Kårstø,Kårstø,NO,59.26667,5.51667
NOKAY,Karlsøy,Karlsøy,NO,70.0026014,19.8901466
NOKBV,Kobbvågen,Kobbvågen,NO,68.73333,14.53333
NOKDF,Kaldfjord,Kaldfjord,NO,69.68333,18.73333
NOKDL,Kvanndal,Kvanndal,NO,60.48333,6.6
NOKGF,Kongsfjord,Kongsfjord,NO,70.71667,29.31667
NOKIA,Kvithylla,Kvithylla,NO,63.56667,9.9
NOKIL,Kilvik,Kilvik,NO,66.73333,13.9
NOKIR,Kirkehamn,Kirkehamn,NO,58.23333,6.53333
NOKIV,Kinsarvik,Kinsarvik,NO,60.36667,6.71667
NOKJB,Kjørebonn,Kjørebonn,NO,58.9,9.48333
NOKJE,Kjerringøy,Kjerringøy,NO,67.51667,14.76667
NOKJF,Kjøllefjord,Kjøllefjord,NO,70.93333,27.33333
NOKJK,Kjøpsvik,Kjøpsvik,NO,68.08333,16.35
NOKKK,Kvelde,Kvelde,NO,59.2,9.96667
NOKKN,Kirkenes,Kirkenes,NO,69.71667,30.03333
NOKLD,Kolvereid,Kolvereid,NO,64.8647037,11.6027053
NOKLE,Kleppestø,Kleppestø,NO,60.41667,5.23333
NOKMN,Kårhamn,Kårhamn,NO,70.55,23.15
NOKMO,Kambo,Kambo,NO,59.46667,10.68333
NOKMS,Kjøpmannskjær,Kjøpmannskjær,NO,59.16667,10.36667
NOKMY,Karmøy,Karmøy,NO,59.2302888,5.1536117
NOKOL,Kollsnes Øst,Kollsnes Øst,NO,60.91667,4.88333
NOKON,Kollsnes,Kollsnes,NO,60.56667,4.81667
NOKOP,Kopervik,Kopervik,NO,59.28333,5.3
NOKPG,Kaupanger,Kaupanger,NO,61.16667,7.23333
NOKRA,Kragerø,Kragerø,NO,58.86667,9.4
NOKRS,Kristiansand,Kristiansand,NO,58.13333,7.98333
NOKRV,Knarrevik,Knarrevik,NO,60.36667,5.15
NOKSU,Kristiansund,Kristiansund,NO,63.1,7.73333
NOKSY,Kvitsøy,Kvitsøy,NO,59.05,5.41667
NOKUV,Kuvika,Kuvika,NO,71.05,25.9
NOKVF,Kvåfjord,Kvåfjord,NO,58.03333,7.3
NOKVG,Kalvåg,Kalvåg,NO,61.76667,4.88333
NOKVH,Kvinnherad,Kvinnherad,NO,59.9531724,6.0325141
NOKVL,Kristoffervalen,Kristoffervalen,NO,70.11667,19.98333
NOKVM,Kvam,Kvam,NO,61.2517343,7.1238857
NOKVN,Kvænangen,Kvænangen,NO,69.8594962,22.0571038
NOKVR,Kvæfjord,Kvæfjord,NO,68.76667,16.16667
NOKVS,Kvalsund,Kvalsund,NO,70.5,23.96667
NOKVV,Kvalvika,Kvalvika,NO,67.3,14.38333
NOKYR,Kyrksæterøra,Kyrksæterøra,NO,63.28333,9.08333
NOLAD,Langesund,Langesund,NO,59,9.73333
NOLAG,Langevåg,Langevåg,NO,59.61667,5.25
NOLAN,Langevåg - Sula,Langevåg - Sula,NO,62.43333,6.21667
NOLAO,Langøya,Langøya,NO,59.020655,10.1198658
NOLAR,Larvik,Larvik,NO,59.03333,10.01667
NOLAS,Lenangen Søndre,Lenangen Søndre,NO,69.81667,19.98333
NOLAV,Lavangen,Lavangen,NO,68.75,17.78333
NOLAY,Lenangsøyra,Lenangsøyra,NO,69.81667,19.98333
NOLDS,Lindesnes,Lindesnes,NO,58.0460295,7.1425006
NOLEA,Leirvik i Hyllestad,Leirvik i Hyllestad,NO,61.11667,5.33333
NOLEB,Lebesby,Lebesby,NO,70.5727897,27.0024437
NOLEF,Leirfjord,Leirfjord,NO,66.05,12.95
NOLEK,Leikanger,Leikanger,NO,61.1856189,6.8067653
NOLEP,Leirpollen,Leirpollen,NO,70.3818206,25.4968514
NOLES,Lenvik,Lenvik,NO,69.43333,18.15
NOLEV,Levanger,Levanger,NO,63.75,11.28333
NOLFF,Listraumen,Listraumen,NO,61.13333,5.2
NOLGS,Langstein,Langstein,NO,63.55,10.88333
NOLIA,Liavåg,Liavåg,NO,62.35,6.06667
NOLID,Liland,Liland,NO,68.33333,14.75
NOLIE,Lier,Lier,NO,59.7865771,10.2432921
NOLIL,Lillesand,Lillesand,NO,58.23333,8.36667
NOLIN,Lindås,Lindås,NO,60.7363494,5.1614412
NOLIT,Litangen,Litangen,NO,58.85,9.3
NOLKA,Leka,Leka,NO,65.0878604,11.7135655
NOLKN,Leknes,Leknes,NO,68.15,13.6
NOLKV,Leksvik,Leksvik,NO,63.66667,10.61667
NOLNE,Leines,Leines,NO,67.73333,14.76667
NOLOD,Lødingen,Lødingen,NO,68.41667,15.98333
NOLOE,Loen,Loen,NO,61.86667,6.83333
NOLON,Lonevåg,Lonevåg,NO,60.53333,5.48333
NOLOP,Loppa,Loppa,NO,70.3424362,21.4467928
NOLOV,Lovund,Lovund,NO,66.36667,12.38333
NOLRA,Lura,Lura,NO,58.86667,5.73333
NOLRD,Lærdal,Lærdal,NO,61.1,7.45
NOLRE,Lessremman,Lessremman,NO,65.36667,12.48333
NOLRI,Leirvik,Leirvik,NO,59.76667,5.5
NOLRK,Larkollen,Larkollen,NO,59.33333,10.65
NOLSU,Lysøysund,Lysøysund,NO,63.88333,9.86667
NOLUL,Lutelandet,Lutelandet,NO,61.25,4.96667
NOLUR,Lurøy,Lurøy,NO,66.41667,12.83333
NOLUS,Luster,Luster,NO,61.5189485,7.5692149
NOLVG,Laksevåg,Laksevåg,NO,60.38333,5.3
NOLVK,Laukvik,Laukvik,NO,68.38333,14.41667
NOLYD,Lyngseidet,Lyngseidet,NO,69.58333,20.21667
NOLYF,Lysebotn,Lysebotn,NO,59.05,6.66667
NOLYN,Lyngen,Lyngen,NO,69.7297121,20.0817661
NOLYS,Lysaker,Lysaker,NO,59.9,10.6
NOMAH,Maurholen,Maurholen,NO,58.46667,5.91667
NOMAK,Malvik,Malvik,NO,63.4375312,10.658958
NOMAN,Mandal,Mandal,NO,58.01667,7.45
NOMAT,Matre - Masfjorden,Matre - Masfjorden,NO,60.88333,5.56667
NOMAU,Mausund,Mausund,NO,63.86667,8.66667
NOMAV,Målselv,Målselv,NO,68.969193,19.3970839
NOMAY,Måløy,Måløy,NO,61.93333,5.1
NOMEH,Mehamn,Mehamn,NO,71.03333,27.83333
NOMEL,Melbu,Melbu,NO,68.48333,14.8
NOMEN,Menstad,Menstad,NO,59.16667,9.63333
NOMEV,Melsomvik,Melsomvik,NO,59.21667,10.33333
NOMEY,Meløy,Meløy,NO,66.949069,13.1948054
NOMGR,Manger,Manger,NO,60.63333,5
NOMID,Midsund,Midsund,NO,62.66667,6.66667
NOMIS,Misvær,Misvær,NO,67.11667,14.98333
NOMIT,Misten,Misten,NO,67.45,14.73333
NOMJF,Mosjøen,Mosjøen,NO,65.83333,13.2
NOMLD,Meland,Meland,NO,61.3191612,6.5757372
NOMLK,Melkøya,Melkøya,NO,70.68333,23.6
NOMLM,Malm,Malm,NO,64.06667,11.23333
NOMLS,Melhus,Melhus,NO,63.28333,10.26667
NOMLT,Moldtustranda,Moldtustranda,NO,62.28333,5.61667
NOMOB,Mongstadbase,Mongstadbase,NO,60.8,5.06667
NOMOD,Modalen,Modalen,NO,60.8147118,5.8022421
NOMOL,Molde,Molde,NO,62.73333,7.15
NOMON,Mongstad,Mongstad,NO,60.81667,5.01667
NOMOR,Mørsvikbotn,Mørsvikbotn,NO,67.7,15.83333
NOMOS,Mosterhamn,Mosterhamn,NO,59.7,5.38333
NOMOV,Mølstrevåg,Mølstrevåg,NO,59.51667,5.26667
NOMQN,Mo i Rana,Mo i Rana,NO,66.31667,14.13333
NOMRV,Muruvika,Muruvika,NO,63.43333,10.83333
NOMSD,Mjølstadneset,Mjølstadneset,NO,62.31667,5.66667
NOMSF,Masfjorden,Masfjorden,NO,60.8442382,5.4029908
NOMSK,Moskenes,Moskenes,NO,67.88333,13.03333
NOMSS,Moss,Moss,NO,59.41667,10.65
NOMSV,Mosvik,Mosvik,NO,63.8182824,11.0050557
NOMSY,Måsøy,Måsøy,NO,71.0077956,25.003738
NOMVV,Mjølkevikvarden,Mjølkevikvarden,NO,60.55,4.98333
NOMYO,Myre-Øksnes,Myre-Øksnes,NO,68.917222,15.068333
NONAU,Naustdal,Naustdal,NO,61.5095147,5.716199
NONEO,Nesodden,Nesodden,NO,59.8079708,10.6893814
NONEV,Nevlunghamn,Nevlunghamn,NO,58.96667,9.86667
NONFD,Nordfjordeid,Nordfjordeid,NO,61.9,5.98333
NONFO,Nordfosen,Nordfosen,NO,63.95,10.18333
NONHS,Norheimsund,Norheimsund,NO,60.36667,6.13333
NONIA,Hammarvika - Frøya,Hammarvika - Frøya,NO,63.68333,8.8
NONKB,Nordkjosbotn,Nordkjosbotn,NO,69.23333,19.35
NONOD,Norddal,Norddal,NO,62.2546415,7.2340138
NONOK,Nordkapp,Nordkapp,NO,71.1699506,25.7858893
NONOL,Nordlenangen,Nordlenangen,NO,69.91667,20.16667
NONOM,Nordmela,Nordmela,NO,69.13333,15.68333
NONOR,Nordreisa,Nordreisa,NO,69.5274572,21.5988636
NONRY,Nærøy,Nærøy,NO,64.816285,11.2589032
NONSB,Nesseby,Nesseby,NO,70.1521646,28.8645708
NONSF,Nordskaget - Frøya,Nordskaget - Frøya,NO,63.71667,8.56667
NONSN,Nesna,Nesna,NO,66.2,13.01667
NONST,Nesset,Nesset,NO,62.3219849,5.9759497
NONTY,Nøtterøy,Nøtterøy,NO,59.2294611,10.4080217
NONVK,Narvik,Narvik,NO,68.41667,17.41667
NONYE,Nyelv,Nyelv,NO,70.08333,28.86667
NONYH,Nyhamna,Nyhamna,NO,62.85,6.95
NONZC,Larsnes,Larsnes,NO,62.21667,5.6
NONZL,Glesvær,Glesvær,NO,60.2,5.03333
NONZY,Tromsdalen,Tromsdalen,NO,69.65,19.01667
NOODD,Odda,Odda,NO,60.06667,6.53333
NOOKF,Øksfjord,Øksfjord,NO,70.23333,22.33333
NOOKS,Oksnes,Oksnes,NO,69.0342557,14.8166771
NOOLA,Ørland,Ørland,NO,63.7649331,9.8086077
NOOLD,Olden,Olden,NO,61.83333,6.8
NOOLL,Olderdalen,Olderdalen,NO,69.6,20.51667
NOOLN,Ølen,Ølen,NO,59.6,5.8
NOOLR,Oldervik,Oldervik,NO,69.75,19.68333
NOOLT,Frafjord,Frafjord,NO,58.83333,6.3
NOOLV,Ølve,Ølve,NO,60.01667,5.8
NOOMA,Omastranda,Omastranda,NO,60.21667,5.96667
NOOMB,Ombo,Ombo,NO,59.23333,6.01667
NOOOS,Os,Os,NO,60.16667,5.46667
NOOPG,Oppegård,Oppegård,NO,59.7670938,10.8113187
NOORD,Orkdal,Orkdal,NO,63.263466,9.8130761
NOORK,Orkanger,Orkanger,NO,63.31667,9.83333
NOORS,Ørsta,Ørsta,NO,62.18333,6.08333
NOORV,Ortnevik,Ortnevik,NO,61.1,6.13333
NOOSE,Osnes - Vindafjord,Osnes - Vindafjord,NO,59.58333,5.56667
NOOSG,Ørskog,Ørskog,NO,62.478281,6.817356
NOOSL,Oslo,Oslo,NO,59.9,10.73333
NOOSN,Osen,Osen,NO,64.2975404,10.5107168
NOOST,Osterøy,Osterøy,NO,60.5708785,5.5014971
NOOSY,Namsos,Namsos,NO,64.45,11.5
NOOTA,Ottersøya,Ottersøya,NO,64.85,11.28333
NOOTO,Ottersøy,Ottersøy,NO,64.86667,11.28333
NOOYB,Bogøy,Bogøy,NO,67.9,15.18333
NOOYG,Øygarden,Øygarden,NO,60.4267846,4.7265289
NOPAR,Porsanger,Porsanger,NO,70.2331268,25.1993945
NOPOR,Porsgrunn,Porsgrunn,NO,59.13333,9.63333
NORAD,Råde,Råde,NO,59.3517216,10.8723765
NORAF,Rafnes,Rafnes,NO,59.1,9.56667
NORAM,Ramsund,Ramsund,NO,68.48333,16.5
NORAU,Rauma,Rauma,NO,62.4454746,7.6883586
NORAY,Radøy,Radøy,NO,60.6906,4.99722
NORBV,Raudbergvika,Raudbergvika,NO,62.26667,7.05
NORDB,Randaberg,Randaberg,NO,59,5.63333
NORDY,Rødøy,Rødøy,NO,66.659433,13.0762506
NOREE,Re,Re,NO,59.3384944,10.2522694
NOREK,Rekefjord,Rekefjord,NO,58.33333,6.25
NOREN,Rennesøy,Rennesøy,NO,59.08333,5.68333
NOREP,Repparfjord,Repparfjord,NO,70.45,24.28333
NORES,Raunes - Vindafjord,Raunes - Vindafjord,NO,59.43333,5.75
NORET,Røst,Røst,NO,67.51667,12.13333
NORFJ,Reinfjord,Reinfjord,NO,70.1,21.6
NORIS,Risør,Risør,NO,58.71667,9.23333
NORIV,Risavika,Risavika,NO,58.93333,5.6
NORMB,Ramberg,Ramberg,NO,68.08333,13.21667
NORMV,Ramsvika,Ramsvika,NO,63.3234483,8.5401994
NORNA,Rana,Rana,NO,66.4397132,14.3945932
NOROA,Roan,Roan,NO,64.1728981,10.2291176
NOROG,Rognan,Rognan,NO,67.1,15.38333
NOROM,Gjerdsvika,Gjerdsvika,NO,62.25,5.55
NOROV,Rovde,Rovde,NO,62.18333,5.75
NOROY,Snarøya,Snarøya,NO,59.88333,10.61667
NORPV,Repvåg,Repvåg,NO,70.75,25.68333
NORSD,Raudsand,Raudsand,NO,62.83333,8.11667
NORSH,Risøyhamn,Risøyhamn,NO,68.96667,15.63333
NORSS,Rissa,Rissa,NO,63.58333,9.96667
NORTL,Rutledal,Rutledal,NO,61.06667,5.21667
NORUB,Rubbestadneset,Rubbestadneset,NO,59.8,5.26667
NORUN,Runde,Runde,NO,62.4,5.66667
NORVK,Rørvik,Rørvik,NO,64.85,11.23333
NORYF,Rypefjord,Rypefjord,NO,70.63333,23.66667
NOSAA,Skaland,Skaland,NO,69.45,17.3
NOSAC,Salangsverket,Salangsverket,NO,68.9,17.71667
NOSAF,Sandeid,Sandeid,NO,59.55,5.83333
NOSAG,Vormedal,Vormedal,NO,59.35,5.31667
NOSAI,Sandviksberget,Sandviksberget,NO,64.31667,10.45
NOSAK,Stakkvik,Stakkvik,NO,69.95,19.66667
NOSAL,Salangen,Salangen,NO,68.86667,17.81667
NOSAM,Samnanger,Samnanger,NO,60.4043308,5.7233589
NOSAN,Skaun,Skaun,NO,63.2507702,10.0527608
NOSAS,Sandnes,Sandnes,NO,58.85,5.73333
NOSAT,Salten,Salten,NO,67.36667,15.58333
NOSAU,Sauda,Sauda,NO,59.63333,6.35
NOSAX,Sand,Sand,NO,59.48333,6.25
NOSAY,Sandøya,Sandøya,NO,63.0465329,7.4031544
NOSBA,Stord base,Stord base,NO,59.75,5.48333
NOSBT,Botn - Sandnessjøen,Botn - Sandnessjøen,NO,66,12.65
NOSBU,Salsbruket,Salsbruket,NO,64.8,11.86667
NOSDI,Sandvika,Sandvika,NO,59.88333,10.51667
NOSDL,Saltdal,Saltdal,NO,66.8809542,15.4926692
NOSDT,Stadlandet,Stadlandet,NO,62.13333,5.31667
NOSDZ,Stordal,Stordal,NO,62.36667,6.98333
NOSEI,Skånevik,Skånevik,NO,59.7330482,5.9355815
NOSEJ,Seljeli,Seljeli,NO,66.13333,13.58333
NOSEV,Selva,Selva,NO,63.61667,9.73333
NOSGJ,Straumsgjerde,Straumsgjerde,NO,62.33333,6.58333
NOSGT,Skorgeneset,Skorgeneset,NO,62.56667,7.11667
NOSHT,Stanghelle,Stanghelle,NO,60.55,5.73333
NOSID,Sævareid,Sævareid,NO,60.18333,5.76667
NOSIH,Siholmen,Siholmen,NO,58.4094547,5.9853324
NOSIP,Skipavik - Gulen,Skipavik - Gulen,NO,60.85,5.03333
NOSIS,Sunde,Sunde,NO,59.83333,5.71667
NOSJE,Selje,Selje,NO,62.03333,5.33333
NOSJH,Senjahopen,Senjahopen,NO,69.5,17.48333
NOSJO,Sjøholt,Sjøholt,NO,62.46667,6.8
NOSJU,Sjursøja/Oslo,Sjursøja/Oslo,NO,59.88333,10.76667
NOSJV,Sjøvegan,Sjøvegan,NO,68.88333,17.83333
NOSKB,Skibotn,Skibotn,NO,69.38333,20.25
NOSKE,Skien,Skien,NO,59.2,9.6
NOSKF,Skiftun,Skiftun,NO,59.28333,6.13333
NOSKH,Skjærhalden,Skjærhalden,NO,59.01667,11.03333
NOSKI,Skjerkøya,Skjerkøya,NO,59,9.75
NOSKK,Stokksund,Stokksund,NO,64.03333,10.05
NOSKL,Skånland,Skånland,NO,68.5854548,16.5800068
NOSKN,Stokmarknes,Stokmarknes,NO,68.56667,14.9
NOSKO,Skodje,Skodje,NO,62.5037394,6.6962479
NOSKU,Skudeneshavn,Skudeneshavn,NO,59.13333,5.26667
NOSKV,Skålevik,Skålevik,NO,60.38333,5.23333
NOSKX,Skogn,Skogn,NO,63.7,11.15
NOSKY,Skjervøy,Skjervøy,NO,70.03333,20.96667
NOSKZ,Skarsvåg,Skarsvåg,NO,71.1,25.81667
NOSLD,Solund,Solund,NO,61.0507558,4.5253601
NOSLG,Slagentangen,Slagentangen,NO,59.31667,10.5
NOSLH,Salthella,Salthella,NO,60,5.11667
NOSLM,Slemmestad,Slemmestad,NO,59.76667,10.48333
NOSLN,Skjolden,Skjolden,NO,61.48333,7.58333
NOSLV,Sløvåg,Sløvåg,NO,60.85,5.06667
NOSLX,Sortland,Sortland,NO,68.7,15.41667
NOSMN,Sømna,Sømna,NO,65.3117843,12.1677243
NOSMO,Smøla,Smøla,NO,63.45,8
NOSND,Sund,Sund,NO,61.4552516,5.1823955
NOSNE,Søgne,Søgne,NO,58.08333,7.81667
NOSNF,Snefjord,Snefjord,NO,70.8,24.56667
NOSNI,Snillfjord,Snillfjord,NO,63.3993733,9.5007707
NOSNL,Standal,Standal,NO,62.26667,6.43333
NOSNS,Steinesjøen,Steinesjøen,NO,68.6,14.45
NOSNV,Snekkevik,Snekkevik,NO,60.3480261,5.1549312
NOSOF,Sørfold,Sørfold,NO,67.5194217,15.6631524
NOSOG,Sogndal,Sogndal,NO,61.21667,7.1
NOSOJ,Sørkjosen,Sørkjosen,NO,69.8,20.93333
NOSOK,Sokndal,Sokndal,NO,58.3428898,6.2935846
NOSOR,Sørarnoy,Sørarnoy,NO,67.13333,13.98333
NOSOS,Svolvær Osan,Svolvær Osan,NO,68.23333,14.53333
NOSOV,Sövik,Sövik,NO,62.43333,6.75
NOSOY,Storøya,Storøya,NO,64.4487562,11.8371124
NOSPG,Sarpsborg,Sarpsborg,NO,59.26667,11.1
NOSPK,Skipavik,Skipavik,NO,59.6272485,5.1864995
NOSPV,Spjelkavik,Spjelkavik,NO,62.45,6.33333
NOSRA,Sørreisa,Sørreisa,NO,69.13333,18.11667
NOSRD,Sigerfjord,Sigerfjord,NO,68.63333,15.53333
NOSRH,Skarholmen,Skarholmen,NO,60.4,5.2
NOSRK,Skrolsvik,Skrolsvik,NO,69.06667,16.81667
NOSRM,Straumsnes,Straumsnes,NO,68.65,14.63333
NOSRN,Stranda,Stranda,NO,62.3,6.93333
NOSRO,Skrova,Skrova,NO,68.16667,14.66667
NOSRP,Stord,Stord,NO,59.75,5.48333
NOSRS,Storesund,Storesund,NO,59.41667,5.26667
NOSRV,Sirevåg,Sirevåg,NO,58.5,5.78333
NOSRX,Sotra,Sotra,NO,60.315733,5.1011699
NOSSJ,Sandnessjøen,Sandnessjøen,NO,66.01667,12.63333
NOSSO,Straumsjøen,Straumsjøen,NO,68.7,14.46667
NOSSS,Sistranda,Sistranda,NO,63.71667,8.83333
NOSTA,Stathelle,Stathelle,NO,59.03333,9.7
NOSTB,Storebø,Storebø,NO,60.1,5.21667
NOSTD,Strand,Strand,NO,59.0489525,5.9260758
NOSTE,Steinkjer,Steinkjer,NO,64.01667,11.48333
NOSTF,Storfjord,Storfjord,NO,69.2517494,20.3085151
NOSTG,Steigen,Steigen,NO,67.8535836,14.8017083
NOSTH,Steinshamn,Steinshamn,NO,62.78333,6.48333
NOSTI,Steinvig,Steinvig,NO,58.96667,6
NOSTJ,Stjørdal,Stjørdal,NO,63.46667,10.88333
NOSTK,Stokke,Stokke,NO,59.2223339,10.3006809
NOSTO,Stokkvågen,Stokkvågen,NO,66.33333,13
NOSTR,Stryn,Stryn,NO,61.88333,6.7
NOSTU,Stura,Stura,NO,60.61667,4.86667
NOSTV,Stavern,Stavern,NO,58.98333,10.03333
NOSTX,Stø,Stø,NO,69.01667,15.13333
NOSTY,Stjernøya,Stjernøya,NO,70.3,22.71667
NOSTZ,Stranda - Frøya,Stranda - Frøya,NO,63.8,8.68333
NOSUA,Sula,Sula,NO,62.4098682,6.2035938
NOSUL,Suldal,Suldal,NO,59.4894156,6.4953661
NOSUN,Sunndalsøra,Sunndalsøra,NO,62.66667,8.55
NOSUR,Surnadal,Surnadal,NO,62.98333,8.63333
NOSUS,Susort,Susort,NO,59.28333,5.46667
NOSUZ,Stamsund,Stamsund,NO,68.11667,13.83333
NOSVB,Svartebukt,Svartebukt,NO,59.01667,9.83333
NOSVE,Svelgen,Svelgen,NO,61.76667,5.28333
NOSVG,Stavanger,Stavanger,NO,58.96667,5.75
NOSVI,Ørnes,Ørnes,NO,66.86667,13.7
NOSVJ,Svolvær,Svolvær,NO,68.21667,14.55
NOSVL,Sævlandsvik,Sævlandsvik,NO,59.26667,5.18333
NOSVO,Sveio,Sveio,NO,59.55,5.35
NOSVR,Sørvær,Sørvær,NO,70.63333,21.98333
NOSVT,Stavneset - Rissa,Stavneset - Rissa,NO,63.7,9.95
NOSVV,Svelvik,Svelvik,NO,59.6,10.4
NOSYK,Sykkylven,Sykkylven,NO,62.4,6.56667
NOT8N,Oteren,Oteren,NO,69.26667,19.9
NOTAA,Tana,Tana,NO,70.1986333,28.1881116
NOTAE,Tananger,Tananger,NO,58.91667,5.58333
NOTAL,Tælavåg,Tælavåg,NO,60.25,4.98333
NOTAU,Tau,Tau,NO,59.05,5.9
NOTAV,Torangsvåg,Torangsvåg,NO,60.11667,5.16667
NOTBO,Tjeldbergodden,Tjeldbergodden,NO,63.4125787,8.6819432
NOTIN,Tingvoll,Tingvoll,NO,62.9117713,8.2063364
NOTJL,Tjøtta,Tjøtta,NO,65.81667,12.43333
NOTJO,Tjøme,Tjøme,NO,59.1149169,10.3916872
NOTJR,Tjørvåg,Tjørvåg,NO,62.28333,5.73333
NOTJS,Tjeldsund,Tjeldsund,NO,68.554699,16.2266513
NOTJU,Torjulvågen,Torjulvågen,NO,62.98333,8.25
NOTMV,Tromvik,Tromvik,NO,69.78333,18.4
NOTNN,Tonnes,Tonnes,NO,66.51667,13
NOTOF,Tofte - Hurum,Tofte - Hurum,NO,59.53333,10.56667
NOTOM,Tomrefjord,Tomrefjord,NO,62.58333,6.91667
NOTON,Tønsberg,Tønsberg,NO,59.25,10.41667
NOTOR,Torsken,Torsken,NO,69.33333,17.1
NOTOS,Tromsø,Tromsø,NO,69.66667,18.96667
NOTOV,Tovik,Tovik,NO,68.68333,16.9
NOTOY,Thorøya,Thorøya,NO,59.1,10.23333
NOTRD,Trondheim,Trondheim,NO,63.43333,10.4
NOTRF,Sandefjord,Sandefjord,NO,59.11667,10.21667
NOTRN,Træna,Træna,NO,66.5,12.1
NOTRO,Trollåsen,Trollåsen,NO,59.8155256,10.7780069
NOTRY,Tranøy,Tranøy,NO,68.1834472,15.6625385
NOTSB,Tyssebotn,Tyssebotn,NO,60.61667,5.58333
NOTSX,Tyssedal,Tyssedal,NO,60.11667,6.55
NOTUF,Tufjorden,Tufjorden,NO,71.0786583,25.7409927
NOTUS,Tustna,Tustna,NO,63.1617,8.1092
NOTVA,Torsvåg,Torsvåg,NO,70.25,19.5
NOTVE,Tvedestrand,Tvedestrand,NO,58.61667,8.91667
NOTVI,Torvika,Torvika,NO,62.33333,5.73333
NOTYF,Tysfjord,Tysfjord,NO,68.2029416,16.073588
NOTYN,Tysnes,Tysnes,NO,59.9867036,5.5334667
NOTYT,Tytebærvika,Tytebærvika,NO,69.6,19.96667
NOTYV,Tysvær,Tysvær,NO,59.3316311,5.4902649
NOUBO,Uløybukt,Uløybukt,NO,69.85,20.7
NOULE,Ulstein,Ulstein,NO,62.36667,5.81667
NOULL,Ullensvang,Ullensvang,NO,60.31667,6.65
NOULS,Ulsteinvik,Ulsteinvik,NO,62.33333,5.83333
NOUME,Straume,Straume,NO,60.31667,5.28333
NOUND,Sund - Karmøy,Sund - Karmøy,NO,59.3,5.23333
NOUSD,Uskedalen,Uskedalen,NO,59.93333,5.85
NOUTG,Utgårdskilen,Utgårdskilen,NO,59.08333,10.86667
NOUTH,Uthaug,Uthaug,NO,63.71667,9.6
NOUTN,Utne,Utne,NO,60.41667,6.6
NOUTS,Utsira,Utsira,NO,59.2537162,4.7201048
NOUTV,Utvorda,Utvorda,NO,64.6,10.95
NOUVK,Ulvik,Ulvik,NO,60.56667,6.91667
NOVAD,Valldal,Valldal,NO,62.3,7.26667
NOVAE,Valsneset,Valsneset,NO,63.81667,9.63333
NOVAG,Valevåg,Valevåg,NO,59.7,5.46667
NOVAK,Vaksdal,Vaksdal,NO,60.46667,5.73333
NOVAL,Valløy,Valløy,NO,59.26667,10.5
NOVAN,Vanvikan-Leksvik,Vanvikan-Leksvik,NO,63.55,10.23333
NOVAO,Vardø,Vardø,NO,70.36667,31.1
NOVAY,Vanylven,Vanylven,NO,62.0874858,5.6566024
NOVBE,Valberg,Valberg,NO,58.88333,9.41667
NOVDA,Volda,Volda,NO,62.13333,6.05
NOVDL,Vistdal,Vistdal,NO,62.71667,7.93333
NOVDS,Vadsø,Vadsø,NO,70.06667,29.76667
NOVEF,Vefsn,Vefsn,NO,65.8207471,13.1786356
NOVEG,Vega,Vega,NO,65.65,12
NOVEO,Vengsøy,Vengsøy,NO,69.83333,18.58333
NOVER,Verdal,Verdal,NO,63.78333,11.43333
NOVEV,Vevelstad,Vevelstad,NO,65.7009982,12.4415126
NOVEY,Værøy,Værøy,NO,67.65,12.7
NOVGN,Vågan,Vågan,NO,68.2776871,14.6630573
NOVGY,Vågsøy,Vågsøy,NO,61.9693,5.0832
NOVHM,Vadheim,Vadheim,NO,61.2,5.81667
NOVHN,Vikholmen,Vikholmen,NO,66.2,12.96667
NOVIF,Vindafjord,Vindafjord,NO,59.5811216,5.7581985
NOVIL,Vikedal,Vikedal,NO,59.5,5.91667
NOVIS,Vik - Sogn,Vik - Sogn,NO,61.08333,6.58333
NOVKK,Vikkilen,Vikkilen,NO,58.36667,8.61667
NOVKN,Vikna,Vikna,NO,64.8770114,10.9618405
NOVLL,Voll,Voll,NO,59.0874946,5.6658533
NOVLS,Vallersund,Vallersund,NO,63.85,9.75
NOVMD,Vedavågen,Vedavågen,NO,59.28333,5.23333
NOVNJ,Vinjeøra,Vinjeøra,NO,63.2,8.98333
NOVNN,Vannavalen,Vannavalen,NO,70.11667,19.96667
NOVNS,Vingsand,Vingsand,NO,64.35,10.46667
NOVOH,Vågaholmen,Vågaholmen,NO,66.71667,13.28333
NOVRR,Verran,Verran,NO,64.024167,10.978889
NOVSM,Vikan - Smøla,Vikan - Smøla,NO,63.38333,8.2
NOVSN,Visnes - Eide,Visnes - Eide,NO,62.95,7.4
NOVST,Vestnes,Vestnes,NO,62.63333,7.06667
NOVTL,Vartdal,Vartdal,NO,62.3,6.06667
NOVTS,Vats,Vats,NO,59.48333,5.73333
NOVVG,Vågsvåg,Vågsvåg,NO,61.93333,5.05
NOVVY,Vestvågøy,Vestvågøy,NO,68.1607217,13.784107
NOYTO,Ytrøy,Ytrøy,NO,61.08333,4.68333
NOZNJ,Nusfjord,Nusfjord,NO,68.03333,13.35
NPLLU,Nawalparasi,Nawalparasi,NP,27.5693232,83.7929833
NRINU,Nauru Island,Nauru Island,NR,-0.55,166.91667
NUALO,Alofi,Alofi,NU,-19.05,-169.91667
NUIUE,Niue Island,Niue Island,NU,-19.0539703,-169.8492027
NZAKA,Akaroa,Akaroa,NZ,-43.8,172.95
NZAKL,Auckland,Auckland,NZ,-36.83333,174.8
NZBLU,Bluff,Bluff,NZ,-46.6,168.31667
NZBUW,Burnham Wharf,Burnham Wharf,NZ,-41.3,174.8
NZCSA,Chelsea,Chelsea,NZ,-36.81667,174.71667
NZDEV,Devonport,Devonport,NZ,-36.83333,174.78333
NZDPC,Deep Cove,Deep Cove,NZ,-45.45,167.15
NZGIS,Gisborne,Gisborne,NZ,-38.66667,178.03333
NZGLE,Glenavy,Glenavy,NZ,-44.91667,171.1
NZGMN,Greymouth,Greymouth,NZ,-42.43333,171.2
NZHMB,Tamaki,Tamaki,NZ,-36.88333,174.9
NZKAU,Kauri Point,Kauri Point,NZ,-37.5134991,175.976245
NZKBZ,Kaikoura,Kaikoura,NZ,-42.41667,173.7
NZLYT,Lyttelton,Lyttelton,NZ,-43.6,172.71667
NZMAB,Matiatia Bay,Matiatia Bay,NZ,-36.76667,174.96667
NZMAP,Marsden Point,Marsden Point,NZ,-35.83333,174.5
NZMFN,Milford Sound,Milford Sound,NZ,-44.66667,167.91667
NZNPE,Napier,Napier,NZ,-39.46667,176.9
NZNPL,New Plymouth,New Plymouth,NZ,-39.05,174.01667
NZNSN,Nelson,Nelson,NZ,-41.25,173.26667
NZOLT,Rolleston,Rolleston,NZ,-43.58333,172.38333
NZONE,Onehunga (Manukau Harbour),Onehunga (Manukau Harbour),NZ,-36.9229255,174.7853896
NZOPX,Opua,Opua,NZ,-35.31667,174.11667
NZORR,Otago Harbour,Otago Harbour,NZ,-45.8,170.61667
NZOTT,Otematata,Otematata,NZ,-44.61667,170.26667
NZPCN,Picton,Picton,NZ,-41.28333,174
NZPOE,Port Chalmers,Port Chalmers,NZ,-45.81667,170.6
NZPON,Port Nelson,Port Nelson,NZ,-41.26667,173.26667
NZPOR,Portland,Portland,NZ,-35.8,174.31667
NZRAV,Ravensbourne,Ravensbourne,NZ,-45.86667,170.55
NZRUS,Russel,Russel,NZ,-35.26667,174.11667
NZSEA,Seaview,Seaview,NZ,-41.2426034,174.9045756
NZSHB,Shelly Bay,Shelly Bay,NZ,-41.28333,174.81667
NZTAK,Takapuna,Takapuna,NZ,-36.78333,174.76667
NZTHH,Taharoa,Taharoa,NZ,-38.15,174.73333
NZTIU,Timaru,Timaru,NZ,-44.38333,171.25
NZTKH,Tarakohe,Tarakohe,NZ,-40.83333,172.88333
NZTRG,Tauranga,Tauranga,NZ,-37.68333,176.16667
NZTRY,Tryphena,Tryphena,NZ,-36.3,175.48333
NZTWI,Tiwai Point-Bluff Port,Tiwai Point-Bluff Port,NZ,-46.58333,168.35
NZWAG,Wanganui,Wanganui,NZ,-39.93333,174.98333
NZWHN,Whangaparapara,Whangaparapara,NZ,-36.23333,175.38333
NZWHR,Whangaroa,Whangaroa,NZ,-35.03333,173.75
NZWKE,Waiheke Island,Waiheke Island,NZ,-36.8,175.1
NZWLG,Wellington,Wellington,NZ,-41.26667,174.78333
NZWRE,Whangarei,Whangarei,NZ,-35.83333,174.48333
NZWSZ,Westport,Westport,NZ,-41.73333,171.58333
NZWTG,Waitangi,Waitangi,NZ,-35.25,174.08333
OMDQM,Duqm,Duqm,OM,19.65,57.7
OMFAH,Fahal,Fahal,OM,23.68333,58.5
OMMCT,Muscat,Muscat,OM,23.6,58.58333
OMMFH,Mina' al Fahl,Mina' al Fahl,OM,23.63333,58.51667
OMMNH,Al Mudayq,Al Mudayq,OM,23.81667,57.51667
OMMUT,Muthra,Muthra,OM,23.616667,58.566667
OMOFC,Sur,Sur,OM,22.5694263,59.5297203
OMOPQ,Port Qaboos,Port Qaboos,OM,23.6288539,58.5650011
OMQAL,Qalhat,Qalhat,OM,22.7,59.36667
OMQUO,Quoin Island,Quoin Island,OM,26.58333,56.51667
OMRAY,Raysut,Raysut,OM,16.9784909,53.9900245
OMSHI,Shinas,Shinas,OM,24.73333,56.46667
OMSLL,Salalah,Salalah,OM,17.0174945,54.1010923
OMSOH,Sohar,Sohar,OM,24.3419881,56.7298385
OMSTQ,"Mina Sultan Qaboos, Muscat","Mina Sultan Qaboos, Muscat",OM,23.61667,58.55
OMSUL,Port Sultan,Port Sultan,OM,23.61667,58.63333
OMSUW,Al-Suwaiq,Al-Suwaiq,OM,23.85,57.43333
PAACO,Ancon,Ancon,PA,8.96667,-79.55
PAAGD,Aguadulce,Aguadulce,PA,8.2420503,-80.5390601
PAAML,Puerto Armuelles,Puerto Armuelles,PA,8.2725603,-82.8604458
PABAY,Bayano,Bayano,PA,7.63333,-80.38333
PABCC,Boca Chica,Boca Chica,PA,8.21667,-82.21667
PABLB,Balboa,Balboa,PA,8.9495435,-79.5529019
PABOC,Bocas del Toro,Bocas del Toro,PA,9.33333,-82.23333
PACHA,Charco Azul,Charco Azul,PA,8.487228,-82.4214817
PACHG,Chiriquí Grande,Chiriquí Grande,PA,8.95,-82.11667
PACTB,Cristóbal,Cristóbal,PA,9.35,-79.9
PACTD,Chitre,Chitre,PA,7.96667,-80.43333
PACZZ,Cañazas,Cañazas,PA,8.13333,-80.7
PAELE,El Real,El Real,PA,8.1086083,-77.7321497
PAG8L,Gualaca,Gualaca,PA,8.53333,-82.3
PAGBA,Gamboa,Gamboa,PA,9.1180893,-79.7003028
PAGDE,Río Grande,Río Grande,PA,7.71667,-81.35
PAGTN,Gatun,Gatun,PA,9.2706687,-79.9182296
PAHER,Herrera,Herrera,PA,7.83333,-80.66667
PAMEL,Melones,Melones,PA,8.8,-79.6
PAMFS,Miraflores,Miraflores,PA,9.3071112,-82.4367572
PAMIT,Manzanillo,Manzanillo,PA,9.361958,-79.882089
PAMNP,Las Minas,Las Minas,PA,7.8001003,-80.74523
PAONX,Colón,Colón,PA,9.35,-79.86667
PAPAI,Paraiso,Paraiso,PA,8.6962585,-82.5867046
PAPAM,Almirante,Almirante,PA,9.294131,-82.4036682
PAPAY,Payardi,Payardi,PA,9.3844821,-79.8256962
PAPBE,Portobelo,Portobelo,PA,9.55,-79.65
PAPBM,Bahía Las Minas,Bahía Las Minas,PA,9.4,-79.83333
PAPCA,Puerto Caimito,Puerto Caimito,PA,8.86667,-79.71667
PAPED,Pedregal,Pedregal,PA,8.36667,-82.43333
PAPES,Pesé,Pesé,PA,7.9,-80.61667
PAPLP,La Palma,La Palma,PA,8.4038183,-78.141242
PAPTY,"Panamá, Ciudad de","Panamá, Ciudad de",PA,8.96667,-79.53333
PAROD,Rodman,Rodman,PA,8.95,-79.56667
PASCL,Santa Clara,Santa Clara,PA,8.38333,-80.11667
PATBG,Taboguilla,Taboguilla,PA,8.8,-79.5
PATOC,Tocumen,Tocumen,PA,9.08333,-79.38333
PAVAC,Vacamonte,Vacamonte,PA,8.86667,-79.66667
PEANC,Ancón,Ancón,PE,-11.76667,-77.16667
PEATI,Atico,Atico,PE,-16.2084572,-73.6232865
PEBAR,San Bartolo,San Bartolo,PE,-12.38333,-76.78333
PECAB,Cabo Blanco,Cabo Blanco,PE,-4.2510429,-81.230721
PECHM,Chimbote,Chimbote,PE,-9.0744966,-78.593609
PECHY,Chancay,Chancay,PE,-11.56667,-77.26667
PECLL,Callao,Callao,PE,-12.05,-77.13333
PECON,Conchán,Conchán,PE,-6.41667,-78.66667
PEEEN,Etén,Etén,PE,-6.9415098,-79.8089844
PEGSM,General San Martin,General San Martin,PE,-11.0722007,-75.2402034
PEHCO,Huacho,Huacho,PE,-11.108524,-77.6103295
PEHUY,Huarmey,Huarmey,PE,-10.2121494,-77.8859235
PEILQ,Ilo,Ilo,PE,-17.65,-71.33333
PEIQT,Iquitos,Iquitos,PE,-3.749365,-73.2444145
PELAG,Lagunas,Lagunas,PE,-5.21667,-75.66667
PELIM,Lima,Lima,PE,-12.05,-77.05
PELOB,Lobitos,Lobitos,PE,-4.4064323,-81.2040453
PELOO,Los Organos,Los Organos,PE,-4.18333,-81.11667
PELPP,La Pampilla,La Pampilla,PE,-11.933333,-77.133333
PEMLQ,Mollendo,Mollendo,PE,-17.0292533,-72.0155447
PEMRI,Matarani,Matarani,PE,-17,-72.106389
PENGS,Negritos,Negritos,PE,-4.654428,-81.3056025
PEPAC,Pacasmayo,Pacasmayo,PE,-7.4028958,-79.5684847
PEPAI,Paita,Paita,PE,-5.0851637,-81.1136793
PEPAM,Paramonga,Paramonga,PE,-10.5077023,-77.7512346
PEPCH,Puerto Chicama,Puerto Chicama,PE,-7.7,-79.433333
PEPCL,Pucallpa,Pucallpa,PE,-8.3820737,-74.5387507
PEPEM,Puerto Maldonado,Puerto Maldonado,PE,-12.58333,-69.2
PEPIO,Pisco,Pisco,PE,-13.7099813,-76.2029793
PEPLO,Punta Lobitos,Punta Lobitos,PE,-10.08333,-78.18333
PEPMC,Pampa Melchorita,Pampa Melchorita,PE,-13.2585,-76.313
PEPMT,Pimentel,Pimentel,PE,-6.8006622,-79.8995356
PEPUB,Bayovar,Bayovar,PE,-5.85,-81.06667
PEPUN,Puno,Puno,PE,-15.8405962,-70.0279512
PESJA,San Juan,San Juan,PE,-15.36667,-75.16667
PESNX,San Nicolas,San Nicolas,PE,-15.26667,-75.23333
PESUP,Supe,Supe,PE,-10.8143213,-77.6020377
PESVY,Salaverry,Salaverry,PE,-8.2241119,-78.9763929
PETAG,Tambo Grande,Tambo Grande,PE,-4.9150244,-80.3561593
PETDM,Tambo de Mora,Tambo de Mora,PE,-13.46667,-76.2
PETRU,Trujillo,Trujillo,PE,-8.1116778,-79.0287742
PETYL,Talara,Talara,PE,-4.5796872,-81.2718335
PEYMS,Yurimaguas,Yurimaguas,PE,-5.8951672,-76.1046533
PFAHU,Ahurei,Ahurei,PF,-27.61667,-144.35
PFAUT,Auti,Auti,PF,-22.48333,-151.33333
PFBOB,Bora Bora,Bora Bora,PF,-16.45,-151.75
PFFAT,Fatu Hiva,Fatu Hiva,PF,-10.48333,-138.65
PFHHT,Hereheretue,Hereheretue,PF,-19.86667,-145
PFHIT,Hitia'a,Hitia'a,PF,-17.6,-149.31667
PFIKI,Ikitake,Ikitake,PF,-17.83333,-140.85
PFMOE,Moerai,Moerai,PF,-22.45,-151.35
PFNHV,Nuku Hiva,Nuku Hiva,PF,-8.86667,-140.13333
PFOTP,Otepa,Otepa,PF,-18.11667,-140.9
PFPPT,Papeete,Papeete,PF,-17.53333,-149.56667
PFRFP,Raiatea,Raiatea,PF,-16.73333,-151.46667
PFRVV,Raivavae,Raivavae,PF,-23.88333,-147.66667
PFTAI,Taiohae,Taiohae,PF,-8.9,-140.1
PFTUP,Niau,Niau,PF,-16.11667,-146.36667
PFVAI,Vaitape,Vaitape,PF,-16.5064,-151.749
PGABW,Abau,Abau,PG,-3.3652943,143.0425788
PGAHO,Ahioma,Ahioma,PG,-10.3237242,150.5028902
PGAIA,Aiambak,Aiambak,PG,-7.35,141.26667
PGAKI,Akinum,Akinum,PG,-6.2687334,149.7345298
PGALC,Alcester Island,Alcester Island,PG,-9.56667,152.45
PGAMI,Amio,Amio,PG,-6.11667,150.75
PGANB,Anewa Bay,Anewa Bay,PG,-6.2,155.55
PGATN,Namatanai,Namatanai,PG,-3.6641739,152.4407285
PGBNA,Buna,Buna,PG,-8.6731178,148.4130014
PGBOI,Boigu Island,Boigu Island,PG,-9.26667,142.21667
PGBOR,Boroko,Boroko,PG,-9.4701132,147.1992404
PGBUA,Buka,Buka,PG,-5.4324184,154.6701836
PGCAU,Caution Bay,Caution Bay,PG,-9.33333,146.93333
PGCFG,Conflict Group,Conflict Group,PG,-10.78333,151.8
PGDAU,Daru,Daru,PG,-9.069901,143.210029
PGDBL,Deboyne Lagoon,Deboyne Lagoon,PG,-10.78333,152.4
PGFIN,Finschhafen,Finschhafen,PG,-6.6040926,147.8536907
PGFUB,Fulleborn,Fulleborn,PG,-4.3175,142.005
PGGAW,Gawa Island,Gawa Island,PG,-8.96667,151.98333
PGGEI,Green Islands,Green Islands,PG,-4.5118843,154.230335
PGGMI,Gasmata Island,Gasmata Island,PG,-6.3333329,150.2999998
PGGUR,Alotau,Alotau,PG,-10.3060931,150.4464005
PGHKN,Hoskins,Hoskins,PG,-5.4519975,150.4071418
PGKAI,Kaibola,Kaibola,PG,-8.41667,151.1
PGKIE,Kieta,Kieta,PG,-6.2187295,155.6362617
PGKIM,Kimbe,Kimbe,PG,-5.5562921,150.1529513
PGKLO,Kalo,Kalo,PG,-10.0446072,147.7863564
PGKMA,Kerema,Kerema,PG,-7.9596229,145.7724355
PGKOP,Kopi,Kopi,PG,-7.3,144.18333
PGKRK,Kairuku,Kairuku,PG,-8.75,146.75
PGKRX,Karkar Is,Karkar Is,PG,-4.63333,145.96667
PGKUL,Kumul,Kumul,PG,-8.1,144.56667
PGKVG,Kavieng,Kavieng,PG,-2.573474,150.795224
PGLAE,Lae,Lae,PG,-6.7301976,147.0008109
PGLAK,Lakuramau,Lakuramau,PG,-2.88333,151.25
PGLAM,Lambom Island,Lambom Island,PG,-4.8,152.83333
PGLDT,Londolovit,Londolovit,PG,-3.06667,152.61667
PGLLA,Laughlan Atoll,Laughlan Atoll,PG,-9.28333,153.66667
PGLNV,Lihir Island,Lihir Island,PG,-3.1290268,152.6026278
PGLOL,Loloho,Loloho,PG,-6.1864914,155.5430938
PGLOM,Lombrum,Lombrum,PG,-2.03333,147.36667
PGLOR,"Lorengau, Manus Island","Lorengau, Manus Island",PG,-2.0329567,147.2789185
PGMAG,Madang,Madang,PG,-5.21667,145.78333
PGMAM,Manam Island,Manam Island,PG,-4.077508,145.0359556
PGMIS,Misima Island,Misima Island,PG,-10.6641058,152.7340822
PGMTK,Motukea Island,Motukea Island,PG,-9.43333,147.1
PGNAP,Napa Napa,Napa Napa,PG,-9.45,147.11667
PGPDO,Pondo Harbour,Pondo Harbour,PG,-4.56667,151.61667
PGPOM,Port Moresby,Port Moresby,PG,-9.4743301,147.1599504
PGRAB,Rabaul,Rabaul,PG,-4.1984592,152.1728287
PGRAM,Rambutyo Island,Rambutyo Island,PG,-2.2947261,147.8336318
PGRKU,Yule Island,Yule Island,PG,-8.8079698,146.5280596
PGRNR,Robinson River,Robinson River,PG,-10.1446403,148.8494418
PGROR,Orobay,Orobay,PG,-8.883333,148.5
PGSAI,Saibai,Saibai,PG,-9.38333,142.61667
PGSMU,Salamaua,Salamaua,PG,-7.055984,147.0482725
PGSPL,Sipul,Sipul,PG,-5.8483584,148.7548567
PGSQT,Samarai,Samarai,PG,-10.63333,150.63333
PGTAM,Tambanum,Tambanum,PG,-4.2,143.6
PGTFI,Tufi,Tufi,PG,-9.0791764,149.3176153
PGTGL,Tagula,Tagula,PG,-11.3272265,153.2043462
PGTLW,Talasea,Talasea,PG,-5.3060789,150.0346524
PGTMI,Tami Island,Tami Island,PG,-6.76667,147.9
PGTOI,Tolokiwa Island,Tolokiwa Island,PG,-5.3137241,147.5911629
PGULA,Ulamona,Ulamona,PG,-5,151.25
PGUNG,Kiunga,Kiunga,PG,-6.1159886,141.2981755
PGVAI,Vanimo,Vanimo,PG,-2.6847646,141.3009131
PGVLA,Vailala,Vailala,PG,-7.95,145.45
PGWAT,Watabung,Watabung,PG,-6.08333,145.21667
PGWOK,Woodlark,Woodlark,PG,-9.1226016,152.8075983
PGWWK,Wewak,Wewak,PG,-3.5542197,143.6270904
PGYEN,Yentchan,Yentchan,PG,-4.13333,143.25
PHABU,Abulug,Abulug,PH,18.43333,121.45
PHADL,Adlay/Bislig,Adlay/Bislig,PH,9.4,125.9
PHAJU,Ajuy,Ajuy,PH,11.16667,123.03333
PHALB,Albuera,Albuera,PH,10.96667,124.63333
PHALC,Alcoy,Alcoy,PH,9.68333,123.5
PHAMU,Amunitan/Aparri,Amunitan/Aparri,PH,18.31667,122.05
PHANA,Anakan/Masao,Anakan/Masao,PH,8.8473603,125.1538008
PHANT,Antipolo,Antipolo,PH,14.5871972,121.1759246
PHAPR,"Aparri, Luzon","Aparri, Luzon",PH,18.3575,121.637222
PHAQE,Hamtic,Hamtic,PH,10.7,121.96667
PHARA,Aras Asan/Bislig,Aras Asan/Bislig,PH,8.88333,126.3
PHAST,Astorga,Astorga,PH,6.88333,125.45
PHATI,Atimonan/Siain,Atimonan/Siain,PH,13.98333,121.9
PHAYG,Ayungon,Ayungon,PH,9.85,123.13333
PHBAB,Babato/Dadiangas,Babato/Dadiangas,PH,6.7556394,124.0414028
PHBAC,Bacong,Bacong,PH,9.23333,123.3
PHBAG,Baguio,Baguio,PH,16.411986,120.5933878
PHBAI,Bais/Dumaguete,Bais/Dumaguete,PH,9.5914852,123.1213875
PHBAT,Batonbaton,Batonbaton,PH,9.18333,118.35
PHBAU,Bauan/Batangas,Bauan/Batangas,PH,13.8,121
PHBCD,"Bacolod, Negros","Bacolod, Negros",PH,10.6762836,122.9513786
PHBCO,Bacon/Legaspi,Bacon/Legaspi,PH,13.0393608,124.0411001
PHBCT,"Isabela, Basilan","Isabela, Basilan",PH,6.7,121.96667
PHBCU,Baculin/Mati,Baculin/Mati,PH,8.5213106,126.350226
PHBGC,Bagac,Bagac,PH,14.596782,120.3923303
PHBGS,Balingasag,Balingasag,PH,8.75,124.78333
PHBGV,Borongan,Borongan,PH,11.6079854,125.4322433
PHBIN,Biñan,Biñan,PH,14.33333,121.08333
PHBLA,Balanga/Batan,Balanga/Batan,PH,14.6795669,120.5409693
PHBLC,"Balabac, Palawan","Balabac, Palawan",PH,7.96667,117.05
PHBLG,Balogo/Batangas,Balogo/Batangas,PH,12.9769926,124.0197395
PHBLT,Balintang/Puerto Princesa,Balintang/Puerto Princesa,PH,9.3463546,118.1287526
PHBNG,Bauang,Bauang,PH,16.51667,120.31667
PHBNQ,Baganga/Mati,Baganga/Mati,PH,6.9366567,126.2760082
PHBNW,Banawan/Dadiangas,Banawan/Dadiangas,PH,13.0353628,123.4420824
PHBOA,"Boac, Marinduque","Boac, Marinduque",PH,13.43333,121.83333
PHBOG,Bogo,Bogo,PH,11.05,124
PHBOR,Boracay,Boracay,PH,11.96667,121.91667
PHBOS,Boston/Davao,Boston/Davao,PH,7.86667,126.35
PHBPH,"Bislig, Mindanao","Bislig, Mindanao",PH,8.213333,126.316111
PHBQA,Baler/Siain,Baler/Siain,PH,15.759086,121.5627247
PHBRB,Barobo/Bislig,Barobo/Bislig,PH,8.55,126.11667
PHBRP,"Brookes Point, Palawan","Brookes Point, Palawan",PH,8.76667,117.83333
PHBRT,Barton/Puerto Princesa,Barton/Puerto Princesa,PH,10.4114,119.1779622
PHBSO,Basco,Basco,PH,20.45,121.96667
PHBSY,Basey/Catbalogan,Basey/Catbalogan,PH,11.2799579,125.0692113
PHBTG,Batangas/Luzon,Batangas/Luzon,PH,13.75,121.05
PHBTN,"Bataan, Mariveles","Bataan, Mariveles",PH,14.4448627,120.5110844
PHBUD,Budbud/Davao,Budbud/Davao,PH,7.2253499,125.6403404
PHBUG,Bugo,Bugo,PH,8.5074399,124.7547847
PHBUL,"Bulan, Luzon","Bulan, Luzon",PH,12.669722,123.875833
PHBUR,"Burdeos, Polillo Isl","Burdeos, Polillo Isl",PH,14.83333,121.96667
PHBXU,Butuan Bay/Masao,Butuan Bay/Masao,PH,8.948,125.543
PHBYB,Baybay/Tacloban,Baybay/Tacloban,PH,11.1999662,125.0237012
PHBYS,Bayabas/Bislig,Bayabas/Bislig,PH,8.9674102,126.2828165
PHBYW,Bayawan/Dumaguete,Bayawan/Dumaguete,PH,9.3661533,122.804837
PHCAJ,"Cajidiocan, Visayan Isl","Cajidiocan, Visayan Isl",PH,12.36667,122.68333
PHCAM,Camarines Norte/Jose Panganiban,Camarines Norte/Jose Panganiban,PH,14.166667,122.75
PHCAZ,Cadiz,Cadiz,PH,10.956652,123.3057034
PHCBO,"Cotabato, Mindanao","Cotabato, Mindanao",PH,7.27,124.86
PHCBY,"Calbayog, Samar","Calbayog, Samar",PH,12.06667,124.6
PHCCG,Calag-Calag/Dumaguete,Calag-Calag/Dumaguete,PH,10.4348549,125.1782735
PHCDN,Cagdianao,Cagdianao,PH,9.91667,125.66667
PHCEB,Cebu,Cebu,PH,10.2934946,123.9018183
PHCGG,Casiguran/Siain,Casiguran/Siain,PH,16.2770406,122.1233258
PHCGI,Corregidor Island,Corregidor Island,PH,14.38333,120.58333
PHCGM,Camiguin Island/Aparri,Camiguin Island/Aparri,PH,18.926694,121.91
PHCGY,"Cagayan de Oro, Mindanao","Cagayan de Oro, Mindanao",PH,8.4756417,124.6421532
PHCLP,Calapan/Batangas,Calapan/Batangas,PH,13.4145513,121.179543
PHCLV,Claveria/Aparri,Claveria/Aparri,PH,18.6051605,121.080641
PHCMO,Currimao,Currimao,PH,18.0194482,120.4868281
PHCNT,Cantilan/Surigao,Cantilan/Surigao,PH,9.3357754,125.9770212
PHCPC,Capoocan,Capoocan,PH,11.3,124.65
PHCPL,Capalonga/Siain,Capalonga/Siain,PH,14.3310366,122.4924688
PHCRA,Carigara,Carigara,PH,11.3,124.68333
PHCRG,Caraga/Mati,Caraga/Mati,PH,7.328232,126.5653582
PHCSI,Culasi,Culasi,PH,11.6,122.7
PHCST,Castañas,Castañas,PH,13.88333,121.55
PHCTS,"Catbalogan, Samar","Catbalogan, Samar",PH,11.7753308,124.883118
PHCUG,"Calubian, Leyte","Calubian, Leyte",PH,11.43333,124.41667
PHCUJ,Culion,Culion,PH,11.8905322,120.0220973
PHCUN,Catanauan,Catanauan,PH,13.5929805,122.3223125
PHCUR,Curuan/Zamboanga,Curuan/Zamboanga,PH,7.206195,122.2286151
PHCVE,"Cavite, Luzon","Cavite, Luzon",PH,15.6783028,120.7697171
PHDCB,Dahikan Bay,Dahikan Bay,PH,9.5673211,125.9301428
PHDDW,Dinadiawan/Aparri,Dinadiawan/Aparri,PH,16.0766854,121.7692745
PHDGL,Dingalan/Siain,Dingalan/Siain,PH,15.3894081,121.3927168
PHDGT,Dumaguete,Dumaguete,PH,9.3054777,123.3080446
PHDIO,Diotorin/Siain,Diotorin/Siain,PH,15.6055969,121.5607369
PHDIV,Divilacan/Aparri,Divilacan/Aparri,PH,17.3325917,122.2996515
PHDNG,Dinagat Island/Surigao,Dinagat Island/Surigao,PH,10.161868,125.5531897
PHDNO,Danao,Danao,PH,10.53333,124.03333
PHDPL,Dipolog/Ozamis,Dipolog/Ozamis,PH,8.5863596,123.3448798
PHDUL,Dulag,Dulag,PH,10.9532437,125.0334522
PHDVO,"Davao, Mindanao","Davao, Mindanao",PH,7.066667,125.616667
PHENI,El Nido/Puerto Princesa,El Nido/Puerto Princesa,PH,11.18333,119.4
PHGAS,Gasan,Gasan,PH,13.3241764,121.8467339
PHGES,General Santos,General Santos,PH,6.11667,125.15
PHGGG,"Gigaquit, Mindanao","Gigaquit, Mindanao",PH,9.58333,125.68333
PHGGM,"Gigmoto, Catanduanes","Gigmoto, Catanduanes",PH,13.76667,124.38333
PHGHE,Garcia Hernandez,Garcia Hernandez,PH,9.61667,124.3
PHGHG,Guihulngan,Guihulngan,PH,10.11667,123.28333
PHGIN,Gingoog/Masao,Gingoog/Masao,PH,8.8232748,125.1012978
PHGMS,Guimaras/Iloilo,Guimaras/Iloilo,PH,10.5730629,122.6238907
PHGNI,General Island/Bislig,General Island/Bislig,PH,9.4147548,126.0036005
PHGUN,Guiuan,Guiuan,PH,11.03333,125.71667
PHHIL,Hilongos,Hilongos,PH,10.36667,124.75
PHHIM,"Himamaylan, Negros","Himamaylan, Negros",PH,10.08333,122.86667
PHHMH,Homonhon,Homonhon,PH,10.75,125.7
PHHNG,Hinigaran/Iloilo,Hinigaran/Iloilo,PH,10.2713832,122.8519909
PHHNT,Hinatuan/Bislig,Hinatuan/Bislig,PH,8.3656147,126.3358067
PHHON,Hondagua/Siain,Hondagua/Siain,PH,13.9472108,122.2434219
PHIGN,"Iligan, Mindanao","Iligan, Mindanao",PH,8.2281556,124.2411508
PHILO,"Iloilo, Panay","Iloilo, Panay",PH,10.7,122.566667
PHINP,Inampulugan Island,Inampulugan Island,PH,10.4583165,122.7060216
PHIPE,Ipil/Zamboanga,Ipil/Zamboanga,PH,7.7821902,122.5867388
PHIRN,Port Irene,Port Irene,PH,18.36667,122.1
PHISL,Isabel,Isabel,PH,10.9260948,124.4343966
PHJAG,Jagna,Jagna,PH,9.6501914,124.3661633
PHJAS,Jasaan,Jasaan,PH,8.65,124.75
PHJNZ,Jimenez/Ozamis,Jimenez/Ozamis,PH,8.3343655,123.8400281
PHJOL,Jolo,Jolo,PH,6.0531173,121.0007633
PHJPM,"Jose Panganiban, Luzon","Jose Panganiban, Luzon",PH,14.292222,122.692778
PHKAR,Karomatan/Iligan,Karomatan/Iligan,PH,7.7949239,123.7187454
PHKAS,Kabasalan/Zamboanga,Kabasalan/Zamboanga,PH,7.78333,122.75
PHKAT,Katipunan/Ozamis,Katipunan/Ozamis,PH,8.5124998,123.2846423
PHKIA,Kiamba/Dadiangas,Kiamba/Dadiangas,PH,5.9879555,124.6241575
PHKIP,Kipit/Ozamis,Kipit/Ozamis,PH,8.0580106,122.477259
PHKIW,Kiwalan/Iligan,Kiwalan/Iligan,PH,8.2818929,124.266195
PHKLM,Kalamansig,Kalamansig,PH,6.55,124.05
PHKOL,Kolambugan/Iligan,Kolambugan/Iligan,PH,8.111282,123.8965933
PHKUM,Kumalarang/Zamboanga,Kumalarang/Zamboanga,PH,7.747914,123.1439281
PHLAB,Labason/Zamboanga,Labason/Zamboanga,PH,8.06667,122.51667
PHLAC,La Carlota,La Carlota,PH,10.41667,122.91667
PHLAG,Lagonoy/Jose Panganiban,Lagonoy/Jose Panganiban,PH,13.7353849,123.520948
PHLAN,Lanuza/Bislig,Lanuza/Bislig,PH,9.233675,126.0603779
PHLAO,"Laoag, Luzon","Laoag, Luzon",PH,18.18333,120.58333
PHLBK,Lebak,Lebak,PH,6.63333,124.06667
PHLEY,Leyte,Leyte,PH,11.36667,124.48333
PHLGG,Lingig/Bislig,Lingig/Bislig,PH,8.03333,126.4
PHLGP,"Legaspi Apt, Luzon","Legaspi Apt, Luzon",PH,13.13333,123.75
PHLGU,Laguna,Laguna,PH,10.3,123.88333
PHLIA,Lianga/Bislig,Lianga/Bislig,PH,8.6330237,126.0934758
PHLIB,Libjo/Surigao,Libjo/Surigao,PH,10.1941944,125.5316075
PHLIM,Limay/Bataan,Limay/Bataan,PH,14.5625242,120.5949559
PHLIN,"Lingayen, Luzon","Lingayen, Luzon",PH,16.0206363,120.2307093
PHLNA,Larena,Larena,PH,9.25,123.58333
PHLNO,Lunao,Lunao,PH,8.86667,125.05
PHLOM,Lomuyon/Dadiangas,Lomuyon/Dadiangas,PH,5.915052,124.7865428
PHLPA,Lipa,Lipa,PH,13.941434,121.1642826
PHLPU,"Lapu-Lapu, Cebu","Lapu-Lapu, Cebu",PH,10.31667,123.95
PHLPZ,La Paz/Iloilo,La Paz/Iloilo,PH,10.711746,122.5706379
PHLUC,Lucanin,Lucanin,PH,14.46667,120.61667
PHLUG,Lugait,Lugait,PH,8.33333,124.25
PHLUM,Lumasal/Dadiangas,Lumasal/Dadiangas,PH,5.8929508,124.8482243
PHLZB,Lazi,Lazi,PH,9.11667,123.63333
PHMAB,"Mabini, Mindanao","Mabini, Mindanao",PH,7.309167,125.855555
PHMAD,Madaum/Davao,Madaum/Davao,PH,7.3826395,125.808718
PHMAI,Maitum/Dadiangas,Maitum/Dadiangas,PH,6.0610443,124.4965878
PHMAK,Makar/Dadiangas,Makar/Dadiangas,PH,6.0948612,125.1588055
PHMAS,Masao,Masao,PH,8.9987665,125.4836872
PHMBT,Masbate,Masbate,PH,12.3710899,123.6239223
PHMCD,Mercedes/Jose Panganiban,Mercedes/Jose Panganiban,PH,11.0986331,125.710348
PHMCO,Maco/Davao,Maco/Davao,PH,7.368797,125.8556637
PHMDN,Medina,Medina,PH,8.91667,125.01667
PHMGA,Magalona/Iloilo,Magalona/Iloilo,PH,10.8770717,122.9814106
PHMGG,Mangogoy/Bislig,Mangogoy/Bislig,PH,8.233333,126.316667
PHMHT,"Marihatag, Mindanao","Marihatag, Mindanao",PH,8.78333,126.28333
PHMIL,Milbuk/Dadiangas,Milbuk/Dadiangas,PH,6.1576225,124.2713706
PHMKC,Makati City,Makati City,PH,14.55,121.03333
PHMLB,"Maluso, Basilan","Maluso, Basilan",PH,6.53333,121.86667
PHMLL,Malalag/Davao,Malalag/Davao,PH,6.5918589,125.4008825
PHMNI,Manicani,Manicani,PH,11,125.65
PHMNL,Manila,Manila,PH,14.5904492,120.9803621
PHMNN,Manila North Harbour,Manila North Harbour,PH,14.608197,120.956245
PHMNS,Manila South Harbour,Manila South Harbour,PH,14.608197,120.956245
PHMNT,Muntinlupa City,Muntinlupa City,PH,14.3892634,121.0449101
PHMNY,Manay/Mati,Manay/Mati,PH,7.2109327,126.5399142
PHMON,Monserrat/Mati,Monserrat/Mati,PH,9.7345454,123.9226372
PHMOR,Morong/Mariveles,Morong/Mariveles,PH,14.5151374,121.2380858
PHMSC,Masinloc/Sual,Masinloc/Sual,PH,15.5386413,119.9496856
PHMSS,Mission/Aparri,Mission/Aparri,PH,17.4332515,120.5172461
PHMTA,Matina Aplaya/Davao,Matina Aplaya/Davao,PH,7.0444702,125.5687297
PHMTI,Makati,Makati,PH,14.5567949,121.0211226
PHMTP,Malatapay,Malatapay,PH,9.1237672,123.212564
PHMUL,Mulanay/Siain,Mulanay/Siain,PH,13.5217964,122.4040192
PHMVS,"Mariveles, Luzon","Mariveles, Luzon",PH,14.4355997,120.4903355
PHMXI,"Mati, Mindanao","Mati, Mindanao",PH,6.953528,126.216272
PHNAP,Napsan/Puerto Princesa,Napsan/Puerto Princesa,PH,9.7236006,118.4554555
PHNAS,Nasipit/Masao,Nasipit/Masao,PH,8.9884377,125.3408268
PHNON,Nonoc/Surigao Del Norte,Nonoc/Surigao Del Norte,PH,9.8219247,125.5809661
PHNOP,Mactan Island Apt,Mactan Island Apt,PH,10.3,124
PHNTO,Nato,Nato,PH,8.6460049,125.6410763
PHNUG,"Nasugbu, Luzon","Nasugbu, Luzon",PH,14.06667,120.63333
PHODI,Odiongan,Odiongan,PH,12.4,121.98333
PHOLO,Olongapo,Olongapo,PH,14.8388848,120.2843587
PHOPO,Opol,Opol,PH,8.51667,124.56667
PHORC,Ormoc/Tacloban,Ormoc/Tacloban,PH,11.0052622,124.6090638
PHORL,Oroquieta,Oroquieta,PH,8.48333,123.8
PHORS,Oras,Oras,PH,12.15,125.43333
PHOZC,"Ozamis, Mindanao","Ozamis, Mindanao",PH,8.144968,123.84355
PHPAG,Pagadian/Zamboanga,Pagadian/Zamboanga,PH,7.8249717,123.4365816
PHPAM,Pampanga,Pampanga,PH,7.1190572,125.6486787
PHPAN,Panabo,Panabo,PH,7.3,125.68333
PHPAS,"Pasay, Luzon","Pasay, Luzon",PH,14.543889,120.995
PHPBA,Port Barton/Palawan,Port Barton/Palawan,PH,10.4114,119.1779622
PHPCN,Panacan/Davao,Panacan/Davao,PH,7.151479,125.6586603
PHPDC,"Polanco, Mindanao","Polanco, Mindanao",PH,8.51667,123.35
PHPGA,Puerto Galera,Puerto Galera,PH,13.5,120.93333
PHPGB,Pagbilao,Pagbilao,PH,13.96667,121.68333
PHPGT,Pangutaran/Jolo,Pangutaran/Jolo,PH,6.3041267,120.5718076
PHPHD,Port Holland,Port Holland,PH,6.5415271,121.8689507
PHPIN,Pinamalayan/Batangas,Pinamalayan/Batangas,PH,13.0386691,121.4801563
PHPIS,Philippines,Philippines,PH,14.58333,121
PHPLA,Plaridel/Ozamis,Plaridel/Ozamis,PH,14.8863156,120.8598985
PHPLC,Polloc,Polloc,PH,7.3531578,124.2205708
PHPLL,"Polillo, Polillo Isl","Polillo, Polillo Isl",PH,14.7,121.93333
PHPLP,Palapag/San Jose,Palapag/San Jose,PH,12.5455937,125.1149936
PHPLW,Palawan/Ozamis,Palawan/Ozamis,PH,16.7040524,121.8508146
PHPMT,Pamintayan/Zamboanga,Pamintayan/Zamboanga,PH,7.68523,123.0817222
PHPNN,Paninirongan/Sanjose,Paninirongan/Sanjose,PH,12.5647989,124.8839601
PHPPL,Pamplona/Aparri,Pamplona/Aparri,PH,13.5922305,123.0826876
PHPPP,"Pagudpud, Luzon","Pagudpud, Luzon",PH,16.61667,120.31667
PHPPS,"Puerto Princesa, Palawan","Puerto Princesa, Palawan",PH,9.8000652,118.7343097
PHPRA,Parang,Parang,PH,7.36667,124.26667
PHPRO,Poro/San Fernando,Poro/San Fernando,PH,11.96,124.3325
PHPSL,"Pasaleng, Luzon","Pasaleng, Luzon",PH,18.55,120.91667
PHPTL,Puntalinao/Mati,Puntalinao/Mati,PH,7.0607172,125.9546643
PHPUG,Pugad/Bislig,Pugad/Bislig,PH,14.7676131,120.74214
PHPUL,Pulupandan,Pulupandan,PH,10.5192005,122.8034563
PHQBI,Quinabigan,Quinabigan,PH,12.993604,121.478116
PHREA,Real/Siain,Real/Siain,PH,14.6644775,121.604365
PHRLN,Romblon,Romblon,PH,12.5771207,122.2694085
PHROM,Romblon,Romblon,PH,12.56667,122.26667
PHRXS,Roxas/Puerto Princesa,Roxas/Puerto Princesa,PH,11.5895171,122.7500577
PHSAG,Sagay/Iloilo,Sagay/Iloilo,PH,10.8960681,123.4154617
PHSAN,Santa Ana/Aparri,Santa Ana/Aparri,PH,18.4572501,122.1421667
PHSAS,Sasa/Davao,Sasa/Davao,PH,7.1248033,125.6612259
PHSAY,Sayao/Batangas,Sayao/Batangas,PH,10.0599655,123.5756531
PHSBG,Sabang,Sabang,PH,10.18333,118.9
PHSBI,Subic,Subic,PH,14.9,120.23333
PHSBY,Sablayan/Batangas,Sablayan/Batangas,PH,12.8470382,120.7799198
PHSCA,San Carlos/Dumaguete,San Carlos/Dumaguete,PH,10.483333,123.416667
PHSCR,Santa Cruz/Sual,Santa Cruz/Sual,PH,14.2818168,121.4148892
PHSCT,Santa Catalina/Dumaguete,Santa Catalina/Dumaguete,PH,17.5888763,120.3633196
PHSDG,Sindangan/Ozamis,Sindangan/Ozamis,PH,8.2373562,122.9986125
PHSFE,"San Fernando, Luzon","San Fernando, Luzon",PH,15.0283014,120.6938038
PHSFS,Subic Bay,Subic Bay,PH,14.820322,120.2821075
PHSGD,Sogod/Tacloban,Sogod/Tacloban,PH,10.7471948,124.0044727
PHSIG,Sigayan/Sultan Naga Dimaporo,Sigayan/Sultan Naga Dimaporo,PH,7.73333,123.76667
PHSIO,San Ignacio/Mati,San Ignacio/Mati,PH,7.1190646,126.4891062
PHSIR,Siari/Ozamis,Siari/Ozamis,PH,8.331534,122.9844251
PHSIS,San Isidro/Sanjose,San Isidro/Sanjose,PH,9.8595624,123.9562221
PHSIY,Siay/Zamboanga,Siay/Zamboanga,PH,7.7096892,122.8671803
PHSJI,"San Jose Apt, Mindoro","San Jose Apt, Mindoro",PH,12.35,121.08333
PHSKU,Sultan Kudarat/Dadiangas,Sultan Kudarat/Dadiangas,PH,7.271093,124.2919201
PHSLM,Salomague,Salomague,PH,17.78333,120.41667
PHSLU,Santa Lucia/Puerto Princesa,Santa Lucia/Puerto Princesa,PH,9.7020509,118.7155115
PHSMA,Santa Maria/Zamboanga,Santa Maria/Zamboanga,PH,7.8360485,123.43914
PHSMR,Semirara,Semirara,PH,12.06667,121.4
PHSNG,Sangi/Cebu,Sangi/Cebu,PH,10.3867872,123.6521947
PHSNI,Santa Nino,Santa Nino,PH,10.5039537,123.7171899
PHSOR,Sorsogon/Legaspi,Sorsogon/Legaspi,PH,12.9707848,124.0052543
PHSTE,San Teodoro/Batangas,San Teodoro/Batangas,PH,13.9348872,120.9450933
PHSUA,Sual,Sual,PH,16.0653569,120.0962429
PHSUG,"Surigao, Mindanao","Surigao, Mindanao",PH,9.789722,125.495833
PHTAC,"Tacloban, Leyte","Tacloban, Leyte",PH,11.0297236,125.0375663
PHTAG,"Tagbilaran, Bohol","Tagbilaran, Bohol",PH,9.6402611,123.8559809
PHTAL,Talibon,Talibon,PH,10.13333,124.31667
PHTAN,Tandayag,Tandayag,PH,9.45,123.21667
PHTAY,Taytay/Puerto Princesa,Taytay/Puerto Princesa,PH,14.5587089,121.1359659
PHTBC,Tabaco/Legaspi,Tabaco/Legaspi,PH,13.35,123.73333
PHTBU,Tagabuli/Davao,Tagabuli/Davao,PH,6.8105812,125.3770339
PHTDC,Tandoc,Tandoc,PH,15.9584677,120.3285287
PHTDG,Tandag/Bislig,Tandag/Bislig,PH,9.0799833,126.1974606
PHTGD,Tagudin/San Fernando,Tagudin/San Fernando,PH,16.9345656,120.445017
PHTGI,Tuguis/Dadiangas,Tuguis/Dadiangas,PH,10.2948787,122.8987461
PHTGL,Taguilon/Ozamis,Taguilon/Ozamis,PH,8.6981129,123.4051537
PHTGO,Tagoloan,Tagoloan,PH,8.53333,124.75
PHTIB,Tibungco/Davao,Tibungco/Davao,PH,7.1905039,125.6488042
PHTIN,Tindalo Oil Field,Tindalo Oil Field,PH,11.06667,118.9
PHTKW,Tagkawayan/Siain,Tagkawayan/Siain,PH,13.9656058,122.5392058
PHTLD,Toledo/Cebu,Toledo/Cebu,PH,10.3749385,123.6344069
PHTLM,Talomo/Davao,Talomo/Davao,PH,7.0491529,125.5478672
PHTLS,Tolosa/Tacloban,Tolosa/Tacloban,PH,11.0634389,125.0375888
PHTNU,Tanauan/Tacloban,Tanauan/Tacloban,PH,11.116667,125.016667
PHTOB,Toboso/Dumaguete,Toboso/Dumaguete,PH,10.7169474,123.5135576
PHTON,Tubigon,Tubigon,PH,9.95,123.96667
PHTTO,Taganito,Taganito,PH,9.55,125.81667
PHVCS,"Victorias, Negros","Victorias, Negros",PH,10.9013412,123.0714943
PHVNV,Villanueva,Villanueva,PH,8.5837261,124.7698576
PHVTL,Vitali/Zamboanga,Vitali/Zamboanga,PH,7.36667,122.28333
PHVTO,Vito/Iloilo,Vito/Iloilo,PH,10.5696512,122.0441309
PHWAS,Wasag/Dadiangas,Wasag/Dadiangas,PH,6.2757795,124.1683675
PHWAW,Wawa/Batangas,Wawa/Batangas,PH,14.0640812,121.0762634
PHWNP,Naga/Zamboanga,Naga/Zamboanga,PH,7.797778,122.694444
PHXSO,Siocon/Zamboanga,Siocon/Zamboanga,PH,7.7064072,122.1359108
PHZAM,Zamboanga,Zamboanga,PH,6.904167,122.076111
PKBQM,Muhammad Bin Qasim/Karachi,Muhammad Bin Qasim/Karachi,PK,24.76667,67.33333
PKGWD,Gwadar,Gwadar,PK,25.1479816,62.3254553
PKJIW,Jiwani,Jiwani,PK,25.0503174,61.7465561
PKKBA,Keti Bandar,Keti Bandar,PK,24.13333,67.43333
PKKCT,Karachi Container Terminal,Karachi Container Terminal,PK,24.83333,66.96667
PKKHI,Karachi,Karachi,PK,24.8546842,67.0207055
PKKIA,Kiamari,Kiamari,PK,24.81667,66.96667
PKORW,Ormara,Ormara,PK,25.2105634,64.6374914
PKPCT,Pakistan International Container Terminal/Karachi,Pakistan International Container Terminal/Karachi,PK,24.824884,66.9762803
PKPSI,Pasni,Pasni,PK,25.264384,63.4723455
PKQCT,Qasim International Container Terminal/Karachi,Qasim International Container Terminal/Karachi,PK,24.76667,67.33333
PL6MA,Dabrówka,Dabrówka,PL,51.61667,20.95
PLBEK,Bielinek,Bielinek,PL,52.93333,14.15
PLBLZ,Plblz,Plblz,PL,51.9,18
PLBRK,Brzostek Policzko,Brzostek Policzko,PL,51.05,19.9
PLBYC,Byczyna,Byczyna,PL,51.1142355,18.2143288
PLBZG,Bydgoszcz,Bydgoszcz,PL,53.15,18
PLBZI,Burzenin,Burzenin,PL,51.45,18.83333
PLCDB,Czarna Dabrowka,Czarna Dabrowka,PL,54.35,17.55
PLCH3,Chróscice,Chróscice,PL,50.78333,17.81667
PLCPL,Chobienice,Chobienice,PL,52.16667,15.93333
PLDAR,Darlowo,Darlowo,PL,54.41667,16.41667
PLDCZ,Duczki,Duczki,PL,52.36667,21.28333
PLDZN,Dziwnow,Dziwnow,PL,54.03333,14.75
PLELB,Elblag,Elblag,PL,54.16667,19.38333
PLFBK,Frombork,Frombork,PL,54.35,19.68333
PLGDN,Gdansk,Gdansk,PL,54.3706858,18.6129831
PLGDY,Gdynia,Gdynia,PL,54.5,18.55
PLGKI,Glinki,Glinki,PL,53.5246902,22.0796152
PLGKZ,Górki Zachodnie,Górki Zachodnie,PL,54.36667,18.76667
PLHEL,Hel,Hel,PL,54.6,18.8
PLIT5,Piorunów,Piorunów,PL,52.2,20.56667
PLIYC,Iwierzyce,Iwierzyce,PL,50.01667,21.76667
PLJDZ,Jedlina-Zdrój,Jedlina-Zdrój,PL,50.73333,16.33333
PLKAO,Kamien Pomorski,Kamien Pomorski,PL,53.96667,14.76667
PLKLY,Kostomloty,Kostomloty,PL,51.05,16.61667
PLKMR,Krynica Morska,Krynica Morska,PL,54.38333,19.45
PLKOD,Krosno Odrzanskie,Krosno Odrzanskie,PL,52.05,15.08333
PLKOL,Kolobrzeg,Kolobrzeg,PL,54.18333,15.58333
PLKPW,Kraplewo,Kraplewo,PL,52.3,16.68333
PLKRM,Krynica Morska,Krynica Morska,PL,54.38333,19.45
PLKUY,Losiów,Losiów,PL,50.78333,17.56667
PLKYK,Kamyk,Kamyk,PL,50.9008081,19.0282886
PLKZ4,Korzenna,Korzenna,PL,49.68333,20.85
PLLEA,Leba,Leba,PL,54.75,17.55
PLLPN,Lipiany,Lipiany,PL,53,14.96667
PLLUU,Janowiec,Janowiec,PL,51.33333,21.88333
PLMA9,Klaj,Klaj,PL,49.98333,20.31667
PLMID,Miedzyzdroje,Miedzyzdroje,PL,53.93333,14.45
PLMK9,Konotopa,Konotopa,PL,52.91667,20.31667
PLMKW,Mietków,Mietków,PL,50.98333,16.65
PLMNN,Margonin,Margonin,PL,52.9732912,17.0948899
PLMRE,Mrzezyno,Mrzezyno,PL,54.15,15.3
PLNCH,Niechorze,Niechorze,PL,54.1,15.06667
PLNOW,Nowy Port/Gdansk,Nowy Port/Gdansk,PL,54.4,18.66667
PLNWA,Nowe Warpno,Nowe Warpno,PL,53.73333,14.3
PLNXA,Mierzyn,Mierzyn,PL,54.11667,15.88333
PLOLA,Olawa,Olawa,PL,50.93333,17.3
PLOSD,Osinów Dolny,Osinów Dolny,PL,52.85,14.15
PLPLC,Police,Police,PL,53.5486435,14.5657399
PLPNW,Polanów,Polanów,PL,54.1,16.7
PLPTN,Piatnica,Piatnica,PL,53.18333,22.08333
PLPZN,Pszenno,Pszenno,PL,50.86667,16.55
PLROI,Rokietnica,Rokietnica,PL,52.51667,16.73333
PLRUC,Ruchocice,Ruchocice,PL,52.18333,16.35
PLRWL,Rewal,Rewal,PL,54.08333,15.01667
PLSCA,Siennica Rózana,Siennica Rózana,PL,51.0000583,23.3295562
PLSJK,Karsibór,Karsibór,PL,53.85,14.3
PLSKJ,Skolyszyn,Skolyszyn,PL,49.75,21.35
PLSKN,Skolwin,Skolwin,PL,53.48333,14.6
PLSOP,Sopot,Sopot,PL,54.45,18.56667
PLSPA,Stepnica,Stepnica,PL,53.65,14.61667
PLSWI,Swinoujscie,Swinoujscie,PL,53.9,14.25
PLSY2,Sroczyn,Sroczyn,PL,52.55,17.28333
PLSZZ,Szczecin,Szczecin,PL,53.4301818,14.5509623
PLTBZ,Trzebiez,Trzebiez,PL,53.65,14.51667
PLUMS,Ustronie Morskie,Ustronie Morskie,PL,54.21667,15.75
PLURD,Urad,Urad,PL,52.26667,14.7
PLUST,Ustka,Ustka,PL,54.58333,16.85
PLWIU,Widuchowa,Widuchowa,PL,53.12714,14.39286
PLWLA,Wladyslawowo,Wladyslawowo,PL,54.78333,18.41667
PLWLI,Wolin,Wolin,PL,53.85,14.61667
PLWOL,Wolbórz,Wolbórz,PL,51.5,19.83333
PLWZO,Wegorzyno,Wegorzyno,PL,53.53333,15.55
PLZAA,Czarna,Czarna,PL,50.06667,21.26667
PLZGO,Zagorow,Zagorow,PL,52.16899,17.90016
PLZIC,Dziecmierowo,Dziecmierowo,PL,52.26807,17.09789
PLZIN,Grodziczno,Grodziczno,PL,53.41667,19.76667
PLZNI,Znin,Znin,PL,52.85,17.71667
PMFSP,Saint-Pierre,Saint-Pierre,PM,46.76667,-56.16667
PNPCN,Pitcairn Is,Pitcairn Is,PN,-25.0696378,-130.1060142
PRARE,Arecibo,Arecibo,PR,18.470556,-66.720833
PRARR,Arroyo,Arroyo,PR,17.96667,-66.06667
PRBQN,Aguadilla,Aguadilla,PR,18.480278,-67.144445
PRGUX,Guanica,Guanica,PR,17.96667,-66.91667
PRGUY,Guayanilla,Guayanilla,PR,17.96667,-66.81667
PRLAM,Las Mareas (Guayama),Las Mareas (Guayama),PR,17.925,-66.19
PRMAZ,Mayagüez,Mayagüez,PR,18.201111,-67.139722
PRPJO,Puerto de Jobos,Puerto de Jobos,PR,17.95,-66.18333
PRPSE,Ponce,Ponce,PR,18.010833,-66.613611
PRPYA,Puerto Yabucoa,Puerto Yabucoa,PR,18.05,-65.83333
PRSAL,Salinas,Salinas,PR,17.96667,-66.25
PRSBS,San Sebastián,San Sebastián,PR,18.3,-66.96667
PRSJU,San Juan,San Juan,PR,18.45,-66.08333
PTABF,Albufeira,Albufeira,PT,37.08333,-8.25
PTADG,Amoreira da Gândara,Amoreira da Gândara,PT,40.48333,-8.53333
PTADH,Angra do Heroísmo,Angra do Heroísmo,PT,38.65,-27.21667
PTAFR,São Pedro da Afurada,São Pedro da Afurada,PT,41.13333,-8.63333
PTAGD,Aguda,Aguda,PT,41.05,-8.65
PTAGR,Almograve,Almograve,PT,37.65,-8.8
PTANG,Angeiras,Angeiras,PT,41.26667,-8.71667
PTARP,Armação de Pêra,Armação de Pêra,PT,37.1,-8.35
PTAVE,Aveiro,Aveiro,PT,40.63333,-8.65
PTAVP,Pindelo,Pindelo,PT,40.86667,-8.45
PTAZM,Azenhas do Mar,Azenhas do Mar,PT,38.83333,-9.45
PTBAN,Banatica,Banatica,PT,38.66667,-9.2
PTBAO,Barro,Barro,PT,40.5369763,-8.4706548
PTBEI,Beijos,Beijos,PT,40.5094305,-7.9565708
PTBNG,Benagil,Benagil,PT,37.08333,-8.43333
PTBOC,Bouça,Bouça,PT,41.5305123,-7.7917495
PTBRA,Joane,Joane,PT,41.4395446,-8.4171938
PTBRG,Burgau,Burgau,PT,37.06667,-8.76667
PTBTR,Baltar,Baltar,PT,41.18333,-8.38333
PTBUS,Bustos,Bustos,PT,40.5,-8.6
PTCAC,Cacém,Cacém,PT,38.76667,-9.3
PTCAL,"Calheta, Island São Jorge","Calheta, Island São Jorge",PT,38.6,-28.01667
PTCAP,Costa da Caparica,Costa da Caparica,PT,38.63333,-9.21667
PTCAS,Cascais,Cascais,PT,38.7,-9.41667
PTCDP,Cais do Pico,Cais do Pico,PT,38.51667,-28.31667
PTCES,Cambres,Cambres,PT,41.13333,-7.8
PTCLS,Colos,Colos,PT,37.73333,-8.46667
PTCML,Câmara de Lobos,Câmara de Lobos,PT,32.63333,-16.96667
PTCNA,Coina,Coina,PT,38.6,-9.05
PTCNL,Caniçal,Caniçal,PT,32.73333,-16.73333
PTCNV,Castelo do Neiva,Castelo do Neiva,PT,41.63333,-8.8
PTCPL,Capelo,Capelo,PT,38.58333,-28.78333
PTCRB,Casa Branca,Casa Branca,PT,38.5,-8.16667
PTCRC,Carrasqueira,Carrasqueira,PT,38.48333,-9.1
PTDFZ,Sandim,Sandim,PT,41.03333,-8.51667
PTDOU,Douro,Douro,PT,39.88333,-8.26667
PTEST,Estoril,Estoril,PT,38.7,-9.4
PTFAE,Fão,Fão,PT,41.51667,-8.76667
PTFAO,Faro,Faro,PT,37.01667,-7.93333
PTFDF,Figueira da Foz,Figueira da Foz,PT,40.15,-8.86667
PTFDT,Fonte da Telha,Fonte da Telha,PT,38.56667,-9.18333
PTFNC,"Funchal, Madeira","Funchal, Madeira",PT,32.63333,-16.9
PTFOZ,Foz do Arelho,Foz do Arelho,PT,39.43333,-9.21667
PTFUZ,Fuzeta,Fuzeta,PT,37.05,-7.75
PTGER,Argeriz,Argeriz,PT,41.58333,-7.38333
PTGIF,Guifões,Guifões,PT,41.2,-8.66667
PTGUA,Guardizela,Guardizela,PT,41.3874758,-8.3697895
PTGUE,Gueifães,Gueifães,PT,41.2,-8.6
PTHOR,Horta,Horta,PT,38.53333,-28.63333
PTIOR,Penamaior,Penamaior,PT,41.2875406,-8.4127999
PTLAJ,Lajes das Flores,Lajes das Flores,PT,39.38333,-31.16667
PTLDP,Lajes,Lajes,PT,38.38333,-28.26667
PTLDR,Lordelo,Lordelo,PT,41.36667,-8.38333
PTLE2,Maceira,Maceira,PT,39.68333,-8.88333
PTLEI,Leixões,Leixões,PT,41.18333,-8.68333
PTLEP,Leça da Palmeira,Leça da Palmeira,PT,41.2,-8.7
PTLIS,Lisboa,Lisboa,PT,38.71667,-9.13333
PTLNS,Lanheses,Lanheses,PT,41.7382855,-8.6743377
PTLOS,Lagos,Lagos,PT,37.1,-8.66667
PTMAD,Madalena (Madalena do Pico),Madalena (Madalena do Pico),PT,38.53333,-28.53333
PTMAT,Matosinhos,Matosinhos,PT,41.18333,-8.7
PTMCH,Machico,Machico,PT,32.7,-16.76667
PTMDM,Madalena do Mar,Madalena do Mar,PT,32.68333,-17.13333
PTMLR,Milharado,Milharado,PT,38.947045,-9.198869
PTMUS,Murches,Murches,PT,38.7318857,-9.4395466
PTNAV,Nariz,Nariz,PT,40.53333,-8.6
PTNGV,Valongo,Valongo,PT,41.18333,-8.5
PTNRD,Nordeste,Nordeste,PT,37.83333,-25.16667
PTOEI,Oeiras,Oeiras,PT,38.68333,-9.31667
PTOLA,Olhos de Água,Olhos de Água,PT,37.08333,-8.18333
PTOLH,Olhão,Olhão,PT,37.03333,-7.83333
PTOPO,Porto,Porto,PT,41.15,-8.61667
PTPCZ,Porto da Cruz,Porto da Cruz,PT,32.76667,-16.83333
PTPDL,Ponta Delgada,Ponta Delgada,PT,37.73333,-25.66667
PTPDS,Ponte de Sor,Ponte de Sor,PT,39.25,-8.01667
PTPEN,Peniche,Peniche,PT,39.35,-9.38333
PTPFT,Perafita,Perafita,PT,41.21667,-8.7
PTPMZ,Porto Moniz,Porto Moniz,PT,32.85,-17.16667
PTPOM,Pomarão,Pomarão,PT,37.55,-7.53333
PTPRG,Praia da Graciosa,Praia da Graciosa,PT,39.05,-27.96667
PTPRM,Portimao,Portimao,PT,37.13333,-8.53333
PTPRV,Praia da Vitória,Praia da Vitória,PT,38.73333,-27.06667
PTPVC,Povoação,Povoação,PT,37.75,-25.25
PTPVH,Pegoes Velhos,Pegoes Velhos,PT,38.68333,-8.66667
PTPXO,Porto Santo Island,Porto Santo Island,PT,33.06667,-16.33333
PTQRT,Quarteira,Quarteira,PT,37.06667,-8.1
PTRPX,Rabo de Peixe,Rabo de Peixe,PT,37.8,-25.58333
PTRQU,Requião,Requião,PT,41.4,-8.48333
PTSAG,Sagres,Sagres,PT,37,-8.93333
PTSCF,Santa Cruz das Flores,Santa Cruz das Flores,PT,39.45,-31.11667
PTSCG,Santa Cruz da Graciosa,Santa Cruz da Graciosa,PT,39.08333,-28.01667
PTSET,Setúbal,Setúbal,PT,38.53333,-8.9
PTSHA,Senhora da Hora,Senhora da Hora,PT,41.18333,-8.65
PTSIE,Sines,Sines,PT,37.95,-8.86667
PTSLZ,Santa Luzia,Santa Luzia,PT,37.1,-7.65
PTSMI,São Miguel,São Miguel,PT,37.7489236,-25.4328916
PTSMO,São Martinho do Porto,São Martinho do Porto,PT,39.51667,-9.13333
PTSMS,Santa Maria de Sardoura,Santa Maria de Sardoura,PT,41.05,-8.28333
PTSMT,São Mateus,São Mateus,PT,38.4337955,-28.4540127
PTSSB,Sesimbra,Sesimbra,PT,38.43333,-9.1
PTTER,Terceira Island Apt,Terceira Island Apt,PT,38.71667,-27.21667
PTTOA,Torreira,Torreira,PT,40.75,-8.7
PTTPO,Topo,Topo,PT,38.55,-27.78333
PTTRF,Trafaria,Trafaria,PT,38.66667,-9.23333
PTTUN,Tunes,Tunes,PT,37.1654115,-8.2580967
PTVAB,Valbom,Valbom,PT,41.13333,-8.56667
PTVAG,Vagueira,Vagueira,PT,40.55,-8.75
PTVAR,Várzea do Douro,Várzea do Douro,PT,41.0738874,-8.266772
PTVDC,Viana do Castelo,Viana do Castelo,PT,41.7,-8.83333
PTVDP,Vila do Porto,Vila do Porto,PT,36.93333,-25.15
PTVDV,Venda do Pinheiro,Venda do Pinheiro,PT,38.9234466,-9.2318583
PTVEL,Velas,Velas,PT,38.68333,-28.21667
PTVFC,Vila Franca do Campo,Vila Franca do Campo,PT,37.71667,-25.43333
PTVFD,Vila de Frades,Vila de Frades,PT,38.21667,-7.81667
PTVFX,Vila Franca de Xira,Vila Franca de Xira,PT,38.95,-8.98333
PTVIC,Vila do Conde,Vila do Conde,PT,41.35,-8.75
PTVLC,Vila Chã,Vila Chã,PT,40.85,-8.38333
PTVNC,Vila Nova do Corvo,Vila Nova do Corvo,PT,39.66667,-31.1
PTVNR,Vila Nova da Rainha,Vila Nova da Rainha,PT,39.03333,-8.93333
PTVRE,Vila Real de Santo António,Vila Real de Santo António,PT,37.2,-7.41667
PTXZX,Escariz,Escariz,PT,40.93333,-8.41667
PTZFM,Zona Franca da Madeira,Zona Franca da Madeira,PT,32.66667,-16.75
PWANG,Angaur,Angaur,PW,6.0155988,133.6326463
PWROR,Koror,Koror,PW,7.343275,134.4766767
PYAGT,Ciudad del Este,Ciudad del Este,PY,-25.5169015,-54.6168645
PYASU,Asunción,Asunción,PY,-25.26667,-57.66667
PYBCM,Barrio Caacupé Mí,Barrio Caacupé Mí,PY,-25.21667,-57.55
PYCAA,Caacupé,Caacupé,PY,-25.38333,-57.13333
PYCAC,Calera Cue,Calera Cue,PY,-22.53333,-57.81667
PYCNP,Concepción,Concepción,PY,-23.4,-57.43333
PYENO,Encarnación,Encarnación,PY,-27.33333,-55.9
PYFUO,Fuerte Olimpo,Fuerte Olimpo,PY,-21.05,-57.86667
PYITE,Ita Enramada,Ita Enramada,PY,-25.3539227,-57.6394337
PYMRA,Colonia Mariano Roque Alonso,Colonia Mariano Roque Alonso,PY,-25.16667,-57.55
PYPAN,Puerto Antequera,Puerto Antequera,PY,-24.08333,-57.2
PYPCJ,Puerto la Victoria,Puerto la Victoria,PY,-22.28333,-57.93333
PYPGU,Puerto Guarani,Puerto Guarani,PY,-21.3,-57.91667
PYPSA,Puerto Sara,Puerto Sara,PY,-25.43333,-57.53333
PYSAN,San Antonio,San Antonio,PY,-25.411516,-57.5758258
PYTER,Terport (San Antonio),Terport (San Antonio),PY,-25.6127772,-57.6050285
PYVLL,Villeta,Villeta,PY,-25.5045192,-57.5693789
QAASN,Al Shaheen,Al Shaheen,QA,26.55,52.06667
QADOH,Doha,Doha,QA,25.2856329,51.5264162
QAHAL,Halul,Halul,QA,25.6732793,52.4109227
QAHMD,BGN/PCGN1956 - HAMAD,BGN/PCGN1956 - HAMAD,QA,25,51.61667
QAQAP,Qapco,Qapco,QA,24.91667,51.56667
QAQCH,Qchem,Qchem,QA,24.85,51.53333
QARLF,Ras Laffan,Ras Laffan,QA,25.93333,51.53333
QARUS,Al Ruwais Qatar,Al Ruwais Qatar,QA,26.1295039,51.2046522
QASLW,As Salwa,As Salwa,QA,24.73333,50.75
QAUMS,Umm Sa'id (Mesaieed),Umm Sa'id (Mesaieed),QA,24.98333,51.53333
RELEU,Saint-Leu,Saint-Leu,RE,-21.166389,55.286944
RELPT,Le Port,Le Port,RE,-20.93333,55.31667
REPOS,Possession,Possession,RE,-20.93333,55.33333
RERSE,Sainte-Rose,Sainte-Rose,RE,-21.13333,55.8
RERUN,Saint-Denis,Saint-Denis,RE,-20.9,55.51667
RESPL,Saint-Paul,Saint-Paul,RE,-20.98333,55.26667
RESSZ,Sainte-Suzanne,Sainte-Suzanne,RE,-20.9,55.6
RO5LI,Livezeni,Livezeni,RO,46.55,24.63333
ROAGI,Agigea,Agigea,RO,44.08333,28.61667
ROBAB,Basarabi,Basarabi,RO,44.16667,28.36667
ROBCN,Beclean,Beclean,RO,46.31667,25.3
ROBCT,Bechet,Bechet,RO,43.76667,23.93333
ROBEZ,Bezdead,Bezdead,RO,45.15,25.51667
ROBZI,Bazias,Bazias,RO,44.8,21.38333
ROCAF,Calafat,Calafat,RO,43.98333,22.93333
ROCAS,Calarasi,Calarasi,RO,44.2,27.33333
ROCEV,Cernavoda,Cernavoda,RO,44.35,28.01667
ROCHL,Chilia Veche,Chilia Veche,RO,45.4141658,29.2891938
ROCHN,Chiscani,Chiscani,RO,45.18333,27.93333
ROCND,Constanta,Constanta,RO,44.18333,28.65
ROCNM,Comisani,Comisani,RO,44.8708549,25.587844
ROCOB,Corabia,Corabia,RO,43.76667,24.5
ROCTS,Cristuru Secuiesc,Cristuru Secuiesc,RO,46.28333,25.03333
RODTS,Drobeta-Turnu Severin,Drobeta-Turnu Severin,RO,44.63333,22.65
ROEFS,Eforie Sud,Eforie Sud,RO,44.05,28.63333
ROFET,Fetesti,Fetesti,RO,44.38333,27.83333
ROFTE,Frecatei,Frecatei,RO,45.1070698,28.6591848
ROGAL,Galati,Galati,RO,45.43333,28.05
ROGRG,Giurgiu,Giurgiu,RO,43.88333,25.95
ROGUU,Gruiu,Gruiu,RO,44.73333,26.23333
ROHAU,Halchiu,Halchiu,RO,45.76667,25.55
ROHDC,Hodac,Hodac,RO,46.76667,24.91667
ROISC,Isaccea,Isaccea,RO,45.26667,28.46667
ROJRT,Jaristea,Jaristea,RO,45.78333,27.06667
ROLUM,Luminita,Luminita,RO,44.3657821,28.6343966
ROLUT,Lutita,Lutita,RO,46.244968,25.185077
ROMAC,Macin,Macin,RO,45.25,28.16667
ROMAG,Mangalia,Mangalia,RO,43.83333,28.58333
ROMAH,Mahmudia,Mahmudia,RO,45.13333,29.13333
ROMED,Medgidia,Medgidia,RO,44.25,28.26667
ROMGU,Magureni,Magureni,RO,45.06667,25.73333
ROMID,Midia,Midia,RO,44.33333,28.61667
RONDI,Navodari,Navodari,RO,44.33333,28.61667
ROOJD,Ojdula,Ojdula,RO,45.98333,26.25
ROOLT,Oltenita,Oltenita,RO,44.08333,26.65
ROORV,Orsova,Orsova,RO,44.7,22.4
ROOVI,Ovidiu,Ovidiu,RO,44.26667,28.56667
ROPAL,Poarta Alba,Poarta Alba,RO,44.21667,28.4
ROPAU,Paulesti,Paulesti,RO,45,25.98333
ROPES,Pielesti,Pielesti,RO,44.33333,23.95
ROPPC,Prelipca,Prelipca,RO,47.6,26.35
ROPSE,Pietroasele,Pietroasele,RO,45.0945643,26.5774816
ROPTA,Petelea,Petelea,RO,46.73333,24.71667
RORDE,Rediu,Rediu,RO,46.9,27.58333
RORNN,Rosia Montana,Rosia Montana,RO,46.3062526,23.1309849
RORVA,Hârsova,Hârsova,RO,44.68333,27.95
ROSUL,Sulina (Port et Zone Franche),Sulina (Port et Zone Franche),RO,45.15,29.66667
ROTCE,Tulcea,Tulcea,RO,45.18333,28.8
ROTR5,Tureni,Tureni,RO,46.61667,23.7
ROTUM,Turnu Magurele,Turnu Magurele,RO,43.75,24.88333
ROTUT,Turturesti,Turturesti,RO,46.9404615,26.4507448
ROVTR,Vanatori Neamt,Vanatori Neamt,RO,47.2,26.31667
ROZIC,Zimnicea,Zimnicea,RO,43.65,25.35
ROZUI,Lazuri,Lazuri,RO,47.85426,22.870836
RS4SN,Bresnica,Bresnica,RS,43.86667,20.58333
RSAPT,Apatin,Apatin,RS,45.66667,18.98333
RSBPA,Backa Palanka,Backa Palanka,RS,45.25,19.38333
RSBZD,Bezdam,Bezdam,RS,45.85,18.91667
RSDIM,Dimitrovgrad,Dimitrovgrad,RS,43,22.76667
RSDOB,Dobanovci,Dobanovci,RS,44.81667,20.21667
RSGNJ,Gnjilane,Gnjilane,RS,42.46667,21.45
RSKMA,Kursumlija,Kursumlija,RS,43.13333,21.26667
RSMSD,Mesarci,Mesarci,RS,44.6,19.91667
RSPHO,Prahovo,Prahovo,RS,44.28333,22.58333
RSSKA,Sremski Karlovci,Sremski Karlovci,RS,45.2,19.93333
RSVGS,Veliko Gradiste,Veliko Gradiste,RS,44.75,21.5
RSVRA,Vranje,Vranje,RS,42.55,21.9
RSVS4,Veternik,Veternik,RS,45.25,19.75
RUABC,Ambarchik,Ambarchik,RU,69.61667,162.3
RUABK,Abinsk,Abinsk,RU,44.86667,38.15
RUAER,Sochi,Sochi,RU,43.6,39.71667
RUAGK,Angarsk,Angarsk,RU,52.53333,103.88333
RUAKS,Aksay,Aksay,RU,47.25,39.88333
RUAMU,Amursk,Amursk,RU,50.21667,136.9
RUAMV,Amderma,Amderma,RU,69.76667,61.66667
RUARH,Arkhangelsk,Arkhangelsk,RU,64.5410251,40.5286774
RUARM,Arman (Magadan),Arman (Magadan),RU,59.670994,150.132385
RUASF,Astrakhan,Astrakhan,RU,46.3498308,48.0326203
RUAZO,Azov,Azov,RU,47.1139219,39.4259657
RUB2L,Shebekino,Shebekino,RU,50.4,36.9
RUBEL,Belushye,Belushye,RU,71.5376984,52.3427343
RUBEM,Belomorsk,Belomorsk,RU,64.5216684,34.7625835
RUBER,"Beringovskiy, Port","Beringovskiy, Port",RU,63.05,179.366667
RUBGV,Bagaevskaya,Bagaevskaya,RU,47.31667,40.38333
RUBKN,Bolshoy Kamen,Bolshoy Kamen,RU,62.45,66.23333
RUBKT,Belaya Kalitva,Belaya Kalitva,RU,48.16667,40.78333
RUBLK,Balakhna,Balakhna,RU,56.48333,43.61667
RUBLN,Balakhnya,Balakhnya,RU,54.818481,105.196373
RUBLT,Baltiysk,Baltiysk,RU,54.6437214,19.8941584
RUBNK,Bronka Port,Bronka Port,RU,59.91667,29.66667
RUBOR,Borisova,Borisova,RU,52.440147,103.3236916
RUBOS,Boshnyakovo,Boshnyakovo,RU,49.65,142.16667
RUBRK,Lomonosov,Lomonosov,RU,59.9,29.73333
RUBVV,Kuril'skiy Burevestnik AFB (Burevestnik AFB),Kuril'skiy Burevestnik AFB (Burevestnik AFB),RU,44.93333,147.63333
RUCEE,Cherepovets,Cherepovets,RU,59.1221553,37.9025005
RUCHA,Chamgu,Chamgu,RU,50.93333,143.6
RUCHB,Chebarkul',Chebarkul',RU,54.96667,60.36667
RUCHM,Chemashi,Chemashi,RU,63.03333,65.18333
RUCHU,Chuya,Chuya,RU,59.26667,112.43333
RUCPC,Cpc Terminal,Cpc Terminal,RU,44.66667,37.65
RUDBK,Dubovka,Dubovka,RU,49.05,44.81667
RUDEE,Yuzhno-Kuril'sk,Yuzhno-Kuril'sk,RU,44.03333,145.85
RUDHA,Derbeshkinskiy,Derbeshkinskiy,RU,55.86667,53.5
RUDKA,De-Kastri,De-Kastri,RU,51.475426,140.768982
RUDKS,Dikson,Dikson,RU,73.5,80.5
RUDUB,Dubna,Dubna,RU,56.75,37.13333
RUDUD,Dudinka,Dudinka,RU,69.406067,86.175072
RUDYR,Anadyr,Anadyr,RU,64.7316875,177.5060925
RUEGV,Egvekinot,Egvekinot,RU,66.3227382,-179.120131
RUEKO,Ekonomiya,Ekonomiya,RU,64.7,40.63333
RUFIP,Vladivostok,Vladivostok,RU,43.13333,131.9
RUFPT,Fish Port Terminal,Fish Port Terminal,RU,43.13333,131.9
RUGOJ,Nizhniy Novgorod (ex Gorkiy),Nizhniy Novgorod (ex Gorkiy),RU,56.3264816,44.0051395
RUGRH,Gremikha,Gremikha,RU,68.0667,39.55
RUGSA,Gorskaya,Gorskaya,RU,60.05,29.96667
RUGVY,Gavrilov-Yam,Gavrilov-Yam,RU,57.3,39.85
RUHTG,Hatanga,Hatanga,RU,71.98333,102.46667
RUHZO,Orekhovo-Zuevo,Orekhovo-Zuevo,RU,55.81667,38.96667
RUIAA,Igarka,Igarka,RU,67.4566185,86.5308425
RUIAR,Yaroslavl,Yaroslavl,RU,57.6263877,39.8933705
RUIDG,Indiga,Indiga,RU,67.65,49.01667
RUIKS,Tiksi,Tiksi,RU,71.6366294,128.868251
RUIOY,Ikryanoye,Ikryanoye,RU,46.08333,47.73333
RUIVO,Ivanovo,Ivanovo,RU,57.01667,41
RUKAN,Kandalaksha,Kandalaksha,RU,67.1507901,32.4082716
RUKAS,Kashira,Kashira,RU,54.83333,38.16667
RUKDN,Kildin,Kildin,RU,69.3486349,34.1509933
RUKDT,Kronshtadt,Kronshtadt,RU,60,29.76667
RUKEM,Kem,Kem,RU,64.9558315,34.5967223
RUKER,Keret,Keret,RU,66.2778836,33.5621467
RUKGD,Kaliningrad,Kaliningrad,RU,54.710128,20.5105838
RUKHO,Kholmsk,Kholmsk,RU,47.05,142.05
RUKHV,Khabarovsk,Khabarovsk,RU,48.4812568,135.0762968
RUKIK,Kirensk,Kirensk,RU,57.76667,108.1
RUKIM,Kimry,Kimry,RU,56.88333,37.36667
RUKIN,Kineshma,Kineshma,RU,57.4426901,42.1687834
RUKIY,Kirovskiy,Kirovskiy,RU,45.08333,133.5
RUKJA,Krasnojarsk,Krasnojarsk,RU,56.0091173,92.872586
RUKLK,Kulakovo,Kulakovo,RU,58.1,93.76667
RUKLR,Klinsky Rayon,Klinsky Rayon,RU,56.333333,36.716667
RUKLT,Koltogorskiye,Koltogorskiye,RU,60.66667,77.46667
RUKLY,Kalyazin,Kalyazin,RU,57.23333,37.83333
RUKMA,Kostomuksha,Kostomuksha,RU,64.5873013,30.5969076
RUKMM,Malaya Kheta,Malaya Kheta,RU,68.380344,85.546125
RUKMU,Kamskoye Ustye,Kamskoye Ustye,RU,55.2015629,49.2680082
RUKMV,Velikaya Kema,Velikaya Kema,RU,45.470278,137.2125
RUKNL,Konets Lug,Konets Lug,RU,56.0223224,107.7080188
RUKNV,Krasnovodsk,Krasnovodsk,RU,47.2893114,40.0743986
RUKNY,Khvalynsk,Khvalynsk,RU,52.48333,48.1
RUKOK,Konakovo,Konakovo,RU,56.7,36.78333
RUKOR,Korsakov,Korsakov,RU,46.632815,142.7810147
RUKOT,Kotel'nyy,Kotel'nyy,RU,76,137.93333
RUKPA,Kondopoga,Kondopoga,RU,62.2,34.28333
RUKRA,Krasnoyarsk,Krasnoyarsk,RU,56.0091173,92.872586
RUKRF,Korf,Korf,RU,60.372547,166.016998
RUKRI,Krivosheino,Krivosheino,RU,57.33333,83.95
RUKRR,Krasnodar,Krasnodar,RU,45.0351532,38.9772396
RUKRY,Krasnyy Yar,Krasnyy Yar,RU,55.21667,82.86667
RUKSA,Kharasavey,Kharasavey,RU,71.1,66.76667
RUKSI,Kasimov,Kasimov,RU,54.93333,41.4
RUKSL,Kislaya Guba,Kislaya Guba,RU,69.376111,33.075833
RUKSO,Krasnotur'insk,Krasnotur'insk,RU,59.764631,60.1936117
RUKTY,Khatyrka,Khatyrka,RU,62.06667,175.3
RUKUB,Kubekovo,Kubekovo,RU,56.1483926,93.1142225
RUKUF,Samara,Samara,RU,53.21667,50.16667
RUKUR,Kureysk,Kureysk,RU,58.95,111.33333
RUKVO,Kolpashevo,Kolpashevo,RU,58.3,82.93333
RUKYB,Krasnyye Barrikady,Krasnyye Barrikady,RU,46.2,47.85
RUKYI,Kolguyev Island,Kolguyev Island,RU,69.08333,49.15
RUKYK,Kireyevskoye,Kireyevskoye,RU,56.03333,84.08333
RUKZH,Kozhevnikovo,Kozhevnikovo,RU,56.26667,83.98333
RUKZM,Kozmino Port,Kozmino Port,RU,42.71667,133.01667
RUKZP,Kavkaz,Kavkaz,RU,45.3401677,36.6746324
RULAZ,Lazarev,Lazarev,RU,52.2104004,141.5195022
RULBU,Lyubim,Lyubim,RU,58.35,40.68333
RULDY,Lebedyan',Lebedyan',RU,53,39.15
RULED,Saint Petersburg (ex Leningrad),Saint Petersburg (ex Leningrad),RU,59.88333,30.25
RULEO,Leonova,Leonova,RU,55.570152,101.525055
RULES,Lesogorsk,Lesogorsk,RU,49.43333,142.11667
RULEU,Leushinskiye,Leushinskiye,RU,62.18333,67.18333
RULNK,Lensk,Lensk,RU,60.71667,114.93333
RULNR,Linakhamari,Linakhamari,RU,69.641389,31.343056
RULUG,Lugovoye,Lugovoye,RU,54.6508041,20.6342346
RULVR,Lavrentiya,Lavrentiya,RU,65.58333,-171
RUMA2,Malino,Malino,RU,55.1,38.16667
RUMAG,"Magadansky, Port","Magadansky, Port",RU,59.55,150.733333
RUMAS,Miass,Miass,RU,54.98333,60.1
RUMCX,Makhachkala,Makhachkala,RU,42.96667,47.5
RUMDY,Mamadysh,Mamadysh,RU,55.7,51.38333
RUMEG,Medvezhyegorsk,Medvezhyegorsk,RU,62.915024,34.473339
RUMEZ,Mezen,Mezen,RU,65.843956,44.244141
RUMGO,Mago,Mago,RU,53.268757,140.151871
RUMKR,Makarovo,Makarovo,RU,57.48333,107.8
RUMMK,Murmansk,Murmansk,RU,68.970665,33.07497
RUMOG,Mogochin,Mogochin,RU,57.7,83.58333
RUMON,Molchanovo,Molchanovo,RU,57.6,83.8
RUMOW,Moskva,Moskva,RU,55.75,37.6
RUMSH,Mys Shmidta,Mys Shmidta,RU,68.88333,-179.43333
RUMVO,Moskalvo,Moskalvo,RU,53.58157,142.5114317
RUNAC,Naberezhnyye Chelny,Naberezhnyye Chelny,RU,55.75,52.41667
RUNAR,Narym,Narym,RU,58.91667,81.58333
RUNDK,Novodvinsk,Novodvinsk,RU,64.41667,40.83333
RUNEV,Nevelsk,Nevelsk,RU,46.6717928,141.8567244
RUNIA,Nikolayevsk-na-Amure,Nikolayevsk-na-Amure,RU,53.138729,140.72493
RUNJC,Nizhnevartovsk,Nizhnevartovsk,RU,60.93333,76.56667
RUNJK,Nakhodka,Nakhodka,RU,42.8246489,132.8926
RUNLK,Neftelensk,Neftelensk,RU,57.33333,107.06667
RUNMK,Novomoskovsk,Novomoskovsk,RU,54.08333,38.18333
RUNNM,Naryan Mar,Naryan Mar,RU,67.6380175,53.0071044
RUNOG,Nogliki,Nogliki,RU,51.81667,143.1
RUNPE,Nizhnyaya Pesha,Nizhnyaya Pesha,RU,66.75,47.76667
RUNVS,Novorossiysk,Novorossiysk,RU,44.71667,37.76667
RUOHO,Okhotsk,Okhotsk,RU,59.3619947,143.2146511
RUOKA,"Okha, Sakhalin","Okha, Sakhalin",RU,53.56667,143
RUOKT,Oktyabr'skiy,Oktyabr'skiy,RU,54.483333,53.483333
RUOKZ,Okruzhnoe,Okruzhnoe,RU,50.31667,143.8
RUOLB,Bukhta Ol'ga,Bukhta Ol'ga,RU,54.55,161.11667
RUOLG,"Olenya, Guba","Olenya, Guba",RU,69.2138694,33.3734516
RUOLO,Oleniy Ostrov,Oleniy Ostrov,RU,69.062683,36.379303
RUOLP,Ol'ga,Ol'ga,RU,43.73333,135.28333
RUOMK,Olekminsk,Olekminsk,RU,60.36667,120.41667
RUONG,Onega,Onega,RU,63.911644,38.094822
RUOYA,Olya,Olya,RU,45.78333,47.53333
RUOYE,Oktyabrskoye,Oktyabrskoye,RU,62.45,66.05
RUOZE,Oranzherei,Oranzherei,RU,45.83333,47.56667
RUOZK,Ozerko,Ozerko,RU,69.71667,32.11667
RUOZY,Ozëry,Ozëry,RU,54.85,38.55
RUPCE,Pechenga,Pechenga,RU,69.547714,31.212254
RUPEK,Petrokrepost,Petrokrepost,RU,59.9243493,31.0185063
RUPES,Petrozavodsk,Petrozavodsk,RU,61.789221,34.3688041
RUPEX,Pechora,Pechora,RU,65.1142862,57.16074
RUPGE,Peregrebnoye,Peregrebnoye,RU,62.98333,65.06667
RUPGN,Prigorodnoye,Prigorodnoye,RU,46.61667,142.9
RUPHS,Prokhorovskiy,Prokhorovskiy,RU,47.991837,40.186989
RUPKC,Petropavlovsk-Kamchatskiy,Petropavlovsk-Kamchatskiy,RU,53.0199838,158.6471356
RUPNV,Polnovat,Polnovat,RU,63.78333,65.9
RUPNY,Pionerskiy,Pionerskiy,RU,54.95,20.21667
RUPOK,Engels,Engels,RU,51.5,46.11667
RUPRI,Primorsk (Koivisto),Primorsk (Koivisto),RU,60.366665,28.616673
RUPRN,Poronaisk,Poronaisk,RU,49.2216366,143.1015759
RUPRY,Preobrazheniye,Preobrazheniye,RU,42.9,133.9
RUPSE,Posyet,Posyet,RU,42.6508123,130.8045834
RUPTN,Plastun,Plastun,RU,44.7589818,136.286381
RUPTP,Potapova,Potapova,RU,57.38333,107.51667
RUPUD,Pudozh,Pudozh,RU,61.8046273,36.5278589
RUPVS,"Provideniya, Bukhta","Provideniya, Bukhta",RU,64.38333,-173.3
RUPWE,Pevek,Pevek,RU,69.7028171,170.2746851
RUPYO,Poyarkovo,Poyarkovo,RU,49.6,128.68333
RURDP,Rudnaya Pristan,Rudnaya Pristan,RU,44.3630574,135.8197869
RURND,Rostov-na-Donu,Rostov-na-Donu,RU,47.23333,39.71667
RUROV,Rostov,Rostov,RU,47.2222596,39.7198736
RURTW,Saratov,Saratov,RU,51.530018,46.034683
RURUB,Rubnoye,Rubnoye,RU,58.11667,94.51667
RURYB,Rybinsk,Rybinsk,RU,58.0489536,38.8558908
RURYK,Krasnoturansk,Krasnoturansk,RU,54.31667,91.55
RURZV,Rzhev,Rzhev,RU,56.25,34.33333
RUSAB,Sabetta,Sabetta,RU,71.25,72.08333
RUSAK,Aleksandrovsk-Sakhalinskiy,Aleksandrovsk-Sakhalinskiy,RU,50.9,142.15
RUSEG,Segezha,Segezha,RU,63.7435087,34.3106868
RUSEW,Severodvinsk,Severodvinsk,RU,64.563385,39.823769
RUSHA,Shakhtersk,Shakhtersk,RU,49.15,142.05
RUSIZ,Siziman,Siziman,RU,50.71667,140.41667
RUSKA,Slavyanka,Slavyanka,RU,42.8606833,131.3924115
RUSLH,Salekhard,Salekhard,RU,66.51667,66.6
RUSLK,Solovki,Solovki,RU,47.2411989,38.9113728
RUSNG,Solnechnogorsk,Solnechnogorsk,RU,56.18333,36.96667
RUSOG,Sovetskaya Gavan,Sovetskaya Gavan,RU,48.9663026,140.284958
RUSPA,"Spafaryeva, O","Spafaryeva, O",RU,59.183333,149.083333
RUSRM,Severomorsk,Severomorsk,RU,69.0759203,33.4190485
RUSSK,Sovetsk,Sovetsk,RU,55.06667,21.88333
RUSTR,Streika,Streika,RU,58.08333,93.03333
RUSTY,Svetlyy,Svetlyy,RU,54.683333,20.133333
RUSVE,Svetlaya,Svetlaya,RU,46.533333,138.316667
RUSVK,Severo-Kurilsk,Severo-Kurilsk,RU,50.6683048,156.1154399
RUSYZ,Syzran,Syzran,RU,53.15538,48.474121
RUSZZ,Sestroretsk,Sestroretsk,RU,60.1,29.95
RUTAG,Taganrog,Taganrog,RU,47.215495,38.928362
RUTAM,Taman',Taman',RU,45.21667,36.71667
RUTAU,Tauisk,Tauisk,RU,59.7263218,149.3309994
RUTAY,Tayura,Tayura,RU,57,106.65
RUTAZ,Tazovskiy,Tazovskiy,RU,67.46667,78.73333
RUTDO,Trudfront,Trudfront,RU,45.91667,47.66667
RUTOI,Tol'yatti,Tol'yatti,RU,53.46667,49.5
RUTTI,Tolyatti,Tolyatti,RU,53.5098845,49.4189187
RUTUA,Tuapse,Tuapse,RU,44.0984747,39.0718875
RUTVK,Timashevsk,Timashevsk,RU,45.61667,38.93333
RUUCH,Ust Chaun,Ust Chaun,RU,68.899268,170.7205506
RUUEL,Uelen,Uelen,RU,66.16667,-169.81667
RUUGC,Uglich,Uglich,RU,57.51667,38.31667
RUUGL,Uglegorsk,Uglegorsk,RU,49.079296,142.0633622
RUUKK,Ust-Kamchatsk,Ust-Kamchatsk,RU,56.2400377,162.5369568
RUULU,Ust'-Luga,Ust'-Luga,RU,59.66667,28.31667
RUUMB,Umba,Umba,RU,66.6780339,34.3376019
RUURA,Ura-Guba,Ura-Guba,RU,69.28333,32.8
RUVAR,Varandey,Varandey,RU,68.78333,57.98333
RUVAY,Vaygach,Vaygach,RU,70.41667,58.75
RUVIT,Vitino,Vitino,RU,67.08333,32.33333
RUVKR,Vankarem,Vankarem,RU,67.83333,-175.86667
RUVLG,Volga,Volga,RU,57.95,38.4
RUVMS,Vostokmorservice,Vostokmorservice,RU,43.08333,131.86667
RUVNN,Vanino,Vanino,RU,49.090481,140.260864
RUVNY,Venyov,Venyov,RU,54.3504,38.2656
RUVOG,Volgograd,Volgograd,RU,48.7081906,44.5153353
RUVTM,Vitim,Vitim,RU,59.41667,112.56667
RUVTZ,Vityaz,Vityaz,RU,42.6,131.16667
RUVVO,Vladivostok,Vladivostok,RU,43.1150678,131.8855768
RUVYE,Vertikoye,Vertikoye,RU,59.38333,79.68333
RUVYG,Vyborg,Vyborg,RU,60.709217,28.744051
RUVYK,Vyksa,Vyksa,RU,55.31667,42.16667
RUVYP,Vostochnyy Port,Vostochnyy Port,RU,42.76667,133.05
RUVYS,Vysotsk,Vysotsk,RU,60.63333,28.56667
RUVZH,Volzhsk,Volzhsk,RU,55.83333,48.25
RUXC2,Kotel'niki,Kotel'niki,RU,55.63333,37.85
RUYAB,Yagelnaya Bukhta,Yagelnaya Bukhta,RU,69.255278,33.316667
RUYAM,Yamburg,Yamburg,RU,67.9250164,74.9241453
RUYEY,Yeysk,Yeysk,RU,46.7112094,38.2747987
RUYTS,Yartsevo,Yartsevo,RU,55.06667,32.66667
RUZAO,"Zavyalova, O","Zavyalova, O",RU,59.063333,150.641945
RUZAR,Zarubino,Zarubino,RU,42.61667,131.08333
RUZCA,Balozhi,Balozhi,RU,58.36667,31.88333
RUZDK,Zelënodol'sk,Zelënodol'sk,RU,55.83333,48.51667
RUZEM,Zeleniy Mys,Zeleniy Mys,RU,68.7875,161.380556
RWNSA,Nyagatare,Nyagatare,RW,-1.28333,30.31667
RWRUB,Rubengera,Rubengera,RW,-2.052818,29.4133696
RWRW4,Rwamagana,Rwamagana,RW,-1.951239,30.434885
SAAHA,Al Hada,Al Hada,SA,21.368611,40.284722
SAALK,Al Khobar,Al Khobar,SA,26.3039999,50.1960237
SAAMU,Al Muajjiz,Al Muajjiz,SA,23.8235014,38.4143147
SAAQK,Al Khobar,Al Khobar,SA,26.28333,50.2
SABUR,Buraydah,Buraydah,SA,26.31667,43.96667
SADHA,Dhahran,Dhahran,SA,26.2966528,50.1202146
SADHU,Port of NEOM,Port of NEOM,SA,27.56667,34.55
SADMM,Ad Dammam,Ad Dammam,SA,26.5,50.2
SAEJH,Wedjh,Wedjh,SA,26.283333,36.416667
SAGIZ,Jizan,Jizan,SA,16.9,42.5
SAJBI,Al Jubayl Industrial City,Al Jubayl Industrial City,SA,27.08333,49.7
SAJEC,Jazan Economic City,Jazan Economic City,SA,17.28333,42.33333
SAJED,Jeddah,Jeddah,SA,21.46667,39.16667
SAJUB,Jubail,Jubail,SA,27.01667,49.66667
SAJUT,Juaymah Terminal,Juaymah Terminal,SA,26.91667,50.01667
SAJYC,Jeddah Yachts Club Port,Jeddah Yachts Club Port,SA,21.65,39.1
SAKAC,King Abdullah City,King Abdullah City,SA,22.4,39.08333
SAKHU,Al Khuraibah,Al Khuraibah,SA,28.05,35.16667
SALIT,Lith,Lith,SA,20.1451486,40.2701391
SAMAK,Makkah,Makkah,SA,21.420847,39.826869
SAMUF,Manfouha,Manfouha,SA,24.596111,46.727222
SANEO,Neom,Neom,SA,27.56667,35.55
SAQAH,Al Qahmah,Al Qahmah,SA,18.01667,41.66667
SAQUN,Al Qunfudah,Al Qunfudah,SA,19.11667,41.06667
SAQUR,Qurayyah,Qurayyah,SA,27.4815425,47.8735519
SARAB,Rabigh,Rabigh,SA,22.7989669,39.0335547
SARAM,Ras al Mishab,Ras al Mishab,SA,28.0993601,48.6116925
SARAR,Ras al Khafji,Ras al Khafji,SA,28.4225409,48.4927814
SARAZ,Ras Al-Khair,Ras Al-Khair,SA,27.55,49.2
SARTA,Ras Tanura,Ras Tanura,SA,26.63333,50.15
SASHU,Shuaibah,Shuaibah,SA,20.68333,39.51667
SAVLA,Umm Lajj,Umm Lajj,SA,25.01667,37.26667
SAYBI,Yanbu Industrial City,Yanbu Industrial City,SA,23.93333,38.25
SAYNB,Yanbu commercial city,Yanbu commercial city,SA,24.06667,38.05
SBAKS,"Auki, Malaita Is","Auki, Malaita Is",SB,-8.768333,160.696944
SBAOB,Aola Bay,Aola Bay,SB,-9.526111,160.487778
SBCHY,Choiseul Bay,Choiseul Bay,SB,-6.7,156.43333
SBGZO,Gizo,Gizo,SB,-8.1,156.85
SBHIR,"Honiara, Guadalcanal Is","Honiara, Guadalcanal Is",SB,-9.433333,159.95
SBIRA,"Kirakira, San Cristobal Is","Kirakira, San Cristobal Is",SB,-10.45442,161.92045
SBLAT,Lata,Lata,SB,-10.71667,165.8
SBLEV,Lever Harbour,Lever Harbour,SB,-8.01667,157.6
SBNEM,Nemba,Nemba,SB,-10.76667,165.7
SBNOR,"Noro, New Georgia","Noro, New Georgia",SB,-8.216667,157.216667
SBRIN,"Ringgi Cove, Kolombangara","Ringgi Cove, Kolombangara",SB,-8.11667,157.11667
SBRUS,"Marau Sound, Guadalcanal Is","Marau Sound, Guadalcanal Is",SB,-9.804444,160.843333
SBSCZ,Santa Cruz Is,Santa Cruz Is,SB,-11,166.25
SBSHH,Shortland Harbour,Shortland Harbour,SB,-7.08333,155.86667
SBTLG,"Tulagi, Ngella","Tulagi, Ngella",SB,-9.1,160.15
SBVIU,Viru Harbour,Viru Harbour,SB,-8.491944,157.735278
SBXYA,"Yandina, Russell Island","Yandina, Russell Island",SB,-9.11667,159.21667
SCMAW,Mahe,Mahe,SC,-4.6750171,55.4505286
SCPOV,Port Victoria,Port Victoria,SC,-4.6232085,55.452359
SCVIC,Victoria,Victoria,SC,-4.61667,55.45
SDMBH,Marsa Bashayer,Marsa Bashayer,SD,19.38333,37.3
SDPZU,Port Sudan,Port Sudan,SD,19.619217,37.211709
SDSWA,Swakin,Swakin,SD,19.1025,37.33
SEAAR,Ar,Ar,SE,57.915234,18.9515871
SEADG,Arildsläge,Arildsläge,SE,56.259617,12.607939
SEAGB,Agnesberg,Agnesberg,SE,57.78333,11.98333
SEAGE,Ånge,Ånge,SE,62.51667,15.61667
SEAGN,Älvängen,Älvängen,SE,57.95,12.11667
SEAHU,Åhus,Åhus,SE,55.91667,14.28333
SEALA,Ala,Ala,SE,61.21667,17.15
SEALF,Alfredshem,Alfredshem,SE,63.266667,18.705556
SEALN,Älvenäs,Älvenäs,SE,59.38333,13.18333
SEAMA,Åmål,Åmål,SE,59.05,12.7
SEANK,Ankarsvik,Ankarsvik,SE,62.373596,17.40904
SEANN,Ånn,Ånn,SE,63.31667,12.53333
SEARA,Arboga,Arboga,SE,59.38333,15.85
SEARB,Arbrå,Arbrå,SE,61.4743281,16.3703077
SEARK,Arnöviken,Arnöviken,SE,61.6962513,17.3877355
SEARV,Arvika,Arvika,SE,59.6543555,12.5916225
SEASD,Askersund,Askersund,SE,58.884598,14.9175295
SEASU,Arkösund,Arkösund,SE,58.4900889,16.9368276
SEBAA,Bålsta,Bålsta,SE,59.58333,17.5
SEBAC,Bäckviken,Bäckviken,SE,55.9031549,12.7204518
SEBAS,Båstad,Båstad,SE,56.4268963,12.8608789
SEBAT,Båtskärsnäs,Båtskärsnäs,SE,65.7809286,23.4221389
SEBBH,Barsebäckshamn,Barsebäckshamn,SE,55.75,12.9
SEBDQ,Böda,Böda,SE,57.2482639,17.0556837
SEBEA,Bergkvara,Bergkvara,SE,56.38333,16.08333
SEBER,Bergs oljehamn,Bergs oljehamn,SE,59.31667,18.16667
SEBGA,Berga Örlogsskolor,Berga Örlogsskolor,SE,59.08333,18.15
SEBJR,Bjärred,Bjärred,SE,55.71667,13.01667
SEBLA,Blankaholm,Blankaholm,SE,57.5910041,16.5253447
SEBLD,Bovallstrand,Bovallstrand,SE,58.4753084,11.3304584
SEBOG,Borensberg,Borensberg,SE,58.5656587,15.2802181
SEBOH,Bohus,Bohus,SE,57.85,12
SEBOL,Bollstabruk,Bollstabruk,SE,63,17.68333
SEBOM,Borgholm,Borgholm,SE,56.8794759,16.6559707
SEBRE,Bredviken,Bredviken,SE,64.8542417,21.1585515
SEBRO,Brofjorden,Brofjorden,SE,58.35,11.38333
SEBRT,Brottby,Brottby,SE,59.5609596,18.238716
SEBRU,Brunflo,Brunflo,SE,63.08333,14.81667
SEBTF,Bengtsfors,Bengtsfors,SE,59.0309288,12.222887
SEBUR,Bureå,Bureå,SE,64.6179842,21.200493
SEBUV,Burgsvik,Burgsvik,SE,57.0332117,18.2766964
SEBVK,Bråviken,Bråviken,SE,59.2948037,18.054595
SEBYX,Byxelkrok,Byxelkrok,SE,57.3266918,17.0152662
SEDEG,Degerhamn,Degerhamn,SE,56.3564029,16.4097883
SEDJN,Djurön,Djurön,SE,58.63333,16.35
SEDJP,Djupvik,Djupvik,SE,57.9908336,11.6947296
SEDJU,Djurmo,Djurmo,SE,60.5495726,15.1895956
SEDLA,Dalarö,Dalarö,SE,59.1335185,18.4052397
SEDOM,Domsjö,Domsjö,SE,63.2558129,18.7147557
SEDON,Donsö,Donsö,SE,57.5994677,11.802955
SEDRT,Drottningholm,Drottningholm,SE,59.31667,17.88333
SEDYN,Dynäs,Dynäs,SE,62.9717849,17.7116346
SEELL,Elleholm,Elleholm,SE,56.16667,14.75
SEELO,Ellös,Ellös,SE,58.18333,11.46667
SEENK,Enköping,Enköping,SE,59.66667,17.1
SEESS,Essvik,Essvik,SE,62.3,17.38333
SEFAG,Falkenberg,Falkenberg,SE,56.88333,12.5
SEFAK,Fagervik,Fagervik,SE,60.8899577,17.1257783
SEFAR,Färjestaden,Färjestaden,SE,56.65,16.45
SEFBK,Fiskebäckskil,Fiskebäckskil,SE,58.2456466,11.4566294
SEFIG,Figeholm,Figeholm,SE,57.3767119,16.5522663
SEFIL,Filipstad,Filipstad,SE,59.7135483,14.1680314
SEFIS,Fiskebäck,Fiskebäck,SE,57.6533448,11.8649524
SEFJA,Fjällbacka,Fjällbacka,SE,58.5987546,11.2827802
SEFKG,Falköping,Falköping,SE,58.1695083,13.5542412
SEFLI,Flivik,Flivik,SE,57.55,16.58333
SEFOR,Forsmark,Forsmark,SE,60.36667,18.15
SEFRA,Frånö,Frånö,SE,62.9073266,17.8342162
SEFSB,Falsterbo,Falsterbo,SE,55.39609,12.8371665
SEFSD,Fårösund,Fårösund,SE,57.8630332,19.0508902
SEGAM,Gamleby,Gamleby,SE,57.9,16.4
SEGKS,Gustavsvik/Stockholm,Gustavsvik/Stockholm,SE,59.31667,18.3
SEGKV,Grankullavik,Grankullavik,SE,57.33333,17.1
SEGLM,Glommen,Glommen,SE,56.93333,12.35
SEGNR,Grönö,Grönö,SE,60.51667,17.73333
SEGOA,Göta,Göta,SE,58.11667,12.13333
SEGOR,Gorsingeholm,Gorsingeholm,SE,59.35,17.05
SEGOT,Göteborg,Göteborg,SE,57.71667,11.96667
SEGRD,Grundsund,Grundsund,SE,58.2133642,11.4192441
SEGRE,Grebbestad,Grebbestad,SE,58.6920072,11.2542334
SEGRH,Grisslehamn,Grisslehamn,SE,60.1,18.83333
SEGRU,Gruvön,Gruvön,SE,59.33333,13.11667
SEGUB,Gustavsberg,Gustavsberg,SE,59.3256235,18.388514
SEGUN,Gunnebo,Gunnebo,SE,57.7224214,16.5275032
SEGUS,Gustavsvik,Gustavsvik,SE,62.83333,17.88333
SEGVN,Gravarne,Gravarne,SE,58.3585015,11.2486341
SEGVX,Gävle,Gävle,SE,60.66667,17.16667
SEHAA,Haparanda,Haparanda,SE,65.835667,24.1357213
SEHAC,Hackås,Hackås,SE,62.91667,14.51667
SEHAD,Halmstad,Halmstad,SE,56.66667,12.85
SEHAH,Haraholmen,Haraholmen,SE,65.744752,18.1259884
SEHAK,Hallstavik,Hallstavik,SE,60.05,18.6
SEHAN,Hargshamn,Hargshamn,SE,60.16667,18.46667
SEHAS,Hallstanäs,Hallstanäs,SE,62.9136432,17.8972161
SEHBG,Hamburgsund,Hamburgsund,SE,58.5597964,11.2638099
SEHBV,Hässelbyverket/Stockholm,Hässelbyverket/Stockholm,SE,59.35,17.48333
SEHEL,Helsingborg,Helsingborg,SE,56.0442098,12.703706
SEHER,Herräng,Herräng,SE,60.1294737,18.647286
SEHGS,Högsjö,Högsjö,SE,62.7897532,17.8210095
SEHLD,Holmsund,Holmsund,SE,63.7081736,20.3730033
SEHLS,Hällekis,Hällekis,SE,58.6305638,13.4378627
SEHMR,Hammar,Hammar,SE,58.81667,14.95
SEHNB,Hörneborg,Hörneborg,SE,63.274383,18.715
SEHND,Härnösand,Härnösand,SE,62.63333,17.93333
SEHNF,Hörnefors,Hörnefors,SE,63.63333,19.9
SEHOG,Höganäs,Höganäs,SE,56.2,12.55
SEHON,Hönsäter,Hönsäter,SE,58.63333,13.41667
SEHST,Heestrand,Heestrand,SE,58.51667,11.28333
SEHUN,Hunnebostrand,Hunnebostrand,SE,58.4412391,11.3010823
SEHUS,Husum,Husum,SE,63.33333,19.16667
SEHUV,Hudiksvall,Hudiksvall,SE,61.73333,17.1
SEHYP,Hyppeln,Hyppeln,SE,57.7582,11.6124726
SEIGG,Iggesund,Iggesund,SE,61.63333,17.06667
SEJAR,Järfälla,Järfälla,SE,59.4,17.86667
SEJAT,Jättersön,Jättersön,SE,57.0974,16.5604
SEJKG,Jönköping,Jönköping,SE,57.7825634,14.165719
SEJNA,Jörlanda,Jörlanda,SE,57.98333,11.81667
SEJOH,Johannedal,Johannedal,SE,62.4349858,17.3860016
SEKAA,Karlskrona,Karlskrona,SE,56.16667,15.58333
SEKAF,Strå,Strå,SE,58.3973644,14.8592949
SEKAG,Kåge,Kåge,SE,64.8351736,20.9848115
SEKAK,Karlsvik,Karlsvik,SE,65.5972835,22.0791066
SEKAL,Kalmarsand,Kalmarsand,SE,59.55,17.55
SEKAN,Karlshamn,Karlshamn,SE,56.16667,14.85
SEKAS,Karskär,Karskär,SE,60.68333,17.26667
SEKAT,Katthammarsvik,Katthammarsvik,SE,57.4331884,18.8446062
SEKAX,Kalix,Kalix,SE,65.8589171,23.1403303
SEKBK,Karlholmsbruk,Karlholmsbruk,SE,60.51667,17.61667
SEKGG,Kagghamra,Kagghamra,SE,59.08333,17.78333
SEKGM,Klagshamn,Klagshamn,SE,55.53333,12.91667
SEKGR,Kungsör,Kungsör,SE,59.43333,16.1
SEKHN,Kristinehamn,Kristinehamn,SE,59.33333,14.11667
SEKID,Kristianstad,Kristianstad,SE,56.0293778,14.1566859
SEKKS,Kyrkesund,Kyrkesund,SE,58.01667,11.51667
SEKLA,Klavreström,Klavreström,SE,57.13333,15.13333
SEKLD,Klädesholmen,Klädesholmen,SE,57.95,11.53333
SEKLI,Klintehamn,Klintehamn,SE,57.4,18.2
SEKLR,Kalmar,Kalmar,SE,56.66667,16.36667
SEKMH,Köpmanholmen,Köpmanholmen,SE,63.16667,18.56667
SEKOG,Köping,Köping,SE,59.51667,15.98333
SEKPH,Kappelshamn,Kappelshamn,SE,57.85,18.78333
SEKPS,Kapellskär,Kapellskär,SE,59.71667,19.06667
SEKRF,Kramfors,Kramfors,SE,62.93333,17.78333
SEKRH,Kårehamn,Kårehamn,SE,56.95,16.9
SEKSD,Karlstad,Karlstad,SE,59.36667,13.5
SEKUA,Kungsbacka,Kungsbacka,SE,57.48333,12.08333
SEKUB,Kubikenborg,Kubikenborg,SE,62.3764974,17.3537717
SEKUN,Kungshamn,Kungshamn,SE,58.35,11.25
SEKUV,Kungälv,Kungälv,SE,57.8707951,11.9799616
SEKVA,Kvarnholmen,Kvarnholmen,SE,59.3157233,18.1385701
SEKVH,Kopparverkshamnen,Kopparverkshamnen,SE,56.007778,12.71
SEKVK,Kalvik,Kalvik,SE,59.06667,11.18333
SEKXV,Karlsborg Axelvik,Karlsborg Axelvik,SE,65.8,23.28333
SEKYR,Kyrkebyn,Kyrkebyn,SE,59.5843569,11.8264565
SELAA,Landskrona,Landskrona,SE,55.86667,12.83333
SELAV,Landvetter,Landvetter,SE,57.68333,12.2
SELDK,Lidköping,Lidköping,SE,58.5037196,13.1576427
SELDO,Lödöse,Lödöse,SE,58.03333,12.13333
SELED,Lilla Edet,Lilla Edet,SE,58.13333,12.13333
SELIM,Limhamn,Limhamn,SE,55.58333,12.95
SELIO,Lidingö,Lidingö,SE,59.3643382,18.1317263
SELIS,Linanäs,Linanäs,SE,59.2209169,17.6049906
SELJP,Ljungsarp,Ljungsarp,SE,57.56667,13.58333
SELJU,Ljusne,Ljusne,SE,61.21667,17.13333
SELLA,Luleå,Luleå,SE,65.58333,22.15
SELOD,Löddeköpinge,Löddeköpinge,SE,55.76667,13.01667
SELOM,Lomma,Lomma,SE,55.6745348,13.0708928
SELOT,Löten,Löten,SE,59.41667,17.58333
SELOU,Loudden/Stockholm,Loudden/Stockholm,SE,59.3411451,18.1344991
SELUG,Lugnvik,Lugnvik,SE,62.9295771,17.9142347
SELUN,Lövholmen,Lövholmen,SE,59.1868323,17.834778
SELVR,Lövånger,Lövånger,SE,64.3687534,21.3135172
SELYS,Lysekil,Lysekil,SE,58.28333,11.43333
SEMAD,Mariestad,Mariestad,SE,58.7,13.81667
SEMAN,Marsviken,Marsviken,SE,58.67081,17.015176
SEMAR,Marieberg,Marieberg,SE,59.2237916,15.1585191
SEMAV,Marviken,Marviken,SE,59.9716475,15.7601797
SEMEM,Mem,Mem,SE,58.4796199,16.4153147
SEMLE,Mölle,Mölle,SE,56.28333,12.5
SEMLO,Mollösund,Mollösund,SE,58.0733134,11.4754999
SEMMA,Malmö,Malmö,SE,55.6,13
SEMON,Mönsterås,Mönsterås,SE,57.03333,16.43333
SEMOO,Mo,Mo,SE,63.4458269,18.4528719
SEMOR,Mörbylånga,Mörbylånga,SE,56.51667,16.38333
SEMRF,Mariefred,Mariefred,SE,59.2599454,17.2229487
SEMSD,Marstrand,Marstrand,SE,57.8867618,11.5887974
SEMSK,Muskö,Muskö,SE,58.96667,18.11667
SEMUN,Munksund,Munksund,SE,65.2830139,21.5007096
SENAS,Näs,Näs,SE,60.1586585,15.3296161
SENAV,Nävekvarn,Nävekvarn,SE,58.6300602,16.7966826
SENHN,Nyhamn,Nyhamn,SE,62.3200732,17.3957425
SENJA,Norrbottens Järnverk-SSAB,Norrbottens Järnverk-SSAB,SE,65.561389,22.208333
SENOE,Norrtälje,Norrtälje,SE,59.75,18.71667
SENOG,Nordmaling,Nordmaling,SE,63.66667,19.41667
SENOL,Nol (ports),Nol (ports),SE,57.91667,12.06667
SENOR,Norrbyskär,Norrbyskär,SE,63.5528751,19.8766156
SENOT,Norrsundet,Norrsundet,SE,60.95,17.13333
SENRK,Norrköping,Norrköping,SE,58.6,16.18333
SENRR,Norvik,Norvik,SE,58.93333,17.96667
SENST,Noraström,Noraström,SE,62.86667,18.03333
SENYN,Nynäshamn,Nynäshamn,SE,58.9,17.95
SENYO,Nyköping,Nyköping,SE,58.91667,17.16667
SEOAX,Oaxen,Oaxen,SE,58.9751439,17.7154071
SEOBB,Obbola,Obbola,SE,63.7025844,20.3130934
SEOCO,Öckerö,Öckerö,SE,57.7092534,11.6564098
SEOEN,Ön,Ön,SE,59.46667,17.38333
SEOER,Örnsköldsvik,Örnsköldsvik,SE,63.3,18.71667
SEOGR,Öregrund,Öregrund,SE,60.338115,18.4421817
SEORT,Ortviken,Ortviken,SE,62.38333,17.35
SEORV,Örviken,Örviken,SE,64.6689526,21.1796961
SEOSK,Oskarshamn,Oskarshamn,SE,57.26667,16.43333
SEOST,Östrand,Östrand,SE,62.46667,17.31667
SEOTT,Otterbäcken,Otterbäcken,SE,58.95,14.03333
SEOXE,Oxelösund,Oxelösund,SE,58.66667,17.1
SEPAS,Påskallavik,Påskallavik,SE,57.1629535,16.4594559
SEPHM,Pataholm,Pataholm,SE,56.91667,16.41667
SEPIT,Piteå,Piteå,SE,65.33333,21.5
SERAA,Råå,Råå,SE,55.9942157,12.7253998
SERAM,Ramvik,Ramvik,SE,62.8168735,17.8654108
SERBY,Ronnebyhamn,Ronnebyhamn,SE,56.18333,15.3
SERIN,Ringhals,Ringhals,SE,57.25,12.08333
SERNB,Ronneby,Ronneby,SE,56.2,15.3
SERNG,Rönnäng,Rönnäng,SE,57.93333,11.58333
SERNH,Ronehamn,Ronehamn,SE,57.16667,18.48333
SEROR,Rönnskär,Rönnskär,SE,61.8996386,17.3575123
SEROV,Rönnskärsverken,Rönnskärsverken,SE,64.6703949,21.2699344
SERUV,Rundvik,Rundvik,SE,63.53333,19.43333
SESAE,Sandarne,Sandarne,SE,61.2594925,17.1635332
SESAF,Säffle,Säffle,SE,59.13333,12.91667
SESAK,Sandvik,Sandvik,SE,65.733254,23.749534
SESBB,Saltsjö-Boo,Saltsjö-Boo,SE,59.316667,18.25
SESBN,Saltsjöbaden,Saltsjöbaden,SE,59.2792775,18.3049291
SESDK,Sundsbruk,Sundsbruk,SE,62.45,17.35
SESDL,Sundsvall,Sundsvall,SE,62.38333,17.3
SESDS,Studsvik,Studsvik,SE,58.76667,17.38333
SESEA,Svedala,Svedala,SE,55.5152421,13.2384358
SESES,Seskarö,Seskarö,SE,65.7384836,23.7388587
SESFT,Skellefteå,Skellefteå,SE,64.76667,20.95
SESGM,Skagshamn,Skagshamn,SE,63.21667,19.01667
SESGT,Sigtuna,Sigtuna,SE,59.61667,17.71667
SESIK,Sikeå,Sikeå,SE,64.1672221,20.9290549
SESIM,Simrishamn,Simrishamn,SE,55.55,14.33333
SESKB,Skärblacka,Skärblacka,SE,58.576409,15.9224585
SESKE,Skelleftehamn,Skelleftehamn,SE,64.68333,21.23333
SESKL,Skalhamn,Skalhamn,SE,58.3213032,11.4014662
SESKM,Skärhamn,Skärhamn,SE,57.98333,11.55
SESKN,Skuthamn,Skuthamn,SE,65.4781639,21.2223338
SESKO,Skoghall,Skoghall,SE,59.33333,13.43333
SESKR,Skredsvik,Skredsvik,SE,58.3796858,11.6650013
SESKT,Skattkärr,Skattkärr,SE,59.41667,13.63333
SESLI,Slite,Slite,SE,57.71667,18.8
SESMD,Strömstad,Strömstad,SE,58.93333,11.18333
SESMN,Storuman,Storuman,SE,65.1,17.1
SESMO,Smögen,Smögen,SE,58.3536447,11.2261188
SESMS,Salmis,Salmis,SE,65.806215,23.993045
SESND,Svanesund,Svanesund,SE,58.13333,11.83333
SESNR,Skanör,Skanör,SE,55.41667,12.85
SESOE,Södertälje,Södertälje,SE,59.2,17.61667
SESOG,Söderköping,Söderköping,SE,58.4823802,16.3216224
SESOL,Sölvesborg,Sölvesborg,SE,56.05,14.55
SESOO,Söderhamn,Söderhamn,SE,61.2998501,17.0607599
SESOR,Söråker,Söråker,SE,62.5,17.5
SESPP,Simpevarp,Simpevarp,SE,57.41667,16.66667
SESPR,Sprängsviken,Sprängsviken,SE,62.8611271,17.8693638
SESSR,Skutskär,Skutskär,SE,60.63333,17.41667
SESTA,Stocka,Stocka,SE,61.88333,17.33333
SESTE,Stenungsund,Stenungsund,SE,58.083333,11.916667
SESTG,Stigtomta,Stigtomta,SE,58.8,16.78333
SESTJ,Stavsjö,Stavsjö,SE,56.83333,13.8
SESTK,Stockviksverken,Stockviksverken,SE,62.33333,17.35
SESTL,Saltkällan,Saltkällan,SE,58.4347393,11.7054606
SESTO,Stockholm,Stockholm,SE,59.33333,18.05
SESTQ,Strängnäs,Strängnäs,SE,59.38333,17.03333
SESTR,"Sandvik, Styrsö","Sandvik, Styrsö",SE,57.61667,11.76667
SESTU,Stugsund,Stugsund,SE,61.3,17.05
SESTV,Stora Vika,Stora Vika,SE,58.93333,17.8
SESUD,Stocksund,Stocksund,SE,59.3845769,18.0571915
SESUG,Sundbyberg,Sundbyberg,SE,59.3628802,17.9681359
SESUN,Sund,Sund,SE,60.4331443,16.2094222
SESUR,Surte,Surte,SE,57.81667,12.01667
SESUS,Storugns,Storugns,SE,57.75,18.81667
SESVK,Svartvik,Svartvik,SE,61.3590654,17.0590967
SESVX,Svanö,Svanö,SE,62.8993491,17.8761027
SETHN,Trollhättan,Trollhättan,SE,58.26667,12.3
SETOA,Torshälla,Torshälla,SE,59.41667,16.45
SETOE,Töre,Töre,SE,65.9,22.65
SETOV,Torekov,Torekov,SE,56.4262975,12.6267676
SETRG,Trelleborg,Trelleborg,SE,55.36667,13.16667
SETSL,Träslövsläge,Träslövsläge,SE,57.05,12.26667
SETTD,Tomtbod,Tomtbod,SE,57.18333,18.53333
SETUN,Tunadal,Tunadal,SE,62.4,17.36667
SEUDD,Uddevalla,Uddevalla,SE,58.36667,11.93333
SEUGN,Ulebergshamn,Ulebergshamn,SE,58.4520221,11.298114
SEUME,Umeå,Umeå,SE,63.83333,20.25
SEUND,Underås,Underås,SE,59.26667,17.53333
SEUPP,Uppsala,Uppsala,SE,59.86667,17.63333
SEURS,Ursviken,Ursviken,SE,64.7081242,21.1766869
SEUTA,Utansjö,Utansjö,SE,62.7748274,17.912081
SEVAA,Vålberg,Vålberg,SE,59.4,13.16667
SEVAG,Varberg,Varberg,SE,57.1057412,12.2502949
SEVAJ,Väja,Väja,SE,62.9782314,17.6926592
SEVAK,Valdemarsvik,Valdemarsvik,SE,58.2041581,16.6037801
SEVAL,Vallvik,Vallvik,SE,61.18333,17.18333
SEVAN,Vänersborg,Vänersborg,SE,58.36667,12.31667
SEVBY,Visby,Visby,SE,57.63333,18.3
SEVER,Verkebäck,Verkebäck,SE,57.7280478,16.5207659
SEVGN,Vargön,Vargön,SE,58.36667,12.36667
SEVGO,Vrångö,Vrångö,SE,57.56667,11.78333
SEVIV,Vivstavarv,Vivstavarv,SE,62.4949992,17.3506216
SEVRB,Vårby,Vårby,SE,59.25,17.86667
SEVST,Västerås,Västerås,SE,59.61667,16.55
SEVVK,Västervik,Västervik,SE,57.75,16.63333
SEVXH,Vaxholm,Vaxholm,SE,59.4,18.33333
SEWAL,Wallhamn,Wallhamn,SE,58.01667,11.7
SEYST,Ystad,Ystad,SE,55.41667,13.81667
SGAYC,Pulau Ayer Chawan,Pulau Ayer Chawan,SG,1.26667,103.7
SGCHG,Changi,Changi,SG,1.35,103.98333
SGJUR,Jurong,Jurong,SG,1.33333,103.7
SGKEP,Keppel,Keppel,SG,1.26667,103.83333
SGPAP,Pasir Panjang,Pasir Panjang,SG,1.26667,103.78333
SGPPT,PASIR PANJANG Terminal,PASIR PANJANG Terminal,SG,1.28333,103.76667
SGPUB,Pulau Bukom,Pulau Bukom,SG,1.23333,103.76667
SGSCT,Singapore Container Terminal,Singapore Container Terminal,SG,1.2738576,103.7676089
SGSEB,Pulau Sebarok,Pulau Sebarok,SG,1.2,103.8
SGSEM,Sembawang,Sembawang,SG,1.45,103.81667
SGSIN,Singapore,Singapore,SG,1.28333,103.85
SGSLT,Seletar,Seletar,SG,1.4,103.86667
SGTPG,Tanjong Pagar,Tanjong Pagar,SG,1.26667,103.85
SGTPN,Tanjong Penjuru,Tanjong Penjuru,SG,1.31667,103.73333
SGTUA,Tuas,Tuas,SG,1.31667,103.65
SHASC,Ascension,Ascension,SH,-7.95,-14.35
SHASI,Georgetown,Georgetown,SH,-7.9289722,-14.4133993
SHRPT,Rupert's Bay,Rupert's Bay,SH,-15.91667,-5.7
SHSHN,Jamestown,Jamestown,SH,-15.9277296,-5.7160872
SHTDC,Tristan da Cunha,Tristan da Cunha,SH,-37.2465,-12.4870385
SIDBO,Dobrovo,Dobrovo,SI,45.997415,13.5273675
SIIZO,Izola,Izola,SI,45.5398936,13.65939
SIJCE,Jesenice,Jesenice,SI,46.41667,14.06667
SIKOP,Koper,Koper,SI,45.5479864,13.7304781
SILU6,Trojane,Trojane,SI,46.18333,14.86667
SIPIR,Piran,Piran,SI,45.5284919,13.5684485
SIPOW,Portoroz,Portoroz,SI,45.5146489,13.5910112
SIROG,Rogasovci,Rogasovci,SI,46.8,16.03333
SIS8L,Selca,Selca,SI,46.21667,14.2
SISEC,Secovlje,Secovlje,SI,45.46667,13.61667
SISLV,Lukovica pri Domzalah,Lukovica pri Domzalah,SI,46.1697683,14.6913078
SISML,Mala Nedelja,Mala Nedelja,SI,46.51667,16.05
SITOL,Tolmin,Tolmin,SI,46.16667,13.71667
SIVB9,Vremski Britof,Vremski Britof,SI,45.65,14.01667
SIVOJ,Vojnik,Vojnik,SI,46.28333,15.3
SIVRA,Vransko,Vransko,SI,46.23333,14.95
SIVUH,Vuhred,Vuhred,SI,46.58333,15.23333
SIXZA,Zgornji Jakobski Dol,Zgornji Jakobski Dol,SI,46.63333,15.75
SIZ35,Zgornji Leskovec,Zgornji Leskovec,SI,46.31667,15.93333
SIZ42,Zagorje ob Savi,Zagorje ob Savi,SI,46.13333,15
SIZ95,Zgornje Jezersko,Zgornje Jezersko,SI,46.38333,14.46667
SIZAB,Zabnica,Zabnica,SI,46.18333,14.31667
SIZAG,Zagradec,Zagradec,SI,45.85,14.83333
SIZAV,Zavrc,Zavrc,SI,46.38333,16.03333
SIZBU,Zabukovje nad Sevnico,Zabukovje nad Sevnico,SI,46.05,15.36667
SIZDO,Zdole,Zdole,SI,45.96667,15.53333
SIZET,Zetale,Zetale,SI,46.26667,15.78333
SIZGB,Zgornja Besnica,Zgornja Besnica,SI,46.26667,14.28333
SIZGK,Zgornja Korena,Zgornja Korena,SI,46.51667,15.75
SIZGL,Zgornja Loznica,Zgornja Loznica,SI,46.3860456,15.5179446
SIZGP,Zgornja Polskava,Zgornja Polskava,SI,46.41667,15.6
SIZGV,Zgornja Velka,Zgornja Velka,SI,46.66667,15.76667
SIZID,Zidani Most,Zidani Most,SI,46.08333,15.16667
SIZIR,Zirovnica,Zirovnica,SI,46.4,14.13333
SIZUZ,Zuzemberk,Zuzemberk,SI,45.83333,14.91667
SJBAR,Barentsburg,Barentsburg,SJ,78.06667,14.2
SJLYR,Longyearbyen,Longyearbyen,SJ,78.21667,15.63333
SJNYA,Ny-Ålesund,Ny-Ålesund,SJ,78.93333,11.95
SJSVE,Sveagruva,Sveagruva,SJ,77.85,16.65
SKBAB,Bratislava Port,Bratislava Port,SK,48.130556,17.145
SKBCK,Beckov,Beckov,SK,48.7892993,17.8967071
SKDF4,Spisský Stiavnik,Spisský Stiavnik,SK,49,20.36667
SKDVO,Dvorniky,Dvorniky,SK,48.6,20.83333
SKDXZ,Valaska,Valaska,SK,48.81667,19.58333
SKFD3,Krásno,Krásno,SK,48.6,18.31667
SKGLT,Galanta,Galanta,SK,48.2,17.71667
SKHIL,Mojmírovce,Mojmírovce,SK,48.21667,18.06667
SKK87,Sady nad Torysou,Sady nad Torysou,SK,48.7,21.33333
SKKAO,Kolárovo,Kolárovo,SK,47.9,17.98333
SKKVE,Kvetoslavov,Kvetoslavov,SK,48.05,17.35
SKMAT,Martovce,Martovce,SK,47.85,18.11667
SKMOD,Modra,Modra,SK,48.33333,17.31667
SKPLB,Praha,Praha,SK,48.36667,19.51667
SKPOP,Poprad,Poprad,SK,49.05,20.3
SKSLK,Siladice,Siladice,SK,48.36667,17.75
SKTBE,Trencianske Bohuslavice,Trencianske Bohuslavice,SK,48.7987083,17.8603998
SKTEP,Teplicka nad Vahom,Teplicka nad Vahom,SK,49.23333,18.8
SKTLM,Tlmace,Tlmace,SK,48.28333,18.53333
SKTNA,Trnava,Trnava,SK,48.36667,17.58333
SKTUT,Turcianske Teplice,Turcianske Teplice,SK,48.86667,18.86667
SKVZK,Vel'ké Zlievce,Vel'ké Zlievce,SK,48.2,19.45
SKXCV,Malá Trna,Malá Trna,SK,48.45,21.68333
SKZIA,Ziar nad Hronom,Ziar nad Hronom,SK,48.58333,18.86667
SLBTE,Bonthe,Bonthe,SL,7.527274,-12.501955
SLFNA,Freetown,Freetown,SL,8.479004,-13.26795
SLKSY,Kissy,Kissy,SL,8.46667,-13.18333
SLNIT,Nitti,Nitti,SL,7.7714274,-12.3928678
SLPEP,Pepel,Pepel,SL,8.586721,-13.055305
SLSBO,Sherbro,Sherbro,SL,8.3206857,-13.0103449
SMAQ8,Gualdicciolo,Gualdicciolo,SM,43.95,12.4
SNDKR,Dakar,Dakar,SN,14.693425,-17.447938
SNFOU,Foundiougne,Foundiougne,SN,14.1263545,-16.4674807
SNKLC,Kaolack,Kaolack,SN,14.138815,-16.076391
SNLYN,Lyndiane,Lyndiane,SN,14.183489,-16.139084
SNMBA,M'bao Terminal,M'bao Terminal,SN,14.716667,-17.4
SNXLS,Saint Louis,Saint Louis,SN,16.03333,-16.5
SNZIG,Ziguinchor,Ziguinchor,SN,12.5634929,-16.2724609
SOBBO,Berbera,Berbera,SO,10.4386215,45.0134007
SOELM,El Maan,El Maan,SO,2.16667,45.6
SOGHR,Giohar,Giohar,SO,2.76667,45.51667
SOGRC,Garacad,Garacad,SO,6.93333,49.31667
SOKMU,Kismayu,Kismayu,SO,-0.360278,42.548889
SOMER,Merca,Merca,SO,1.7148358,44.7699326
SOMGQ,Mogadishu,Mogadishu,SO,2.0349312,45.3419183
SRABN,Albina,Albina,SR,5.498483,-54.0574537
SRAGI,Wageningen,Wageningen,SR,5.7710604,-56.6876895
SRICK,Nieuw Nickerie,Nieuw Nickerie,SR,5.9420605,-56.9893521
SRLLW,Lelydorp,Lelydorp,SR,5.7,-55.23333
SRMOJ,Moengo,Moengo,SR,5.6192474,-54.4011942
SRPBM,Paramaribo,Paramaribo,SR,5.8247628,-55.1703941
SRPRM,Paranam,Paranam,SR,5.6106787,-55.0926342
STPCP,Principe,Principe,ST,1.6103558,7.3992579
STSAA,Santo Antonio,Santo Antonio,ST,1.6381528,7.4197765
STTMS,Sao Tome Island,Sao Tome Island,ST,0.2162023,6.5945084
SVAPO,Apopa,Apopa,SV,13.8,-89.16667
SVAQJ,Acajutla,Acajutla,SV,13.5897967,-89.8297601
SVLLD,La Libertad,La Libertad,SV,13.48333,-89.31667
SVLUN,La Union,La Union,SV,13.2185491,-87.9603646
SVMIR,Miramar,Miramar,SV,13.7121931,-89.7078904
SVNCU,Nuevo Cuscatlan,Nuevo Cuscatlan,SV,13.63333,-89.25
SVNHZ,Nahuizalco,Nahuizalco,SV,13.7792182,-89.7372948
SVSAL,San Salvador,San Salvador,SV,13.697629,-89.191156
SVSSO,Armenia,Armenia,SV,13.7454464,-89.5005808
SVTUE,Moncagua,Moncagua,SV,13.53304,-88.2555998
SXGES,Gallis Bay,Gallis Bay,SX,18.01667,-63.06667
SXMAR,Marigot,Marigot,SX,18.06667,-63.06667
SXPHI,Philipsburg,Philipsburg,SX,18.01667,-63.03333
SXSXM,Sint-Maarten Apt,Sint-Maarten Apt,SX,18.05,-63.11667
SYALD,Al Ladhiqiyah,Al Ladhiqiyah,SY,35.51667,35.78333
SYARW,Arwad,Arwad,SY,34.85,35.85
SYBAN,Baniyas,Baniyas,SY,35.18333,35.95
SYBEN,Banghazi,Banghazi,SY,32.11667,20.06667
SYDAM,Damascus (Damas),Damascus (Damas),SY,33.5130695,36.3095814
SYLTK,Latakia,Latakia,SY,35.51667,35.78333
SYTAO,Tartus Oil Terminal,Tartus Oil Terminal,SY,34.96667,35.88333
SYTTS,Tartus,Tartus,SY,34.9,35.9
SZ7DS,Sidvokodvo,Sidvokodvo,SZ,-26.61667,31.45
SZMAL,Malkerns,Malkerns,SZ,-26.56667,31.18333
SZNHL,Nhlangano,Nhlangano,SZ,-27.11667,31.2
TC9CB,Cockburn Harbour,Cockburn Harbour,TC,21.48333,-71.53333
TCGDT,Grand Turk Island,Grand Turk Island,TC,21.467964,-71.1387218
TCNCA,North Caicos,North Caicos,TC,21.8909119,-71.9505749
TCPLS,Providenciales,Providenciales,TC,21.7778015,-72.2611584
TCSLX,Salt Cay,Salt Cay,TC,21.3228395,-71.2077909
TCXSC,South Caicos,South Caicos,TC,21.509444,-71.517778
TFPFR,Port-aux-Français,Port-aux-Français,TF,-49.33333,70.21667
TGANE,Aného,Aného,TG,6.23333,1.6
TGKPE,Kpeme,Kpeme,TG,6.4383064,1.179404
TGLFW,Lome,Lome,TG,6.130419,1.215829
THBAI,Bangpoomai,Bangpoomai,TH,13.53333,100.66667
THBEN,Benchamas,Benchamas,TH,10.51667,101.31667
THBKK,Bangkok,Bangkok,TH,13.75,100.51667
THBMT,Bangkok Modern Terminals/Bangkok,Bangkok Modern Terminals/Bangkok,TH,13.6,100.58333
THBND,Ban Don,Ban Don,TH,9.2136203,99.550195
THBNG,Bangnara,Bangnara,TH,6.43333,101.83333
THBNK,Ban Kantang,Ban Kantang,TH,7.41667,99.5
THBNL,Ban Laem,Ban Laem,TH,13.2090689,99.9801874
THBPG,Ban Pong,Ban Pong,TH,13.8,99.86667
THBPK,Ban Prakop Customs House,Ban Prakop Customs House,TH,6.46667,100.71667
THBSP,Bang Saphan,Bang Saphan,TH,11.2,99.51667
THBTC,Bangpakong Terminal,Bangpakong Terminal,TH,13.46667,100.98333
THBTP,Ban Talat Takua Pa,Ban Talat Takua Pa,TH,8.83333,98.36667
THCHA,Chanthaburi,Chanthaburi,TH,12.6064515,102.0996672
THCHS,Chiang Saen Customs House,Chiang Saen Customs House,TH,20.31667,100.06667
THCHU,Chumphon,Chumphon,TH,10.4961355,99.1778731
THECT,Ekachai Container Terminal,Ekachai Container Terminal,TH,13.58333,100.31667
THERA,Erawan,Erawan,TH,9.06667,101.4
THHOP,Hoping,Hoping,TH,24.26667,121.73333
THI6C,T S Transport and Logistics,T S Transport and Logistics,TH,13.65,100.56667
THKAN,Kantang,Kantang,TH,7.4,99.51667
THKHA,Khanom,Khanom,TH,9.2,99.88333
THKLA,Ko Lanta,Ko Lanta,TH,7.5310204,99.0943842
THKLY,Khlong Yai,Khlong Yai,TH,11.76667,102.9
THKPT,Kamphaeng Phet,Kamphaeng Phet,TH,16.46667,99.51667
THKRU,Phra Khanong,Phra Khanong,TH,13.7,100.6
THKRV,Krabi,Krabi,TH,8.0634637,98.9162345
THKSI,Ko Sichang,Ko Sichang,TH,13.13333,100.81667
THKSM,Ko Samui,Ko Samui,TH,9.53333,99.93333
THKYO,Ko Yao,Ko Yao,TH,8.11583,98.591356
THLAS,Lang Suan,Lang Suan,TH,9.95,99.15
THLCH,Laem Chabang,Laem Chabang,TH,13.08333,100.88333
THMAT,Map Ta Phut,Map Ta Phut,TH,12.7136499,101.1679092
THMEK,Mae Klong,Mae Klong,TH,13.36667,99.98333
THNHP,NH Prosperity,NH Prosperity,TH,13.18333,100.8
THNIM,Nim Port,Nim Port,TH,13.6,100.56667
THNKT,Nakhon Si Thammarat,Nakhon Si Thammarat,TH,8.4327951,99.9627967
THNRW,Narathiwat,Narathiwat,TH,6.41667,101.81667
THPHA,Phang-Nga,Phang-Nga,TH,8.4,98.51667
THPKB,Pakbara,Pakbara,TH,6.86667,99.71667
THPKN,Pak Nam,Pak Nam,TH,13.6,100.56667
THPKP,Pak Phanang,Pak Phanang,TH,8.3476389,100.1996122
THPKT,Phuket Port,Phuket Port,TH,7.81667,98.4
THPLA,Platong,Platong,TH,9.65,101.46667
THPPA,Phra Pradaeng,Phra Pradaeng,TH,13.61667,100.55
THPPC,Prachuap Port,Prachuap Port,TH,11.2,99.58333
THPTN,Pattani,Pattani,TH,6.88333,101.26667
THPTR,Photharam,Photharam,TH,13.68333,99.85
THPYT,Phahon Yothin Customs House,Phahon Yothin Customs House,TH,13.8,100.53333
THRNN,Ranong,Ranong,TH,9.96667,98.63333
THSAP,Samut Prakan,Samut Prakan,TH,13.6,100.6
THSAT,Sattahip,Sattahip,TH,12.63333,100.91667
THSCS,Sahathai Coastal Seaport,Sahathai Coastal Seaport,TH,13.65,100.53333
THSGK,Songkhla,Songkhla,TH,7.23333,100.56667
THSHT,Actu-lum,Actu-lum,TH,13.65,100.55
THSIC,Sichon,Sichon,TH,9.01667,99.91667
THSNT,Satun,Satun,TH,6.61667,100.06667
THSRI,Si Racha,Si Racha,TH,13.16667,100.88333
THSSW,Siamgas and Petrochemicals,Siamgas and Petrochemicals,TH,13.63333,100.55
THTAB,Tak Bai Customs House,Tak Bai Customs House,TH,6.25,102.05
THTAC,Tha Chaleap,Tha Chaleap,TH,12.58333,101.88333
THTHA,Tha Sala,Tha Sala,TH,8.66667,99.95
THTPP,Tungprong Pt,Tungprong Pt,TH,12.7,100.83333
THTRG,Trang,Trang,TH,7.55,99.6
THUCT,Unithai Container Terminal,Unithai Container Terminal,TH,13.58333,100.58333
THURT,Surat Thani,Surat Thani,TH,9.1404136,99.3241347
TKAFU,Atafu,Atafu,TK,-8.53333,-172.51667
TKFKO,Fakaofo,Fakaofo,TK,-9.36667,-171.25
TKNKU,Nukunonu,Nukunonu,TK,-9.16667,-171.85
TLDIL,Dili,Dili,TL,-8.55,125.56667
TMALT,Altyn Asyr,Altyn Asyr,TM,37.2804701,60.7047669
TMCHE,Cheleken,Cheleken,TM,39.4,53.13333
TMHAL,Halach,Halach,TM,37.551967,64.3378899
TMKRA,Krasnovodsk,Krasnovodsk,TM,40.01667,52.96667
TMKRW,Turkmenbashi,Turkmenbashi,TM,40.01667,52.96667
TNARI,Ariana,Ariana,TN,36.85,10.18333
TNASH,Ashtart Terminal,Ashtart Terminal,TN,34.283333,11.383333
TNBIZ,Bizerte,Bizerte,TN,37.2720905,9.8708565
TNBJC,Borj Cedria,Borj Cedria,TN,36.7,10.4
TNCHB,Chebba,Chebba,TN,35.23333,11.1
TNDID,Didon,Didon,TN,33.76667,11.9
TNDJE,Djerba,Djerba,TN,33.7735976,10.8861888
TNGAE,Gabès,Gabès,TN,33.88333,10.11667
TNHMM,Al Hammamat,Al Hammamat,TN,36.4,10.61667
TNJAR,Jarjis,Jarjis,TN,33.5,11.11667
TNKEB,Kebili,Kebili,TN,33.7,8.96667
TNKEM,Ksibet el Médiouni,Ksibet el Médiouni,TN,35.66667,10.83333
TNLGN,La Goulette Nord (Halqueloued),La Goulette Nord (Halqueloued),TN,36.819111,10.306377
TNLSK,La Skhirra,La Skhirra,TN,34.300556,10.070833
TNMAD,Mahdia,Mahdia,TN,35.5,11.05
TNMBA,Menzel Bourguiba,Menzel Bourguiba,TN,37.1549472,9.7925864
TNOUD,Oudna,Oudna,TN,36.60005,10.1820304
TNRDS,Radès,Radès,TN,36.76667,10.26667
TNSFA,Sfax,Sfax,TN,34.7394361,10.7604024
TNSLN,Soliman,Soliman,TN,36.68333,10.48333
TNSUS,Sousse,Sousse,TN,35.8288284,10.6405254
TNTAT,Tazerka Terminal,Tazerka Terminal,TN,36.6,11.68333
TNTUN,Tunis,Tunis,TN,36.8002068,10.1857757
TNTZE,Al Marsá,Al Marsá,TN,36.88333,10.33333
TNZRZ,Zarzis,Zarzis,TN,33.5,11.11667
TOHPA,Ha'apai,Ha'apai,TO,-19.783333,-174.45
TONEI,Neiafu,Neiafu,TO,-18.6515538,-173.9833124
TOPAN,Pangai,Pangai,TO,-19.8054603,-174.3489373
TOTBU,Nuku'alofa,Nuku'alofa,TO,-21.13333,-175.2
TR9AK,Pasaköy,Pasaköy,TR,41.01667,29.26667
TRADA,Adana,Adana,TR,36.9863599,35.3252861
TRADY,Yumurtalik,Yumurtalik,TR,36.76667,35.78333
TRAKB,Akçaabat,Akçaabat,TR,41.01667,39.56667
TRAKC,Akcansa,Akcansa,TR,39.864217,26.2442708
TRAKD,Akdeniz,Akdeniz,TR,36.86667,34.7
TRAKY,Akçay,Akçay,TR,39.58333,26.93333
TRALA,Alanya,Alanya,TR,36.53333,31.98333
TRALI,Aliaga,Aliaga,TR,38.8034265,26.9713731
TRAMA,Amasra,Amasra,TR,41.7489175,32.3866959
TRAMR,Ambarli,Ambarli,TR,40.96667,28.7
TRANA,Anamur,Anamur,TR,36.06667,32.85
TRAUT,Yeniköy-Autoport,Yeniköy-Autoport,TR,40.71667,29.86667
TRAYA,Ayancik,Ayancik,TR,41.93333,34.58333
TRAYD,Altinkum,Altinkum,TR,37.3566209,27.2785056
TRAYT,Antalya,Antalya,TR,36.83333,30.6
TRAYV,Ayvalik,Ayvalik,TR,39.31667,26.68333
TRBBI,Beylerbeyi,Beylerbeyi,TR,41.05,29.05
TRBBP,Baba Point,Baba Point,TR,39.46667,26.06667
TRBDM,Bandirma,Bandirma,TR,40.35,27.96667
TRBEY,Beykoz,Beykoz,TR,41.1343001,29.0920378
TRBHN,Burhaniye,Burhaniye,TR,39.5030179,26.9807391
TRBOL,Bolu,Bolu,TR,40.7332953,31.6110479
TRBOT,Botas,Botas,TR,36.81667,36.16667
TRBTS,Besiktas,Besiktas,TR,41.05,29.01667
TRBUY,Büyükçukur,Büyükçukur,TR,41.06667,35.96667
TRBXN,Bodrum,Bodrum,TR,37.03333,27.41667
TRBZB,Bozburun,Bozburun,TR,36.6927783,28.0442768
TRBZC,Bozcaada,Bozcaada,TR,39.83333,26.06667
TRBZI,Balikesir,Balikesir,TR,39.6473917,27.8879787
TRCAM,Çamalti,Çamalti,TR,41.65,32.38333
TRCES,Çesme,Çesme,TR,38.31667,26.3
TRCID,Cide,Cide,TR,41.9,32.98333
TRCKZ,Çanakkale,Çanakkale,TR,40.15,26.4
TRCUB,Cubuklu,Cubuklu,TR,41.1070356,29.0823348
TRDAR,Darica,Darica,TR,40.7574799,29.3840563
TRDAT,Datça,Datça,TR,36.75,27.66667
TRDIK,Dikili,Dikili,TR,39.06667,26.88333
TRDIL,Diliskelesi,Diliskelesi,TR,40.7776038,29.5213245
TRDRC,Derince,Derince,TR,40.7574495,29.8307628
TRDYL,Dörtyol,Dörtyol,TR,36.86667,36.2
TREDI,Edirne,Edirne,TR,41.6759327,26.5587225
TREDO,Edremit,Edremit,TR,39.58333,27.01667
TRENE,Enez,Enez,TR,40.71667,26.06667
TRERE,Eregli,Eregli,TR,41.28333,31.4
TRERK,Erdek,Erdek,TR,40.38333,27.78333
TREYP,Evyap Port /Kocaeli,Evyap Port /Kocaeli,TR,40.76667,29.7
TRFAS,Fatsa,Fatsa,TR,41.03333,37.48333
TRFET,Fethiye,Fethiye,TR,36.61667,29.1
TRFIN,Finike,Finike,TR,36.28333,30.13333
TRFOC,Foça,Foça,TR,38.66667,26.75
TRFRZ,Firuzköy,Firuzköy,TR,41,28.7
TRGCA,Gokceada,Gokceada,TR,40.18333,25.91667
TRGCK,Gocek,Gocek,TR,36.75,28.93333
TRGEB,Gebze,Gebze,TR,40.78333,29.41667
TRGEL,Gelibolu,Gelibolu,TR,40.4054063,26.6722539
TRGEM,Gemlik,Gemlik,TR,40.41667,29.15
TRGIR,Giresun,Giresun,TR,40.91667,38.38333
TRGKV,Akçapinar,Akçapinar,TR,37.01667,28.36667
TRGOR,Görele,Görele,TR,41.03333,39
TRGTA,Galata,Galata,TR,41.0252857,28.9727922
TRGUL,Güllük,Güllük,TR,37.23333,27.6
TRGZE,Gerze,Gerze,TR,41.8032697,35.1996164
TRHAR,Haramidere,Haramidere,TR,41.0058649,28.6779302
TRHAS,Hasköy,Hasköy,TR,41.03333,28.96667
TRHAY,Haydarpasa,Haydarpasa,TR,41.003333,29.013889
TRHER,Hereke,Hereke,TR,40.7849035,29.6172808
TRHIS,Hisarönü,Hisarönü,TR,36.78333,28.13333
TRHOP,Hopa,Hopa,TR,41.4,41.41667
TRIDM,Isdemir,Isdemir,TR,36.71667,36.18333
TRIDS,Icdas Jetty,Icdas Jetty,TR,40.45,27.3
TRIGN,Igneada,Igneada,TR,41.88333,28.01667
TRINE,Inebolu,Inebolu,TR,41.96667,33.76667
TRISK,Iskenderun,Iskenderun,TR,36.58333,36.16667
TRIST,Istanbul,Istanbul,TR,41.01667,28.96667
TRIZM,Izmir,Izmir,TR,38.41667,27.15
TRIZT,Izmit,Izmit,TR,40.78333,29.95
TRKAR,Kartal,Kartal,TR,40.88858,29.1856536
TRKAS,Kas,Kas,TR,36.18333,29.63333
TRKBS,Kabatas,Kabatas,TR,41.03333,29
TRKBY,Karacabey,Karacabey,TR,40.2159844,28.3590588
TRKFK,Kefken,Kefken,TR,41.2,30.25
TRKFZ,Körfez,Körfez,TR,40.78333,29.73333
TRKKY,Karaköy/Istambul,Karaköy/Istambul,TR,41.03333,28.98333
TRKMR,Kemer,Kemer,TR,36.58333,30.55
TRKMX,Kumport,Kumport,TR,40.9683253,28.681408
TRKN2,Konak,Konak,TR,38.4,27.1
TRKPE,Kartepe,Kartepe,TR,40.73333,29.96667
TRKRB,Karabiga,Karabiga,TR,40.4,27.3
TRKRS,Karasu,Karasu,TR,41.06667,30.78333
TRKRT,Karatas,Karatas,TR,36.55,35.38333
TRKSP,Port of Karasu,Port of Karasu,TR,41.11667,30.66667
TRKUS,Kusadasi,Kusadasi,TR,37.85,27.25
TRLMA,Limas,Limas,TR,40.71667,29.88333
TRM47,Nusaybin,Nusaybin,TR,37.06667,41.21667
TRMAD,Mardas,Mardas,TR,41.01667,28.95
TRMAL,Maltepe,Maltepe,TR,40.9247539,29.1310782
TRMER,Mersin,Mersin,TR,36.71667,34.63333
TRMFZ,Mersin-Free Zone,Mersin-Free Zone,TR,36.8,34.63333
TRMIM,Mimarsinan,Mimarsinan,TR,41.01667,28.55
TRMPT,Marport,Marport,TR,40.9619807,28.6680274
TRMRA,Marmara Adasi,Marmara Adasi,TR,40.58333,27.55
TRMRM,Marmaris,Marmaris,TR,36.85,28.26667
TRMUD,Mudanya,Mudanya,TR,40.36667,28.88333
TRMVG,Manavgat,Manavgat,TR,36.76667,31.45
TRNEM,Nemrut Bay,Nemrut Bay,TR,38.766667,26.916667
TRODU,Odunluk,Odunluk,TR,40.2015946,28.9937969
TRORD,Ordu,Ordu,TR,40.98333,37.86667
TRPEN,Pendik,Pendik,TR,40.8768715,29.2349672
TRPLP,Poliport,Poliport,TR,40.7675265,29.5250735
TRPZR,Pazar,Pazar,TR,41.16667,40.88333
TRRIZ,Rize,Rize,TR,41.03333,40.48333
TRRZY,Rota-Izmit Bay,Rota-Izmit Bay,TR,29.71667,40.76667
TRSIC,Sinop,Sinop,TR,42.01667,35.13333
TRSIL,Silivri,Silivri,TR,41.06667,28.25
TRSLE,Sile,Sile,TR,41.16667,29.6
TRSRL,Saraylar,Saraylar,TR,40.66667,27.66667
TRSRS,Sariseki,Sariseki,TR,36.66667,36.21667
TRSSX,Samsun,Samsun,TR,41.28333,36.33333
TRSUR,Surmene,Surmene,TR,40.9,40.11667
TRSUT,Sutluce,Sutluce,TR,41.0510201,28.944692
TRTAS,Tasucu,Tasucu,TR,36.31667,33.86667
TRTEK,Tekirdag,Tekirdag,TR,40.96667,27.51667
TRTGT,"Toros Gubre Terminal, Gubre","Toros Gubre Terminal, Gubre",TR,36.91667,35.98333
TRTIR,Tirebolu,Tirebolu,TR,41,38.8
TRTUR,Turan,Turan,TR,38.2251666,27.6794965
TRTUZ,Tuzla,Tuzla,TR,40.83333,29.25
TRTZX,Trabzon,Trabzon,TR,41,39.73333
TRUNY,Ünye,Ünye,TR,41.13333,37.28333
TRURL,Urla,Urla,TR,38.3228184,26.7672998
TRUSK,Üsküdar,Üsküdar,TR,41.01667,29.05
TRVAK,Vakfikebir,Vakfikebir,TR,41.03333,39.26667
TRYAL,Yalova,Yalova,TR,40.65,29.26667
TRYAR,Yarimca,Yarimca,TR,40.760756,29.7839402
TRYIK,Yesilovacik,Yesilovacik,TR,36.2,33.66667
TRYPO,Yilport,Yilport,TR,40.76667,29.53333
TRZEY,Zeytinburnu,Zeytinburnu,TR,40.9898653,28.9037467
TRZON,Zonguldak,Zonguldak,TR,41.45,31.78333
TTCHA,Chaguaramas,Chaguaramas,TT,10.68279,-61.6392368
TTCHV,Charlotteville,Charlotteville,TT,11.31667,-60.55
TTCLA,Claxton Bay,Claxton Bay,TT,10.35,-61.46667
TTCRN,Carenage,Carenage,TT,10.68333,-61.6
TTCVA,Couva,Couva,TT,10.41667,-61.45
TTFPT,Saint Mary's,Saint Mary's,TT,10.4654329,-61.426038
TTFRE,Freeport,Freeport,TT,10.45,-61.41667
TTGUA,Guayaguayare,Guayaguayare,TT,10.13333,-61.03333
TTLAB,La Brea (Brighton),La Brea (Brighton),TT,10.2371083,-61.6158925
TTPLY,Plymouth,Plymouth,TT,11.2199522,-60.7738418
TTPOS,Port-of-Spain,Port-of-Spain,TT,10.65,-61.51667
TTPTF,Point Fortin,Point Fortin,TT,10.1759283,-61.6827286
TTPTP,Pointe a Pierre,Pointe a Pierre,TT,10.3228677,-61.4453208
TTPTS,Point Lisas,Point Lisas,TT,10.3993799,-61.4828808
TTSCA,Scarborough/Tobago,Scarborough/Tobago,TT,11.1852893,-60.735024
TTSFE,San Fernando,San Fernando,TT,10.2807069,-61.4645896
TTTEM,Tembladora,Tembladora,TT,10.683333,-61.583333
TVFUN,Funafuti,Funafuti,TV,-8.5199633,179.1982548
TWAPG,An Ping,An Ping,TW,22.9951139,120.1679794
TWBAL,Bali,Bali,TW,25.15,121.4
TWBDA,Budai,Budai,TW,23.36667,120.1
TWHOP,Hoping,Hoping,TW,24.9816637,121.5276792
TWHUK,Hukou,Hukou,TW,24.9,121.05
TWHUN,Hualien,Hualien,TW,23.982074,121.60681
TWKEL,Keelung (Chilung),Keelung (Chilung),TW,25.1317232,121.744652
TWKHH,Kaohsiung,Kaohsiung,TW,22.6203348,120.3120375
TWLGM,Lung-men,Lung-men,TW,23.56667,119.66667
TWMAL,Mai-Liai,Mai-Liai,TW,23.75,120.25
TWMLI,Mai-liao,Mai-liao,TW,23.753841,120.252043
TWNAN,Nantou,Nantou,TW,23.9,120.68333
TWSHL,Sha-lun,Sha-lun,TW,25.1,121.21667
TWSUO,Suao,Suao,TW,24.591667,121.853333
TWTNN,Tainan,Tainan,TW,22.9912348,120.184982
TWTPE,Taipei,Taipei,TW,25.03333,121.51667
TWTTT,Taitung,Taitung,TW,22.7560447,121.1456538
TWTXG,Taichung,Taichung,TW,24.2221027,120.4712046
TWTYN,Taoyuan,Taoyuan,TW,24.9929995,121.3010003
TWWTU,Wu-tu,Wu-tu,TW,25.08333,121.66667
TWYGE,Ying-Ge,Ying-Ge,TW,24.9599449,121.3537712
TWYLN,Yunlin,Yunlin,TW,23.6845003,120.384722
TZDAR,Dar es Salaam,Dar es Salaam,TZ,-6.8,39.28333
TZIKW,Ikwiriri,Ikwiriri,TZ,-7.98333,39.01667
TZKAG,Kagera,Kagera,TZ,-4.65,30.66667
TZKIK,Kilwa Kivinje,Kilwa Kivinje,TZ,-8.7488423,39.412637
TZKIM,Kilwa Masoko,Kilwa Masoko,TZ,-8.9326308,39.5143664
TZLDI,Lindi,Lindi,TZ,-9.9989181,39.7137313
TZMIK,Mikindani,Mikindani,TZ,-10.2818332,40.117495
TZMKO,"Mkokotoni, Zanzibar","Mkokotoni, Zanzibar",TZ,-5.8748653,39.2558883
TZMOH,Mohoro,Mohoro,TZ,-8.1421646,39.1826183
TZMWZ,Mwanza,Mwanza,TZ,-2.51667,32.9
TZMYW,Mtwara,Mtwara,TZ,-10.2838146,40.1789136
TZPAN,Pangani,Pangani,TZ,-5.424377,38.9771304
TZPMA,Pemba,Pemba,TZ,-5.999957,37.5157775
TZSAM,Samanga,Samanga,TZ,-3.300235,37.5270046
TZTGT,Tanga,Tanga,TZ,-5.0721976,39.0993457
TZTKQ,Kigoma,Kigoma,TZ,-4.877862,29.6296319
TZZNZ,Zanzibar,Zanzibar,TZ,-6.1664908,39.2074312
UABGD,Bilhorod-Dnistrovskyi,Bilhorod-Dnistrovskyi,UA,46.18333,30.36667
UADSK,Svitlovodsk,Svitlovodsk,UA,49.05,33.23333
UAERD,Berdiansk,Berdiansk,UA,46.75,36.76667
UAILK,Chornomorsk,Chornomorsk,UA,46.31667,30.66667
UAIZM,Izmail,Izmail,UA,45.31667,28.85
UAKHE,Kherson,Kherson,UA,46.61667,32.61667
UAKIA,Kiliia,Kiliia,UA,45.43333,29.26667
UAMPW,Mariupol,Mariupol,UA,47.05,37.5
UANLV,Mykolaiv,Mykolaiv,UA,46.93333,32
UAOCH,Ochakiv,Ochakiv,UA,46.6,31.56667
UAOCT,Olviia,Olviia,UA,46.83333,31.95
UAODS,Odesa,Odesa,UA,46.5,30.75
UARNI,Reni,Reni,UA,45.41667,28.28333
UASKD,Skadovsk,Skadovsk,UA,46.1,32.9
UAUDY,Ust-Dunaisk/Vylkove,Ust-Dunaisk/Vylkove,UA,45.46667,29.7
UAVYL,Vylkove,Vylkove,UA,45.4,29.58333
UAYUZ,Pivdennyi,Pivdennyi,UA,46.6,31.01667
UAZPR,Zaporizhzhia,Zaporizhzhia,UA,47.81667,35.16667
UGJIN,Jinja,Jinja,UG,0.4353036,33.2055568
UGMKN,Galiraya,Galiraya,UG,1.3,32.86667
UGYMB,Yumbe,Yumbe,UG,3.4674131,31.2458678
UMAWK,Wake Island,Wake Island,UM,19.3,166.633333
UMJON,Johnston Atoll,Johnston Atoll,UM,16.72828,-169.53428
UMMDY,Midway Islands,Midway Islands,UM,28.2075,-177.35
US2BY,Ballston Lake,Ballston Lake,US,42.9,-73.86667
US2OG,South Ogden,South Ogden,US,41.18333,-111.96667
US2PA,Clearville,Clearville,US,39.91667,-78.38333
US2SI,Sinton,Sinton,US,28.03333,-97.5
US2TO,Clifford Township,Clifford Township,US,41.66667,-75.55
US2TT,Cottrellville,Cottrellville,US,42.68333,-82.53333
US3BR,Berry Creek,Berry Creek,US,39.63333,-121.4
US3DC,Westwood,Westwood,US,34.05,-118.41667
US3DU,Victor,Victor,US,38.13333,-121.2
US3DV,Ulupalakua,Ulupalakua,US,20.65,-156.38333
US3OL,Wellfleet,Wellfleet,US,41.93333,-70.03333
US3SD,Mabscott,Mabscott,US,37.76667,-81.2
US3TR,Vineburg,Vineburg,US,38.26667,-122.43333
US3TU,West Newton,West Newton,US,42.35,-71.23333
US3VC,Outlook,Outlook,US,46.31667,-120.08333
US3WA,Lyle,Lyle,US,45.68333,-121.28333
US4CP,Captiva,Captiva,US,26.51667,-82.18333
US4HE,East Fairfield,East Fairfield,US,40.81667,-80.63333
US4NJ,New Era,New Era,US,43.55,-86.33333
US4NM,Ponce de Leon,Ponce de Leon,US,30.71667,-85.93333
US4TP,Ulm,Ulm,US,34.56667,-91.45
US4WR,West Glocester,West Glocester,US,41.91667,-71.78333
US5BL,Laurence Harbor,Laurence Harbor,US,40.45,-74.23333
US5MN,Hardwick,Hardwick,US,43.76667,-96.18333
US6ER,Lake Saint Louis,Lake Saint Louis,US,38.78333,-90.78333
US6TT,Saint Pete Beach,Saint Pete Beach,US,27.71667,-82.73333
US7AL,Detroit,Detroit,US,34.01667,-88.16667
US7BA,Speedwell,Speedwell,US,36.45,-83.86667
US7CA,Penn Valley,Penn Valley,US,39.18333,-121.18333
US7OL,Sea Cliff,Sea Cliff,US,40.83333,-73.63333
US7SD,Lowden,Lowden,US,46.05,-118.58333
US7YT,Lynnfield,Lynnfield,US,42.53333,-71.03333
US8DC,Woodacre,Woodacre,US,38,-122.63333
US8DD,Ranchos de Taos,Ranchos de Taos,US,36.35,-105.6
US8MN,Orcutt,Orcutt,US,34.85,-120.43333
US8PR,Zamora,Zamora,US,38.78333,-121.86667
US8QA,Vallecito,Vallecito,US,38.08333,-120.46667
US8TT,Woodbury,Woodbury,US,41.35,-74.1
US8UY,Waldo,Waldo,US,40.45,-83.06667
US8XC,Woodmere,Woodmere,US,40.61667,-73.7
US8XD,Woodmere,Woodmere,US,41.45,-81.46667
US8YI,Tres Pinos,Tres Pinos,US,36.78333,-121.31667
US999,Waterville,Waterville,US,41.21667,-76.36667
US99W,East Windsor,East Windsor,US,41.91667,-72.55
US9AI,Waianae,Waianae,US,21.43333,-158.18333
US9CP,Chapman,Chapman,US,38.96667,-97.01667
US9DK,Penngrove,Penngrove,US,38.28333,-122.65
US9IU,Point Reyes Station,Point Reyes Station,US,38.06667,-122.8
US9OH,Moreland Hills,Moreland Hills,US,41.43333,-81.41667
US9QA,Umpqua,Umpqua,US,43.35,-123.46667
US9WA,Hoodsport,Hoodsport,US,47.4,-123.13333
USA22,Ashville,Ashville,US,40.55,-78.53333
USA8C,Accord,Accord,US,42.16667,-70.88333
USAA2,Alabama Pt.,Alabama Pt.,US,30.35,-88.1
USAA9,South Mills,South Mills,US,36.43333,-76.31667
USAAF,Apalachicola,Apalachicola,US,29.7255084,-84.9827725
USAB3,Aberdeen,Aberdeen,US,40.38333,-74.25
USABC,Port Hadlock,Port Hadlock,US,48.01667,-122.75
USACC,Raymond,Raymond,US,46.68333,-123.71667
USACJ,South Bend,South Bend,US,46.6627902,-123.8044371
USACQ,Ancram,Ancram,US,42.05,-73.63333
USADQ,Kodiak,Kodiak,US,57.8,-152.38333
USAEK,Aberdeen,Aberdeen,US,33.81667,-88.55
USAEO,Calverton,Calverton,US,38.61667,-77.66667
USAEZ,Armstrong,Armstrong,US,43.38333,-94.46667
USAF5,Afton,Afton,US,41.01667,-94.18333
USAFA,Alstead,Alstead,US,43.15,-72.36667
USAFH,Bath,Bath,US,35.46667,-76.8
USAFK,Afognak,Afognak,US,58,-152.76667
USAFM,Bingham,Bingham,US,45.06667,-69.88333
USAFV,Battenville,Battenville,US,43.1,-73.43333
USAFW,"Webster, Harris","Webster, Harris",US,29.53333,-95.11667
USAGQ,Algonquin,Algonquin,US,42.16667,-88.3
USAGV,Autaugaville,Autaugaville,US,32.43333,-86.65
USAHU,Alachua,Alachua,US,29.78333,-82.48333
USAHZ,Atlantic Highlands,Atlantic Highlands,US,40.4,-74.03333
USAKJ,Oak Grove,Oak Grove,US,38.98333,-77.4
USAL3,Alliance,Alliance,US,31.51667,-93.65
USAL5,Delta,Delta,US,33.43333,-85.68333
USAL7,Aldie,Aldie,US,38.96667,-77.63333
USALB,Albany,Albany,US,42.6511674,-73.754968
USALC,Amelia City,Amelia City,US,30.58333,-81.45
USAMF,Amagansett,Amagansett,US,40.96667,-72.15
USAMG,Cambridge,Cambridge,US,43,-89
USANC,Anchorage,Anchorage,US,61.2163129,-149.894852
USANP,Annapolis,Annapolis,US,38.9786401,-76.492786
USANW,Avon,Avon,US,39.63333,-106.51667
USAOU,Avalon,Avalon,US,33.33333,-118.31667
USAPY,Alpine,Alpine,US,40.95,-73.93333
USAQJ,Maltby,Maltby,US,47.8,-122.1
USAQQ,Camden,Camden,US,44.2,-69.05
USAQW,Abbottstown,Abbottstown,US,39.88333,-76.98333
USAR5,Damascus,Damascus,US,35.36667,-92.4
USARB,Ann Arbor,Ann Arbor,US,42.2813722,-83.7484616
USASF,Ashtabula,Ashtabula,US,41.8647873,-80.7841284
USASS,Ware Shoals,Ware Shoals,US,34.38333,-82.23333
USAST,Astoria,Astoria,US,46.1882007,-123.8319802
USASX,Ashland,Ashland,US,46.5924023,-90.8839474
USASZ,Sumiton,Sumiton,US,33.75,-87.05
USATR,Atreco,Atreco,US,29.96667,-93.86667
USATW,Appleton,Appleton,US,44.2613967,-88.4069744
USATX,Allenstown,Allenstown,US,43.13333,-71.45
USAV9,Averill Park,Averill Park,US,42.63333,-73.55
USAVD,Avondale,Avondale,US,29.9129834,-90.2036869
USAWS,Newcastle,Newcastle,US,44.03333,-69.53333
USAWY,Gallaway,Gallaway,US,35.31667,-89.6
USAXR,Alexandria,Alexandria,US,38.8,-77.03333
USAXZ,Andover,Andover,US,37.7,-97.13333
USAY5,Laytonville,Laytonville,US,39.68333,-123.46667
USAY7,Mayville,Mayville,US,42.25,-79.5
USAZL,Azle,Azle,US,32.88333,-97.53333
USB27,Bolinas,Bolinas,US,37.9,-122.68333
USB2N,Brinnon,Brinnon,US,47.66667,-122.88333
USB2V,Buena Vista,Buena Vista,US,32.31667,-84.51667
USB44,Bellbrook,Bellbrook,US,39.63333,-84.06667
USB7S,Bridgewater,Bridgewater,US,43.55,-97.5
USBA3,Belfair,Belfair,US,47.45226,-122.8265391
USBA7,Balmorhea,Balmorhea,US,30.98333,-103.73333
USBAL,Baltimore,Baltimore,US,39.28333,-76.61667
USBAY,Bayonne,Bayonne,US,40.6687141,-74.1143091
USBB8,Broad Brook,Broad Brook,US,41.9,-72.53333
USBBA,Bethany Beach,Bethany Beach,US,38.53333,-75.05
USBCG,Boca Grande,Boca Grande,US,26.73333,-82.25
USBCH,Brushvale,Brushvale,US,46.36667,-96.65
USBCI,Berlin,Berlin,US,38.31667,-75.21667
USBCL,Beulaville,Beulaville,US,34.91667,-77.76667
USBCM,Bruceton Mills,Bruceton Mills,US,39.66667,-79.63333
USBCW,Brewster,Brewster,US,41.76667,-70.08333
USBD3,Beaver Dam,Beaver Dam,US,37.4019918,-86.8758256
USBDB,Bridgeport,Bridgeport,US,43.15,-75.96667
USBDE,Baudette,Baudette,US,48.7124408,-94.600171
USBDR,Bridgeport,Bridgeport,US,41.1792695,-73.1887863
USBDS,Biscoe,Biscoe,US,35.36667,-79.78333
USBE8,Belle Harbor,Belle Harbor,US,40.56667,-73.83333
USBEL,Belfast,Belfast,US,44.4261759,-69.0065207
USBEX,Bethlehem,Bethlehem,US,40.61667,-75.36667
USBF6,Bonners Ferry,Bonners Ferry,US,48.68333,-116.31667
USBFJ,Briarcliff Manor,Briarcliff Manor,US,41.15,-73.81667
USBFO,Beaufort,Beaufort,US,34.7163146,-76.6645903
USBFY,Buckeye Lake,Buckeye Lake,US,39.93333,-82.46667
USBG7,Barnegat,Barnegat,US,39.75,-74.21667
USBGR,Bangor,Bangor,US,44.8016255,-68.7713289
USBHB,Bar Harbor,Bar Harbor,US,44.3876378,-68.2043361
USBHC,Bridgehampton,Bridgehampton,US,40.93333,-72.3
USBHF,Brandon,Brandon,US,32.26667,-89.98333
USBHI,Bruce,Bruce,US,45.45,-91.26667
USBHJ,Burlington,Burlington,US,39.03333,-84.71667
USBI2,Beaver Island,Beaver Island,US,36.460138,-79.990043
USBI8,Blount Island,Blount Island,US,30.4,-81.51667
USBKO,Becker,Becker,US,45.38333,-93.86667
USBKQ,Brooksville,Brooksville,US,39.41667,-85
USBLI,Bellingham,Bellingham,US,48.7544012,-122.478836
USBM3,Bromley,Bromley,US,38.63333,-84.83333
USBM4,Brevort,Brevort,US,46.01667,-85.03333
USBMH,Sandoval,Sandoval,US,38.61667,-89.11667
USBN9,Battle Ground,Battle Ground,US,40.5,-86.83333
USBNA,Nashville,Nashville,US,36.1622767,-86.7742984
USBNB,Burns Harbor,Burns Harbor,US,41.61667,-87.13333
USBNC,Benicia,Benicia,US,38.05,-122.15
USBNH,Burnham,Burnham,US,44.68333,-69.43333
USBNI,Burnsville,Burnsville,US,35.91667,-82.3
USBNP,Brayton Point,Brayton Point,US,41.7,-71.18333
USBOC,Brooklyn,Brooklyn,US,41.78333,-71.95
USBOS,Boston,Boston,US,42.3588336,-71.0578303
USBOY,Brooklyn/New York,Brooklyn/New York,US,40.73333,-73.93333
USBPT,Beaumont,Beaumont,US,30.0829344,-94.0984277
USBPV,Belhaven,Belhaven,US,35.53333,-76.61667
USBRA,Bradwood,Bradwood,US,46.18333,-123.43333
USBRO,Brownsville,Brownsville,US,25.9,-97.48333
USBS9,Bushkill,Bushkill,US,41.08333,-75
USBSM,Big Sandy,Big Sandy,US,48.18333,-110.11667
USBTH,Bath,Bath,US,43.9,-69.81667
USBTR,Baton Rouge,Baton Rouge,US,30.45,-91.13333
USBTV,Burlington,Burlington,US,44.4761601,-73.212906
USBU2,Butte Meadows,Butte Meadows,US,40.06667,-121.55
USBUF,Buffalo,Buffalo,US,42.8864163,-78.8781493
USBUI,Butler,Butler,US,41.41667,-84.86667
USBUJ,Butler,Butler,US,38.78333,-84.36667
USBUP,Bucksport,Bucksport,US,44.5718672,-68.7942156
USBV6,Blairesville,Blairesville,US,34.85,-83.93333
USBV8,Brownsville,Brownsville,US,40.01667,-79.88333
USBVV,Berryville,Berryville,US,36.36667,-93.56667
USBW5,New Brockton,New Brockton,US,31.38333,-85.91667
USBWB,Brownsburg,Brownsburg,US,39.83333,-86.38333
USBWH,Bigelow,Bigelow,US,35,-92.61667
USBYZ,Boyne City,Boyne City,US,45.21667,-85
USBZJ,Bethel,Bethel,US,41.6834224,-74.8712753
USBZZ,Blacklick,Blacklick,US,39.98333,-82.8
USC25,Connelly Springs,Connelly Springs,US,35.73333,-81.5
USC35,Cornville,Cornville,US,34.71667,-111.91667
USC3A,Kensington,Kensington,US,37.9,-122.26667
USC3B,Cedar Bluffs,Cedar Bluffs,US,41.38333,-96.6
USC4H,Castle Hills,Castle Hills,US,29.51667,-98.5
USC4N,Clinton,Clinton,US,30.85,-91
USC55,Cochise,Cochise,US,32.1,-109.91667
USC74,Crimora,Crimora,US,38.15,-78.85
USC8T,Creston,Creston,US,35.51667,-120.51667
USCA3,Chatham,Chatham,US,41.66667,-69.93333
USCAP,Capitan,Capitan,US,34.45,-120.03333
USCBD,Cambridge,Cambridge,US,45.56667,-93.21667
USCBS,Centerburg,Centerburg,US,40.3,-82.7
USCBT,Clinton,Clinton,US,38.36667,-93.78333
USCC2,Cape Coral,Cape Coral,US,26.56667,-81.95
USCC8,Chesapeake City,Chesapeake City,US,39.51667,-75.8
USCCJ,Cape Charles,Cape Charles,US,37.2671674,-76.0176986
USCCS,Cave City,Cave City,US,37.13333,-85.96667
USCCT,Calvert City,Calvert City,US,37.0333896,-88.3500362
USCD4,Coronado,Coronado,US,32.68333,-117.16667
USCDD,Camden,Camden,US,31.98333,-87.28333
USCDE,Camden,Camden,US,39.9448402,-75.1198911
USCDF,Candler,Candler,US,35.53333,-82.7
USCDU,Cedar Lake,Cedar Lake,US,43.4,-84.96667
USCDV,Cordova,Cordova,US,60.5443385,-145.7595063
USCDY,Conneaut,Conneaut,US,41.9440977,-80.5561011
USCDZ,Caledonia,Caledonia,US,42.78333,-85.51667
USCEC,Crescent City,Crescent City,US,41.7522404,-124.1978539
USCFF,Cherryfield,Cherryfield,US,44.6,-67.91667
USCFG,Chesterfield,Chesterfield,US,42.88333,-72.46667
USCG4,Clarksburg,Clarksburg,US,40.1887228,-74.4407064
USCGE,Cambridge,Cambridge,US,38.5700533,-76.077268
USCGF,Cape May,Cape May,US,38.93333,-74.91667
USCGJ,Cerro Gordo,Cerro Gordo,US,39.88333,-88.73333
USCGP,Capitola,Capitola,US,36.96667,-121.95
USCGW,Chickasaw,Chickasaw,US,30.76667,-88.06667
USCGX,Carthage,Carthage,US,36.25,-85.95
USCHI,Chicago,Chicago,US,41.8755616,-87.6244212
USCHS,Charleston,Charleston,US,32.7884363,-79.9399309
USCHT,Chester,Chester,US,39.849557,-75.3557458
USCI6,Chimayo,Chimayo,US,36,-105.93333
USCIB,Casselberry,Casselberry,US,28.68333,-81.33333
USCJ8,Cortland,Cortland,US,38.96667,-85.95
USCJC,Chinook,Chinook,US,46.26667,-123.93333
USCJO,Caro,Caro,US,43.48333,-83.4
USCK2,Cobbs Creek,Cobbs Creek,US,37.5,-76.38333
USCK9,Cockrell Hill,Cockrell Hill,US,32.73333,-96.88333
USCKG,Cherokee,Cherokee,US,34.75,-87.96667
USCKI,Catalina Island,Catalina Island,US,55.5481127,-133.2923757
USCLA,Claymont,Claymont,US,39.8000225,-75.4608941
USCLE,Cleveland,Cleveland,US,41.5,-81.66667
USCLM,Port Angeles,Port Angeles,US,48.118146,-123.430741
USCLQ,Chalmette,Chalmette,US,29.9427892,-89.9629372
USCLY,Clayton,Clayton,US,44.239491,-76.085776
USCM9,Carrier Mills,Carrier Mills,US,37.68333,-88.61667
USCMU,Cameron,Cameron,US,35.33333,-79.25
USCN3,Clayton,Clayton,US,34.86667,-83.4
USCNM,Carlsbad,Carlsbad,US,32.41667,-104.21667
USCO3,Claremont,Claremont,US,37.26667,-76.96667
USCO9,Copper Canyon,Copper Canyon,US,33.16667,-97.15
USCOB,Coos Bay,Coos Bay,US,43.3678937,-124.2174647
USCOJ,Cochranton,Cochranton,US,41.51667,-80.05
USCP6,Cove Point,Cove Point,US,38.36667,-76.38333
USCPT,Carpinteria,Carpinteria,US,34.3988838,-119.5184564
USCR5,Chester,Chester,US,40.61667,-80.56667
USCRB,Carrabelle,Carrabelle,US,29.8532645,-84.664348
USCRM,Crockett,Crockett,US,38.0525612,-122.2202603
USCRP,Corpus Christi,Corpus Christi,US,27.7635302,-97.4033191
USCRW,Charleston,Charleston,US,38.3505995,-81.6332812
USCS4,Saint Clair Shores,Saint Clair Shores,US,42.48333,-82.88333
USCS6,"Coxsackie, Greene","Coxsackie, Greene",US,42.35,-73.8
USCSF,Carteret,Carteret,US,40.5773266,-74.2282005
USCSJ,Carlisle,Carlisle,US,42.53333,-71.35
USCU2,Clute,Clute,US,29.01667,-95.4
USCU6,Colesburg,Colesburg,US,42.63333,-91.2
USCUM,Canaan,Canaan,US,42.01667,-73.33333
USCUQ,Caney,Caney,US,37.01667,-95.93333
USCUU,Cannelton,Cannelton,US,37.91667,-86.75
USCUZ,Carlisle,Carlisle,US,34.78333,-91.75
USCVG,Cincinnati,Cincinnati,US,39.1012809,-84.5127405
USCVI,Cape Vincent,Cape Vincent,US,44.1289247,-76.3342941
USCWF,Centerville,Centerville,US,45.15,-93.05
USCWQ,Center Valley,Center Valley,US,40.53333,-75.4
USCWU,Carroll,Carroll,US,39.8,-82.7
USCWW,Clarkesville,Clarkesville,US,34.61667,-83.53333
USCWX,Cleveland,Cleveland,US,38.68333,-94.6
USCWZ,Clinton,Clinton,US,42.55,-88.86667
USCXV,Clover,Clover,US,35.11667,-81.23333
USCY2,The Colony,The Colony,US,33.08333,-96.88333
USCYI,Cloverdale,Cloverdale,US,38.8,-123.01667
USCZI,Cassopolis,Cassopolis,US,41.9,-86
USD5W,Dagsboro,Dagsboro,US,38.53333,-75.23333
USDA8,Dauphin,Dauphin,US,40.36667,-76.91667
USDAV,Davenport,Davenport,US,37.0116166,-122.1919134
USDBQ,Dubuque,Dubuque,US,42.5006243,-90.6647985
USDC6,Dallas Center,Dallas Center,US,41.68333,-93.95
USDCB,DeKalb,DeKalb,US,41.91667,-88.75
USDCI,Delaware City,Delaware City,US,39.56667,-75.58333
USDCY,Dill City,Dill City,US,35.28333,-99.13333
USDD6,Linden Hill,Linden Hill,US,40.7,-73.91667
USDDR,Darien,Darien,US,42.6,-88.7
USDE3,Deridder,Deridder,US,30.846201,-93.289281
USDE5,Depue,Depue,US,41.31667,-89.3
USDEC,Decatur,Decatur,US,39.8454163,-88.9524151
USDET,Detroit,Detroit,US,42.31667,-83.03333
USDFU,Dunnellon,Dunnellon,US,29.03333,-82.45
USDGE,Chenango Bridge,Chenango Bridge,US,42.16667,-75.86667
USDHA,Daphne,Daphne,US,30.6,-87.9
USDHB,Bodega Bay,Bodega Bay,US,38.33333,-123.05
USDIA,Adrian,Adrian,US,43.93333,-90.6
USDIJ,Delhi,Delhi,US,39.1,-84.6
USDIV,Cedar River,Cedar River,US,45.4,-87.35
USDKH,Old Rock Hill,Old Rock Hill,US,31,-83.56667
USDKK,Dunkirk,Dunkirk,US,42.48333,-79.26667
USDLH,Duluth,Duluth,US,46.7838287,-92.1052679
USDM4,Diamondville,Diamondville,US,41.76667,-110.53333
USDN2,Del Norte,Del Norte,US,37.68333,-106.35
USDNE,Dane,Dane,US,43.25,-89.5
USDOG,"Douglas, Allegan","Douglas, Allegan",US,42.63333,-86.2
USDP5,Deer Park,Deer Park,US,38.51667,-122.46667
USDPH,Doniphan,Doniphan,US,36.61667,-90.81667
USDR3,Drytown,Drytown,US,38.43333,-120.85
USDRW,De Pere,De Pere,US,44.45,-88.05
USDSH,Deshler,Deshler,US,41.2,-83.88333
USDSL,Donalsonville,Donalsonville,US,31.03333,-84.86667
USDSM,Des Moines,Des Moines,US,41.5868654,-93.6249494
USDSR,Deshler,Deshler,US,40.13333,-97.71667
USDST,Adamston,Adamston,US,39.28333,-80.35
USDT4,De Tour Village,De Tour Village,US,45.98333,-83.9
USDTC,Delta,Delta,US,38.75,-108.06667
USDTP,Portland,Portland,US,27.86667,-97.31667
USDTT,Detroit,Detroit,US,39.6205965,-90.676732
USDU3,Dunmore,Dunmore,US,38.35,-79.86667
USDU5,De Funiak Springs,De Funiak Springs,US,30.71667,-86.1
USDUH,Duxbury,Duxbury,US,42.05,-70.66667
USDUP,Dupo,Dupo,US,38.5,-90.2
USDUT,Dutch Harbor,Dutch Harbor,US,53.8867533,-166.5418
USDVA,Delevan,Delevan,US,42.48333,-78.48333
USDVN,Davenport,Davenport,US,41.5224692,-90.5756401
USDVQ,Delmont,Delmont,US,40.4,-79.56667
USDVT,Davant,Davant,US,29.6085472,-89.8484005
USDVV,Davisville,Davisville,US,41.6133912,-71.4751298
USDWD,Deerwood,Deerwood,US,46.46667,-93.88333
USDWQ,Downsville,Downsville,US,42.06667,-74.98333
USDWX,De Witt,De Witt,US,40.38333,-96.91667
USDXX,Old Brookville,Old Brookville,US,40.81667,-73.6
USDY2,Dayton,Dayton,US,39.11667,-84.46667
USDZM,Dorchester,Dorchester,US,42.28333,-71.06667
USE2D,Eddington,Eddington,US,44.81667,-68.68333
USE2L,East Lake,East Lake,US,41.65,-81.45
USE2T,Etna,Etna,US,41.456416,-122.8938545
USE3K,Elk Horn,Elk Horn,US,37.3,-85.28333
USE5P,Deep Gap,Deep Gap,US,36.23333,-81.5
USEAZ,Mechanic Falls,Mechanic Falls,US,44.1,-70.38333
USEB4,Elbert,Elbert,US,39.21667,-104.53333
USEBZ,Ellabell,Ellabell,US,32.11667,-81.48333
USECH,East Chicago,East Chicago,US,41.6397857,-87.4548466
USECP,El Campo,El Campo,US,29.18333,-96.26667
USECR,Spencer,Spencer,US,35.68333,-80.43333
USEDL,Allendale,Allendale,US,33,-81.3
USEDV,Eddyville,Eddyville,US,37.08333,-88.06667
USEE8,Freeport,Freeport,US,40.66667,-79.68333
USEFN,East Freetown,East Freetown,US,41.76667,-70.95
USEFS,Etiwanda,Etiwanda,US,34.11667,-117.51667
USEGH,Effingham,Effingham,US,34.05,-79.75
USEHI,El Dorado Hills,El Dorado Hills,US,38.66667,-121.06667
USEHL,Bethlehem,Bethlehem,US,33.93333,-83.71667
USEIE,Bernie,Bernie,US,36.66667,-89.96667
USEIF,Madeira Beach,Madeira Beach,US,27.78333,-82.78333
USEJK,Macks Creek,Macks Creek,US,37.95,-92.96667
USEKA,Eureka,Eureka,US,40.8018746,-124.1707558
USEKB,East Keansburg,East Keansburg,US,40.43333,-74.11667
USEKI,Elkhart,Elkhart,US,41.6819935,-85.9766671
USEKT,Elkton,Elkton,US,36.8,-87.15
USEKZ,Elkton,Elkton,US,44.23333,-96.48333
USEL3,Ellwood,Ellwood,US,34.41667,-119.88333
USEL4,Elmer,Elmer,US,39.58333,-75.16667
USELS,El Segundo,El Segundo,US,33.917028,-118.4156337
USEM4,Emigrant Gap,Emigrant Gap,US,39.28333,-120.66667
USEM7,East Machias,East Machias,US,44.73333,-67.38333
USEMG,Emmetsburg,Emmetsburg,US,43.11667,-94.68333
USEMY,Emery,Emery,US,43.6,-97.61667
USEN5,Ennice,Ennice,US,36.5534632,-80.9959127
USENW,Kenosha,Kenosha,US,42.5846773,-87.8212263
USEOG,East Orange,East Orange,US,40.76667,-74.2
USEOM,Welcome,Welcome,US,30.05,-90.86667
USEOW,Edmonds,Edmonds,US,47.8105738,-122.3774952
USEOY,Eloy,Eloy,US,32.75,-111.55
USEPA,Earl Park,Earl Park,US,40.66667,-87.4
USEPE,Empire,Empire,US,29.38333,-89.6
USEPM,Eastport,Eastport,US,44.9,-66.98333
USEPY,East Point,East Point,US,37.75,-82.78333
USEQ4,East Lansing,East Lansing,US,42.73333,-84.48333
USEQE,East Dubuque,East Dubuque,US,42.48333,-90.63333
USEQW,Elwood,Elwood,US,41.4039201,-88.1117242
USEQZ,Ellport,Ellport,US,40.85,-80.25
USER2,Elk River,Elk River,US,45.3,-93.56667
USERE,Earl,Earl,US,35.18333,-81.53333
USERI,Erie,Erie,US,42.1294712,-80.0852695
USERN,Clermont,Clermont,US,43,-91.65
USERY,Elroy,Elroy,US,43.73333,-90.26667
USESC,Escanaba,Escanaba,US,45.7455707,-87.0647434
USESG,Estero,Estero,US,26.43333,-81.81667
USETI,Centerville,Centerville,US,40.91667,-111.86667
USETT,Etter,Etter,US,36.01667,-101.98333
USETW,Edgartown,Edgartown,US,41.38333,-70.51667
USEU3,Leucadia,Leucadia,US,33.06667,-117.3
USEUD,Eudora,Eudora,US,33.1,-91.25
USEUU,Placida,Placida,US,26.83333,-82.26667
USEV6,Eden,Eden,US,44.7,-72.53333
USEV7,Evendale,Evendale,US,39.25,-84.41667
USEVV,Evansville,Evansville,US,37.96667,-87.55
USEWB,New Bedford-Fall River Apt,New Bedford-Fall River Apt,US,41.676111,-70.956945
USEWG,Clearwater,Clearwater,US,45.41667,-94.05
USEWO,Bellwood,Bellwood,US,40.6,-78.33333
USEWR,Newark,Newark,US,40.73333,-74.16667
USEYW,Key West,Key West,US,24.5548262,-81.8020722
USF2S,Fawnskin,Fawnskin,US,34.26667,-116.93333
USFA2,Felda,Felda,US,26.53333,-81.43333
USFA3,Farmington,Farmington,US,36.66667,-88.51667
USFAI,Fairbanks,Fairbanks,US,64.837845,-147.716675
USFAU,Franklin Furnace,Franklin Furnace,US,38.63333,-82.83333
USFAV,Fall River,Fall River,US,41.7,-71.16667
USFBF,Flagler Beach,Flagler Beach,US,29.46667,-81.11667
USFCC,Forest City,Forest City,US,40.36667,-89.83333
USFCV,Francesville,Francesville,US,40.98333,-86.86667
USFDE,Fredericksburg,Fredericksburg,US,40.6767255,-81.8704168
USFDF,Fairfield,Fairfield,US,35.53333,-76.21667
USFEB,Fernandina Beach,Fernandina Beach,US,30.66667,-81.45
USFEL,Fellsmere,Fellsmere,US,27.76667,-80.6
USFFO,Buffalo,Buffalo,US,38.61667,-81.98333
USFGQ,Farmingville,Farmingville,US,40.81667,-73.01667
USFGX,Fairfield,Fairfield,US,33.58333,-83.81667
USFH2,Fair Haven,Fair Haven,US,40.36667,-74.03333
USFI3,Fiddletown,Fiddletown,US,38.5,-120.75
USFI7,Fleming Island,Fleming Island,US,30.08333,-81.71667
USFIK,Fishkill,Fishkill,US,41.53333,-73.9
USFJY,Deer Park,Deer Park,US,42.15,-88.08333
USFL8,Bal Harbour,Bal Harbour,US,25.88333,-80.11667
USFLL,Fort Lauderdale,Fort Lauderdale,US,26.11667,-80.13333
USFLZ,Florence,Florence,US,38.38333,-105.13333
USFMU,Fairmount,Fairmount,US,34.43333,-84.7
USFMW,"Fairmont, Will","Fairmont, Will",US,41.55,-88.05
USFNB,Freeland,Freeland,US,48,-122.53333
USFNE,Florence,Florence,US,34.78333,-87.66667
USFNF,Frankfort,Frankfort,US,44.63333,-86.23333
USFO9,Forestville,Forestville,US,38.46667,-122.88333
USFOB,Fort Bragg,Fort Bragg,US,39.4436579,-123.8057607
USFOC,Port Fourchon,Port Fourchon,US,29.1,-90.18333
USFPL,Fair Play,Fair Play,US,38.58333,-120.65
USFPO,Freeport,Freeport,US,28.9496782,-95.3461433
USFPR,Fort Pierce,Fort Pierce,US,27.4467056,-80.3256056
USFPT,Fairport Harbor Village,Fairport Harbor Village,US,41.75,-81.26667
USFR6,Four Oaks,Four Oaks,US,35.43333,-78.41667
USFSP,Friendship,Friendship,US,43.98333,-69.33333
USFSQ,Forest Dale,Forest Dale,US,43.81667,-73.05
USFSY,Falls City,Falls City,US,40.05,-95.6
USFTA,Forest Park,Forest Park,US,33.1201226,-91.950409
USFTC,Fort Calhoun,Fort Calhoun,US,41.45,-96.01667
USFTM,Fort Monmouth,Fort Monmouth,US,40.31667,-74.03333
USFU7,Sanford,Sanford,US,43.66667,-84.36667
USFVP,Fairview Park,Fairview Park,US,41.43333,-81.85
USFVR,Fort Recovery,Fort Recovery,US,40.4,-84.76667
USFW2,Floodwood,Floodwood,US,46.93333,-92.9
USFWZ,Green Town,Green Town,US,36.5142289,-91.5423634
USFZZ,Freedom,Freedom,US,40.68333,-80.25
USG2H,Glendale Heights,Glendale Heights,US,41.9,-88.06667
USG44,Garden Valley,Garden Valley,US,38.85,-120.85
USG77,Griswold,Griswold,US,41.58333,-71.91667
USG8Y,Guy,Guy,US,35.31667,-92.33333
USGA7,Garrison,Garrison,US,41.38333,-73.93333
USGAJ,Bagley,Bagley,US,47.51667,-95.4
USGBC,Gibson City,Gibson City,US,40.45,-88.36667
USGBV,Garberville,Garberville,US,40.100569,-123.796139
USGCA,Golconda,Golconda,US,40.95,-117.48333
USGCL,Coolidge,Coolidge,US,31,-83.86667
USGDJ,Guildhall,Guildhall,US,44.56667,-71.56667
USGDR,Gardiner,Gardiner,US,43.7301403,-124.1105965
USGEB,Greenboro,Greenboro,US,43.63333,-75.88333
USGEZ,Gilbertville,Gilbertville,US,42.31667,-72.2
USGG2,Gallatin Gateway,Gallatin Gateway,US,45.6,-111.21667
USGGE,Georgetown,Georgetown,US,33.3738233,-79.2886403
USGHC,Grays Harbor City,Grays Harbor City,US,46.98333,-123.95
USGHE,Ghent,Ghent,US,38.73333,-85.05
USGHN,Grand Haven,Grand Haven,US,43.0630734,-86.2283864
USGID,Gideon,Gideon,US,36.45,-89.91667
USGJQ,Glen Ridge,Glen Ridge,US,40.8,-74.2
USGKX,Glenwood,Glenwood,US,32.1799008,-82.6695802
USGLA,Goldendale,Goldendale,US,45.81667,-120.81667
USGLC,Gloucester City,Gloucester City,US,39.8918622,-75.1161897
USGLH,Greenville,Greenville,US,33.4111051,-91.0635857
USGLO,Gloucester,Gloucester,US,42.6153595,-70.6624608
USGLS,Galveston,Galveston,US,29.3056996,-94.7933252
USGM2,Gypsum,Gypsum,US,39.65,-106.95
USGME,Edgemere,Edgemere,US,39.23333,-76.45
USGNC,Garner,Garner,US,35.7,-78.6
USGNR,Garner,Garner,US,43.1,-93.6
USGNS,"Greenwood, Guernsey","Greenwood, Guernsey",US,39.91667,-81.46667
USGOH,Goshen,Goshen,US,41.85,-73.23333
USGON,New London-Groton Apt,New London-Groton Apt,US,41.33,-72.045
USGOP,Good Hope,Good Hope,US,29.98333,-90.4
USGP2,Gosport,Gosport,US,39.35,-86.66667
USGP4,Greenport,Greenport,US,41.1,-72.36667
USGPT,Gulfport,Gulfport,US,30.3674198,-89.0928155
USGPW,Grosse Point Woods,Grosse Point Woods,US,42.43333,-82.9
USGQJ,Big Stone City,Big Stone City,US,45.28333,-96.45
USGQQ,Galion,Galion,US,40.73333,-82.78333
USGRA,Grand Portage,Grand Portage,US,47.963776,-89.6848121
USGRB,Green Bay,Green Bay,US,44.51667,-88.01667
USGRR,Grand Rapids,Grand Rapids,US,42.9632425,-85.6678639
USGRY,Gramercy,Gramercy,US,30.0474239,-90.6898128
USGSF,Gales Ferry,Gales Ferry,US,41.41667,-72.08333
USGSQ,Gasport,Gasport,US,43.18333,-78.56667
USGT4,Gary,Gary,US,32.01667,-94.36667
USGT9,Gardendale,Gardendale,US,32.01667,-102.36667
USGTG,Grovetown,Grovetown,US,33.45,-82.15
USGUG,Guttenberg,Guttenberg,US,40.78333,-74
USGUM,Gulfmex Lightering Area,Gulfmex Lightering Area,US,27.75,-90.83333
USGVA,Gore,Gore,US,39.25,-78.31667
USGVB,Grover Beach,Grover Beach,US,35.11667,-120.61667
USGVR,Gansevoort,Gansevoort,US,43.18333,-73.65
USGVZ,Gordonville,Gordonville,US,40.01667,-76.13333
USGXH,Sag Harbor,Sag Harbor,US,41.01667,-72.3
USGXR,Gold River,Gold River,US,38.6,-121.26667
USGYY,Gary,Gary,US,41.6020962,-87.3370646
USGZB,Grabill,Grabill,US,41.2,-84.96667
USGZI,Granite City,Granite City,US,38.71667,-90.11667
USH2N,Hancock,Hancock,US,39.7,-78.18333
USH4H,Howland Hook,Howland Hook,US,40.63333,-74.18333
USH8N,Hudson,Hudson,US,41.51667,-85.06667
USH99,Henderson,Henderson,US,44.51667,-93.9
USH9R,Harris,Harris,US,43.43333,-95.41667
USH9S,Walnut Shade,Walnut Shade,US,36.71667,-93.18333
USHA7,Haleiwa,Haleiwa,US,21.58333,-158.1
USHAH,Hahnville,Hahnville,US,29.9765931,-90.4089708
USHB3,Harrisburg,Harrisburg,US,44.26667,-123.16667
USHB4,Harbor Beach,Harbor Beach,US,43.85,-82.65
USHBK,Hoboken,Hoboken,US,40.7433066,-74.0323752
USHCO,Hickory Creek,Hickory Creek,US,33.11667,-97.03333
USHEZ,Natchez,Natchez,US,31.5604076,-91.403171
USHG2,Hastings,Hastings,US,42.63333,-85.28333
USHGU,Huguenot,Huguenot,US,41.41667,-74.63333
USHGW,Huntington Woods,Huntington Woods,US,42.46667,-83.16667
USHH7,Southhaven,Southhaven,US,34.98333,-90.11667
USHHK,Ho-Ho-Kus,Ho-Ho-Kus,US,41,-74.1
USHHT,Harwood Heights,Harwood Heights,US,41.96667,-87.8
USHID,Hidalgo,Hidalgo,US,26.1,-98.26667
USHIF,Hill Air Force Base,Hill Air Force Base,US,41.11667,-111.98333
USHJD,Sugar City,Sugar City,US,43.86667,-111.73333
USHJS,Harbor Island,Harbor Island,US,27.9383866,-82.4517415
USHKG,"Hickory Grove, York","Hickory Grove, York",US,34.98333,-81.41667
USHL5,Havelock,Havelock,US,34.88333,-76.91667
USHLJ,Halls,Halls,US,36.13333,-88.16667
USHLM,Holland,Holland,US,42.78333,-86.1
USHM3,Hickman,Hickman,US,36.56667,-89.18333
USHM4,Herculaneum,Herculaneum,US,38.26667,-90.38333
USHM7,Hamilton,Hamilton,US,35.93333,-77.2
USHMR,Hamer,Hamer,US,43.91667,-112.2
USHN9,Huron,Huron,US,37.71667,-93.35
USHNL,Honolulu,Honolulu,US,21.3,-157.85
USHNS,Haines,Haines,US,59.2358333,-135.445
USHO7,Hooper,Hooper,US,41.15,-112.11667
USHOM,Homer,Homer,US,59.6454064,-151.5445643
USHOR,Homer,Homer,US,42.63333,-76.16667
USHOU,Houston,Houston,US,29.75,-95.35
USHPY,Baytown,Baytown,US,29.7355047,-94.9774274
USHQ2,Cold Spring Harbor,Cold Spring Harbor,US,40.86667,-73.45
USHQJ,Washington,Washington,US,30.6163073,-92.057063
USHR3,Hampton Roads Pt,Hampton Roads Pt,US,36.96667,-76.35
USHR4,Hector,Hector,US,42.5,-76.86667
USHR5,Hilger,Hilger,US,47.25,-109.35
USHRM,Hollister,Hollister,US,36.61667,-93.2
USHRQ,High Ridge,High Ridge,US,38.45,-90.53333
USHS2,Hackensack,Hackensack,US,46.93333,-94.51667
USHS3,Harbor Springs,Harbor Springs,US,45.43333,-84.98333
USHS6,Hallstead,Hallstead,US,41.96667,-75.75
USHSF,Hudson,Hudson,US,28.35,-82.7
USHU8,House Springs,House Springs,US,38.4,-90.56667
USHV2,Hughesville,Hughesville,US,41.28333,-76.71667
USHVG,Highland Village,Highland Village,US,33.091788,-97.0466759
USHVN,New Haven,New Haven,US,41.3082138,-72.9250518
USHWJ,Black Hawk,Black Hawk,US,39.78333,-105.48333
USHWN,Hagerstown,Hagerstown,US,39.9,-85.16667
USHWX,Hewlett,Hewlett,US,40.65,-73.68333
USHXD,Cumberland,Cumberland,US,36.96667,-82.98333
USHXF,Hungerford,Hungerford,US,29.4,-96.08333
USHXG,Hardinsburg,Hardinsburg,US,37.7800592,-86.4605337
USHXK,Haiku,Haiku,US,20.91667,-156.31667
USHXU,Hercules,Hercules,US,38.01667,-122.28333
USHZA,Saint Henry,Saint Henry,US,40.41667,-84.63333
USHZZ,Hawesville,Hawesville,US,37.9,-86.75
USIA2,Manning,Manning,US,41.9,-95.05
USIA3,Onawa,Onawa,US,42.01667,-96.08333
USIAB,Addison,Addison,US,44.61667,-67.75
USIAM,Miamisburg,Miamisburg,US,39.63333,-84.28333
USICH,Nicholls,Nicholls,US,31.51667,-82.63333
USIEG,Ingleside,Ingleside,US,42.36667,-88.13333
USIFL,Island Falls,Island Falls,US,46,-68.26667
USIFT,Clifton,Clifton,US,35.38333,-87.98333
USIGS,Big Stone,Big Stone,US,38.98333,-75.31667
USIIM,Williamston,Williamston,US,42.68333,-84.28333
USIIW,Williams,Williams,US,39.15,-122.15
USIJM,Benton City,Benton City,US,46.25,-119.48333
USILG,Wilmington,Wilmington,US,39.7459468,-75.546589
USILM,Wilmington,Wilmington,US,34.21667,-77.93333
USILW,Eleanor,Eleanor,US,38.53333,-81.93333
USINL,International Falls,International Falls,US,48.601033,-93.4105904
USINV,Madisonville,Madisonville,US,30.4,-90.16667
USINX,Mosinee,Mosinee,US,44.78333,-89.7
USIO2,Indian Orchard,Indian Orchard,US,42.1593462,-72.5017492
USIOA,Arion,Arion,US,41.95,-95.46667
USIOH,South Willamsport,South Willamsport,US,41.23333,-77
USIOR,Samoa,Samoa,US,40.78333,-124.2
USIPR,Millport,Millport,US,33.55,-88.06667
USIPX,Ship Island,Ship Island,US,30.2,-88.95
USIR2,Indian River City,Indian River City,US,28.56667,-80.8
USIS3,City Island,City Island,US,40.83333,-73.78333
USITN,Smithton,Smithton,US,40.15,-79.73333
USITO,Hilo,Hilo,US,19.7073734,-155.08158
USITV,Pittsville,Pittsville,US,44.43333,-90.11667
USIUH,Clendenin,Clendenin,US,38.48333,-81.33333
USIUK,Iuka,Iuka,US,34.8,-88.18333
USIVA,Isle,Isle,US,46.13333,-93.48333
USIVG,Incline Village,Incline Village,US,39.25,-119.98333
USIVK,Irvine,Irvine,US,37.68333,-83.96667
USIWO,Birchwood,Birchwood,US,45.66667,-91.55
USIYH,Miami Beach,Miami Beach,US,25.78333,-80.13333
USIZK,Renick,Renick,US,39.3428148,-92.4137908
USJ3C,Jacksonville,Jacksonville,US,42.3,-122.95
USJA2,Jamaica,Jamaica,US,37.7,-76.68333
USJAM,Jackman,Jackman,US,45.61667,-70.23333
USJAX,Jacksonville,Jacksonville,US,30.3262247,-81.6579179
USJAY,Jay,Jay,US,44.5,-70.21667
USJBG,Johnsburg,Johnsburg,US,42.38333,-88.25
USJBK,Berkeley,Berkeley,US,37.8708393,-122.272863
USJCQ,Warrensburg,Warrensburg,US,39.91667,-89.05
USJCX,Jacinto City,Jacinto City,US,29.76667,-95.23333
USJDT,Port Laudania,Port Laudania,US,26.05,-80.11667
USJE2,Jefferson Hills,Jefferson Hills,US,40.28333,-79.91667
USJE7,Renville,Renville,US,44.78333,-95.2
USJEC,Jersey City,Jersey City,US,40.7215682,-74.047455
USJFZ,Jefferson,Jefferson,US,36.41667,-81.46667
USJHO,District Heights,District Heights,US,38.85,-76.88333
USJJQ,Meadows of Dan,Meadows of Dan,US,36.73333,-80.38333
USJKF,Jakolof Bay,Jakolof Bay,US,59.45,-151.51667
USJMB,Jamesburg,Jamesburg,US,40.35,-74.43333
USJMC,Sausalito,Sausalito,US,37.8590272,-122.485469
USJMX,Climax,Climax,US,37.7197539,-96.2233333
USJNP,Newport Beach,Newport Beach,US,33.61667,-117.91667
USJNU,Juneau,Juneau,US,58.3019613,-134.4196751
USJO4,Saint Johns,Saint Johns,US,34.5058698,-109.360932
USJOA,Johnson,Johnson,US,36.13333,-94.16667
USJON,Jonesport,Jonesport,US,44.51667,-67.61667
USJPY,Jamesport,Jamesport,US,40.95,-72.58333
USJQJ,Santa Rosa Beach,Santa Rosa Beach,US,30.4,-86.23333
USJQK,Jacksboro,Jacksboro,US,36.31667,-84.18333
USJQQ,Concord,Concord,US,32.13333,-84.36667
USJS3,Jackson,Jackson,US,37.55,-83.36667
USJSA,Judsonia,Judsonia,US,35.26667,-91.63333
USJSY,Saint James City,Saint James City,US,26.48333,-82.08333
USJUK,Jenks,Jenks,US,36.01667,-95.96667
USJUY,Pembroke,Pembroke,US,43.13333,-71.45
USJVL,Janesville,Janesville,US,42.66667,-89.01667
USJWQ,West Milton,West Milton,US,39.95,-84.31667
USJWY,Frenchtown,Frenchtown,US,40.51667,-75.05
USJYR,Argyle,Argyle,US,43.2378488,-73.4912162
USK99,Knob Noster,Knob Noster,US,38.76667,-93.55
USKA7,Kailua,Kailua,US,21.4,-157.73333
USKAB,Kiska Harbour,Kiska Harbour,US,51.96667,177.56667
USKAG,Kaguyak,Kaguyak,US,56.86667,-153.78333
USKAJ,Land O'Lakes,Land O'Lakes,US,28.21667,-82.45
USKAY,Kaysville,Kaysville,US,41.03333,-111.93333
USKCK,Kansas City,Kansas City,US,39.1134562,-94.626497
USKDC,John F Kennedy Space Center/Cape Canaveral,John F Kennedy Space Center/Cape Canaveral,US,28.66667,-80.7
USKE7,Kenwood,Kenwood,US,38.4,-122.53333
USKGM,Kings Mills,Kings Mills,US,39.35,-84.25
USKHB,Keego Harbor,Keego Harbor,US,42.6,-83.33333
USKHW,Eleele,Eleele,US,21.91667,-159.58333
USKIH,Kihei,Kihei,US,20.78333,-156.45
USKIS,Kiska Island,Kiska Island,US,51.95,177.55
USKJH,Washington,Washington,US,41.65,-73.31667
USKKV,Miami River,Miami River,US,25.76667,-80.18333
USKL9,Kahuku,Kahuku,US,21.66667,-157.95
USKLS,Kelso,Kelso,US,46.1421249,-122.905299
USKMR,Kenmore,Kenmore,US,42.95,-78.86667
USKPP,Koppel,Koppel,US,40.83333,-80.31667
USKQC,Cheshire,Cheshire,US,38.95,-82.11667
USKSH,Hooksett,Hooksett,US,43.1,-71.46667
USKTN,Ketchikan,Ketchikan,US,55.3430696,-131.6466819
USKTT,Kitty Hawk,Kitty Hawk,US,36.06667,-75.7
USKTZ,Keota,Keota,US,35.16667,-94.91667
USKU4,Kendall Park,Kendall Park,US,40.41667,-74.55
USKUB,Kuluk Bay,Kuluk Bay,US,51.86667,-176.56667
USKW2,Konawa,Konawa,US,34.96667,-96.75
USKW7,Kawkawlin,Kawkawlin,US,43.65,-83.93333
USKWM,King William,King William,US,37.68333,-77
USKWU,Kewaunee,Kewaunee,US,44.45,-87.5
USKXK,Kittery,Kittery,US,43.08333,-70.73333
USKYP,Keyport,Keyport,US,47.7,-122.61667
USL2D,Little Deer Isle,Little Deer Isle,US,44.28333,-68.68333
USL2P,Lighthouse Point,Lighthouse Point,US,26.26667,-80.08333
USL3Y,West Grove,West Grove,US,39.81667,-75.81667
USL54,Lanesville,Lanesville,US,38.23333,-85.98333
USL55,Collegeville,Collegeville,US,37.9,-121.13333
USL5A,Lagunitas,Lagunitas,US,38,-122.7
USL99,Centerville,Centerville,US,39.8,-84.98333
USL9G,LaGrange,LaGrange,US,33.03333,-85.01667
USL9K,Longboat Key,Longboat Key,US,27.4,-82.65
USLA2,Lake Arrowhead,Lake Arrowhead,US,34.25,-117.18333
USLAT,Los Alamitos,Los Alamitos,US,33.8,-118.06667
USLAX,Los Angeles,Los Angeles,US,34.05,-118.25
USLB2,Lubec,Lubec,US,44.85,-66.98333
USLB9,Lansdowne-Baltimore,Lansdowne-Baltimore,US,39.23333,-76.65
USLBQ,Calabash,Calabash,US,33.88333,-78.56667
USLC2,Loup City,Loup City,US,41.28333,-98.96667
USLCF,Leitchfield,Leitchfield,US,37.46667,-86.28333
USLCH,Lake Charles,Lake Charles,US,30.2305095,-93.2169807
USLCJ,Long Branch,Long Branch,US,40.3,-74
USLDK,Baldwin,Baldwin,US,29.83333,-91.55
USLDM,Ludington,Ludington,US,43.9555406,-86.4477416
USLE3,Lake Elsinore,Lake Elsinore,US,33.66667,-117.33333
USLEQ,Lewis Center,Lewis Center,US,40.18333,-83
USLG2,Lake George,Lake George,US,43.43333,-73.71667
USLGB,Long Beach,Long Beach,US,33.76667,-118.18333
USLGK,La Grange,La Grange,US,40.05,-91.5
USLGZ,La Grange Highlands,La Grange Highlands,US,41.7815369,-87.8913307
USLH7,Lenard Harbour,Lenard Harbour,US,55.11667,-162.41667
USLHK,Little Hocking,Little Hocking,US,39.25,-81.7
USLIB,Liberty,Liberty,US,39.23333,-94.41667
USLIZ,Limestone,Limestone,US,46.9,-67.81667
USLLB,Lino Lakes,Lino Lakes,US,45.15,-93.13333
USLLC,Leland,Leland,US,34.25,-78.03333
USLLJ,Gordonville,Gordonville,US,36.83333,-87.01667
USLLM,Stillmore,Stillmore,US,32.43333,-82.2
USLLU,Los Lunas,Los Lunas,US,34.8,-106.71667
USLMY,Lemay,Lemay,US,38.53333,-90.26667
USLN5,Linnton,Linnton,US,45.6,-122.78333
USLO7,Lodi,Lodi,US,42.6,-76.81667
USLO8,Louisiana Offshore Oil Port (Loop),Louisiana Offshore Oil Port (Loop),US,28.88333,-90.01667
USLO9,Loop Terminal,Loop Terminal,US,28.88333,-90.01667
USLOG,Longview,Longview,US,46.1377048,-122.934462
USLOR,Lorain,Lorain,US,41.4673238,-82.1781904
USLP2,Lupton,Lupton,US,44.41667,-84.01667
USLPQ,Lake Park,Lake Park,US,26.8,-80.06667
USLR3,Little River,Little River,US,33.86667,-78.61667
USLRC,Long Reach,Long Reach,US,39.48333,-81.08333
USLRP,Lake Orion,Lake Orion,US,42.78333,-83.23333
USLS4,Lakeshore,Lakeshore,US,40.88333,-122.38333
USLTG,Little Genesee,Little Genesee,US,42.01667,-78.2
USLTZ,Lutz,Lutz,US,28.15,-82.45
USLU7,Lake Huntington,Lake Huntington,US,41.68333,-74.98333
USLU8,Port Of South Louisiana,Port Of South Louisiana,US,30.05,-90.5
USLUF,Blue Earth,Blue Earth,US,43.63333,-94.1
USLUI,Louisville,Louisville,US,38.23333,-85.76667
USLUU,Le Sueur,Le Sueur,US,44.45,-93.9
USLVU,Lawrenceburg,Lawrenceburg,US,39.090891,-84.8499504
USLW5,Lawton,Lawton,US,42.16667,-85.83333
USLWD,Lewisport,Lewisport,US,37.93333,-86.9
USLWE,Lawrence,Lawrence,US,40.61667,-73.71667
USLWM,Lawrence,Lawrence,US,42.7070354,-71.1631137
USLWY,Lowell,Lowell,US,36.25,-94.11667
USLX8,Spillville,Spillville,US,43.2,-91.95
USLXQ,Llano,Llano,US,34.5,-117.81667
USLXW,Blawnox,Blawnox,US,40.5,-79.86667
USLYM,Lynn Haven,Lynn Haven,US,30.23333,-85.65
USLYR,Lyerly,Lyerly,US,34.4,-85.4
USLZC,Lancaster,Lancaster,US,48.85,-96.81667
USLZV,Landing,Landing,US,40.9,-74.65
USM2B,Milburn,Milburn,US,34.23333,-96.53333
USM2P,Midway Park,Midway Park,US,34.71667,-77.33333
USM2S,Osceola,Osceola,US,38.05,-93.7
USM44,Middletown,Middletown,US,39.43333,-77.53333
USM47,Molena,Molena,US,33.01667,-84.5
USM4I,Miami Shores,Miami Shores,US,25.85,-80.18333
USM4U,Turners Falls,Turners Falls,US,42.58333,-72.55
USM4X,Monroe,Monroe,US,44.25,-72.05
USM5V,Morrisonville,Morrisonville,US,39.41667,-89.45
USM8N,Mendon,Mendon,US,42.98333,-77.5
USM9O,Monmouth Beach,Monmouth Beach,US,40.31667,-73.96667
USMAH,Marcus Hook,Marcus Hook,US,39.81667,-75.41667
USMCD,Mackinac Island,Mackinac Island,US,45.84907,-84.6198572
USMCR,Manchester,Manchester,US,47.55,-122.53333
USMD5,Meredith,Meredith,US,43.66667,-71.5
USMEM,Memphis,Memphis,US,35.1460249,-90.0517638
USMES,Minneapolis,Minneapolis,US,44.9772995,-93.2654692
USMF6,McFarland,McFarland,US,43.01667,-89.3
USMG5,Malaga,Malaga,US,47.35,-120.18333
USMGF,Melvindale,Melvindale,US,42.26667,-83.16667
USMGQ,Mount Gilead,Mount Gilead,US,35.2,-80
USMH2,Marblehead,Marblehead,US,42.5,-70.85
USMH8,Manhasset,Manhasset,US,40.8,-73.7
USMI3,Calcite,Calcite,US,45.4,-83.78333
USMIA,Miami,Miami,US,25.7741566,-80.1935973
USMKC,Kansas City,Kansas City,US,39.1,-94.56667
USMKE,Milwaukee,Milwaukee,US,43.0386475,-87.9090751
USMKG,Muskegon,Muskegon,US,43.21667,-86.23333
USMKI,Mukilteo,Mukilteo,US,47.95,-122.3
USMKJ,McKees Rocks,McKees Rocks,US,40.45,-80.05
USMKW,Mill Creek,Mill Creek,US,47.85,-122.2
USMKZ,Mukwonago,Mukwonago,US,42.86667,-88.33333
USMN5,Menemsha,Menemsha,US,41.35,-70.76667
USMNH,Manhattan/New York,Manhattan/New York,US,40.78333,-73.96667
USMOB,Mobile,Mobile,US,30.6913462,-88.0437509
USMP2,Mauckport,Mauckport,US,38.01667,-86.2
USMP5,Machesney Park,Machesney Park,US,42.33333,-89.05
USMP7,Mediapolis,Mediapolis,US,41,-91.15
USMPP,Morgans Point,Morgans Point,US,29.676389,-94.999444
USMR2,Marseilles,Marseilles,US,41.31667,-88.7
USMRH,Morehead City,Morehead City,US,34.7229391,-76.7260436
USMRQ,Milford,Milford,US,39.16667,-84.28333
USMRT,Morristown,Morristown,US,44.586555,-75.648422
USMS6,Mims,Mims,US,28.66667,-80.85
USMSY,New Orleans,New Orleans,US,29.9561422,-90.0733934
USMT5,Milton,Milton,US,44.63333,-73.11667
USMT6,Mentone,Mentone,US,34.56667,-85.58333
USMTK,Mount Carmel,Mount Carmel,US,40.78333,-76.4
USMTM,Metlakatla,Metlakatla,US,55.1264094,-131.57846
USMTW,Manitowoc,Manitowoc,US,44.0886059,-87.6575841
USMU4,Mountain,Mountain,US,45.18333,-88.46667
USMW3,Moscow,Moscow,US,41.55,-91.1
USMW4,Millwood,Millwood,US,38.88333,-81.86667
USMXP,Meraux,Meraux,US,29.91667,-89.93333
USMY3,Monterey,Monterey,US,36.6,-121.9
USMY6,Mayo,Mayo,US,35.08333,-81.85
USMYC,Mystic,Mystic,US,41.35,-71.95
USMYG,Myrtle Grove,Myrtle Grove,US,29.9343705,-89.9339562
USN2R,North Houston,North Houston,US,29.91667,-95.5
USN3E,Goehner,Goehner,US,40.81667,-97.21667
USN4B,North Beach,North Beach,US,38.7,-76.51667
USN5B,Niobrara,Niobrara,US,42.75,-98.01667
USN5T,New Tripoli,New Tripoli,US,40.66667,-75.75
USN8P,Neponset,Neponset,US,41.28333,-89.78333
USN99,North Bay Village,North Bay Village,US,25.83333,-80.15
USNAK,Natick,Natick,US,42.28333,-71.35
USNAU,North Augusta,North Augusta,US,33.46667,-81.98333
USNB4,Neets Bay,Neets Bay,US,55.78333,-131.6
USNBD,New Bedford,New Bedford,US,41.63333,-70.93333
USNBL,New Bloomfield,New Bloomfield,US,38.71667,-92.08333
USNCM,Norco,Norco,US,29.9990924,-90.4123042
USNCX,Norcross,Norcross,US,37.35,-80.7
USNCY,New Caney,New Caney,US,30.15,-95.2
USNDA,Neodesha,Neodesha,US,37.41667,-95.66667
USNDB,North Dartmouth,North Dartmouth,US,41.63333,-70.96667
USNE5,Shelby,Shelby,US,41.18333,-97.41667
USNED,New London,New London,US,41.08333,-82.4
USNEJ,Necedah,Necedah,US,44.03333,-90.06667
USNEW,Destrehan,Destrehan,US,29.960933,-90.3705407
USNFE,Newfane,Newfane,US,43.28333,-78.71667
USNFR,New Freedom,New Freedom,US,39.73333,-76.7
USNGZ,Alameda,Alameda,US,37.7652076,-122.241635
USNH2,New Haven,New Haven,US,38.6,-91.21667
USNHM,Northampton,Northampton,US,42.33333,-72.63333
USNHN,New Hudson,New Hudson,US,42.5,-83.6
USNHQ,North Hartland,North Hartland,US,43.58333,-72.35
USNI2,Norman,Norman,US,38.95,-86.26667
USNIJ,Nawiliwili,Nawiliwili,US,21.96667,-159.36667
USNIX,Nixon,Nixon,US,41.93333,-76.13333
USNJF,Fairton,Fairton,US,39.36667,-75.21667
USNJQ,Terrebonne,Terrebonne,US,44.35,-121.16667
USNK3,Noank,Noank,US,41.3256953,-71.9877692
USNKO,Anadarko,Anadarko,US,35.06667,-98.23333
USNLI,New Lisbon,New Lisbon,US,43.86667,-90.15
USNM2,New Martinsville,New Martinsville,US,39.63333,-80.86667
USNMA,Marshall,Marshall,US,35.78333,-82.68333
USNMH,Champlin,Champlin,US,45.18333,-93.38333
USNNS,Newport News,Newport News,US,36.96667,-76.41667
USNOQ,Nelsonia,Nelsonia,US,37.81667,-75.58333
USNOW,Norwell,Norwell,US,42.15,-70.78333
USNOZ,Newport,Newport,US,44.83333,-69.28333
USNP7,New Enterprise,New Enterprise,US,40.16667,-78.4
USNPC,Neptune City,Neptune City,US,40.2,-74.01667
USNPO,Newport,Newport,US,44.63333,-124.05
USNPT,Newport,Newport,US,41.4899827,-71.3137707
USNPX,New Providence,New Providence,US,40.68333,-74.4
USNQH,Annisquam Harbour,Annisquam Harbour,US,42.66667,-70.68333
USNQV,New London,New London,US,39.58333,-91.4
USNQZ,North Rose,North Rose,US,43.18333,-76.88333
USNRP,"Newport, Perry","Newport, Perry",US,40.46667,-77.11667
USNSB,New Smyrna Beach,New Smyrna Beach,US,29.03333,-80.93333
USNSC,North Sioux City,North Sioux City,US,42.51667,-96.46667
USNSV,Mannsville,Mannsville,US,43.71667,-76.06667
USNSX,New Castle,New Castle,US,39.5714753,-107.534965
USNTD,Port Hueneme,Port Hueneme,US,34.13333,-119.18333
USNTR,Norton Shores,Norton Shores,US,43.15,-86.25
USNTS,North Charleston,North Charleston,US,32.8546197,-79.9748103
USNVA,Navarre,Navarre,US,30.4,-86.85
USNVV,Coconut Grove,Coconut Grove,US,25.71667,-80.25
USNW2,North Wildwood,North Wildwood,US,38.98333,-74.81667
USNWZ,Newington,Newington,US,43.1,-70.81667
USNXL,Norwood,Norwood,US,39.88333,-75.3
USNXR,Gardiner,Gardiner,US,41.66667,-74.15
USNXZ,Nesbit,Nesbit,US,34.86667,-90
USNY5,North Salem,North Salem,US,41.33333,-73.56667
USNYC,New York,New York,US,40.7,-74
USNYI,"Stony Point, Rockland","Stony Point, Rockland",US,41.23333,-73.98333
USNYU,Nassau,Nassau,US,42.5,-73.6
USNYX,Nyack,Nyack,US,41.08333,-73.91667
USNZQ,Needmore,Needmore,US,39.83333,-78.13333
USO82,Odessa,Odessa,US,45.25,-96.31667
USOAK,Oakland,Oakland,US,37.8044557,-122.271356
USOAM,Ocean Gate,Ocean Gate,US,39.91667,-74.13333
USOAX,Asotin,Asotin,US,46.33333,-117.05
USOB2,Oak Bluffs,Oak Bluffs,US,41.45,-70.56667
USOBC,Orange Beach,Orange Beach,US,30.28333,-87.56667
USOBI,Obion,Obion,US,36.25,-89.18333
USOC7,Ocoee,Ocoee,US,35.11667,-84.71667
USOCP,Oceanport,Oceanport,US,40.31667,-74.01667
USOCX,Ocean View,Ocean View,US,38.5476327,-75.0881312
USODT,South Dartmouth,South Dartmouth,US,41.58333,-70.93333
USOEG,Oregon,Oregon,US,41.63333,-83.48333
USOEN,Goshen,Goshen,US,41.4,-74.31667
USOFX,Colfax,Colfax,US,36.1,-80
USOGG,Kahului,Kahului,US,20.88333,-156.46667
USOGS,Ogdensburg,Ogdensburg,US,44.6975256,-75.4924943
USOGY,Oglesby,Oglesby,US,41.28333,-89.05
USOI7,Three Oaks,Three Oaks,US,41.78333,-86.6
USOIS,Meredosia,Meredosia,US,39.83333,-90.56667
USOIT,Lolita,Lolita,US,28.83333,-96.53333
USOJL,Thenard,Thenard,US,33.78333,-118.23333
USOK9,Saint Louis,Saint Louis,US,35.06667,-96.85
USOKV,Oakville,Oakville,US,41.58333,-73.08333
USOKX,Okemos,Okemos,US,42.71667,-84.41667
USOL2,Oleum,Oleum,US,38.03333,-122.23333
USOLM,Olympia,Olympia,US,47.0451022,-122.8950075
USOLS,Nogales,Nogales,US,31.3402134,-110.936081
USOMA,Omaha,Omaha,US,41.2587459,-95.9383758
USOMD,Romoland,Romoland,US,33.73333,-117.16667
USOME,Nome,Nome,US,64.4975098,-165.4061701
USOMM,Commerce Township,Commerce Township,US,42.56667,-83.48333
USOMU,Solomons,Solomons,US,38.31667,-76.45
USOMW,Castile,Castile,US,42.61667,-78.05
USONA,Winona,Winona,US,44.05,-91.63333
USONG,Ontonagon,Ontonagon,US,46.86667,-89.28333
USOO9,Monmouth,Monmouth,US,44.83333,-123.21667
USOOM,Bloomer,Bloomer,US,45.1,-91.48333
USOPB,Copan,Copan,US,36.9,-95.93333
USOR8,Glendale,Glendale,US,42.73333,-123.41667
USORF,Norfolk,Norfolk,US,36.8493695,-76.2899539
USORH,Worcester,Worcester,US,42.2625621,-71.8018877
USOS3,Oskaloosa,Oskaloosa,US,39.2,-95.3
USOSM,Selma,Selma,US,42.26667,-123.6
USOSV,Ottsville,Ottsville,US,40.46667,-75.16667
USOSW,Oswego,Oswego,US,43.45,-76.5
USOSZ,Orca,Orca,US,60.56667,-145.7
USOT5,Ontario,Ontario,US,40.75,-82.58333
USOTH,North Bend,North Bend,US,43.4065089,-124.2242824
USOTL,Ottawa Lake,Ottawa Lake,US,41.75,-83.73333
USOTM,Ottumwa,Ottumwa,US,41.0195659,-92.4116886
USOV3,Osterville,Osterville,US,41.63333,-70.38333
USOW4,Point Wells,Point Wells,US,47.78333,-122.4
USOWB,Owensboro,Owensboro,US,37.7742152,-87.1133304
USOXR,Ventura-Oxnard Apt,Ventura-Oxnard Apt,US,34.200833,-119.207222
USOYH,Boothbay Harbor,Boothbay Harbor,US,43.85,-69.63333
USOYY,Troy,Troy,US,38,-86.8
USOZN,South Ozone Park,South Ozone Park,US,40.66667,-73.81667
USP2L,Pleasant Lake,Pleasant Lake,US,41.56667,-85
USP3N,Chappaqua,Chappaqua,US,41.15,-73.75
USP43,Priceville,Priceville,US,34.5250932,-86.8947271
USP64,Palmetto Bay,Palmetto Bay,US,25.61667,-80.31667
USP77,Panora,Panora,US,41.68333,-94.35
USP9O,Pinto Island,Pinto Island,US,30.66667,-88.01667
USPA2,Point Arena,Point Arena,US,38.9,-123.68333
USPA9,Greentown,Greentown,US,41.31667,-75.3
USPAA,Pine Apple,Pine Apple,US,31.86667,-86.98333
USPAE,Everett,Everett,US,47.9793437,-122.2127011
USPAH,Paducah,Paducah,US,37.08333,-88.61667
USPAL,Port Allen,Port Allen,US,21.9,-159.58333
USPAS,Pasadena,Pasadena,US,29.68333,-95.2
USPAY,Perth Amboy,Perth Amboy,US,40.5133218,-74.2724241
USPB4,Pensacola Beach,Pensacola Beach,US,30.33333,-87.13333
USPB7,Cape Blanco,Cape Blanco,US,42.83333,-124.56667
USPBE,Palatine Bridge,Palatine Bridge,US,42.91667,-74.56667
USPBI,West Palm Beach,West Palm Beach,US,26.715364,-80.0532942
USPCP,Patchogue,Patchogue,US,40.76667,-73.01667
USPCV,Port Canaveral,Port Canaveral,US,28.4,-80.6
USPDI,Port Madison,Port Madison,US,47.7,-122.56667
USPDX,Portland,Portland,US,45.5202471,-122.674194
USPE2,Port Ewen,Port Ewen,US,41.9,-73.98333
USPEA,Pearl Harbor,Pearl Harbor,US,21.34927,-157.94397
USPEB,Port Elizabeth,Port Elizabeth,US,39.3,-74.96667
USPEF,Port Everglades,Port Everglades,US,26.1,-80.13333
USPFN,Panama City,Panama City,US,30.1586518,-85.6602936
USPG8,Pound Ridge,Pound Ridge,US,41.2,-73.56667
USPGE,Pagedale,Pagedale,US,38.68333,-90.3
USPGH,Port Gamble,Port Gamble,US,47.85,-122.58333
USPGL,Pascagoula,Pascagoula,US,30.3646795,-88.5585995
USPGQ,Puget Sound,Puget Sound,US,47.81667,-122.43333
USPGX,Pillager,Pillager,US,46.33333,-94.46667
USPGY,"Spring Valley, San Diego","Spring Valley, San Diego",US,32.73333,-116.98333
USPGZ,Palo Pinto,Palo Pinto,US,32.76667,-98.28333
USPHL,Philadelphia,Philadelphia,US,39.9527237,-75.1635262
USPHN,Port Huron,Port Huron,US,42.96667,-82.41667
USPI7,Pleasant Island,Pleasant Island,US,44.9978306,-70.8367361
USPIE,Saint Petersburg,Saint Petersburg,US,27.76667,-82.68333
USPIS,Port Isabel,Port Isabel,US,26.0734119,-97.2085844
USPIT,Pittsburgh,Pittsburgh,US,40.4406968,-80.0025666
USPIW,Pilottown,Pilottown,US,29.18333,-89.25
USPK3,Parks,Parks,US,35.26667,-111.95
USPKT,Parkton,Parkton,US,34.9,-79
USPLL,Port Allen,Port Allen,US,30.45,-91.2
USPLP,Pleasant Prairie,Pleasant Prairie,US,42.55,-87.93333
USPLU,Port Ludlow,Port Ludlow,US,47.91667,-122.68333
USPLV,Port Lavaca,Port Lavaca,US,28.6,-96.61667
USPM3,Port Monmouth,Port Monmouth,US,40.43333,-74.1
USPM4,"Port Morris, Bronx","Port Morris, Bronx",US,40.8,-73.91667
USPM8,Pilot Mountain,Pilot Mountain,US,36.38333,-80.46667
USPME,Port Manatee,Port Manatee,US,27.63333,-82.55
USPMV,Port MacKenzie,Port MacKenzie,US,61.26667,-149.91667
USPMZ,Palmertown,Palmertown,US,40.46667,-79.16667
USPNJ,Port Newark,Port Newark,US,40.68333,-74.11667
USPNS,Pensacola,Pensacola,US,30.421309,-87.2169149
USPO2,Port Orford,Port Orford,US,42.75,-124.5
USPO7,Ponsford,Ponsford,US,46.96667,-95.38333
USPO8,Pompton,Pompton,US,40.98333,-74.26667
USPOA,Port Arthur,Port Arthur,US,29.88333,-93.91667
USPOB,Port Bolivar,Port Bolivar,US,29.36667,-94.75
USPOD,Porterdale,Porterdale,US,33.56667,-83.88333
USPOJ,Portage,Portage,US,41.58333,-87.2
USPOW,Port Washington,Port Washington,US,40.81667,-73.68333
USPP3,Point Pleasant Beach,Point Pleasant Beach,US,40.08333,-74.05
USPP4,Powells Point,Powells Point,US,36.15,-75.85
USPP5,Point Conception,Point Conception,US,34.45,-120.46667
USPP9,Prospect,Prospect,US,37.3,-78.55
USPPS,Pennsauken,Pennsauken,US,39.95,-75.05
USPQM,Palm,Palm,US,40.41667,-75.53333
USPQN,Pequannock,Pequannock,US,40.95,-74.28333
USPRS,Point Roberts,Point Roberts,US,48.98333,-123.06667
USPRY,Port Blakely,Port Blakely,US,47.6,-122.5
USPS3,Prairie du Sac,Prairie du Sac,US,43.28333,-89.71667
USPS6,Pearson,Pearson,US,45.35,-89
USPS9,Preston,Preston,US,42.08333,-111.86667
USPSJ,Port Saint Joe,Port Saint Joe,US,29.8,-85.3
USPSL,Port San Luis,Port San Luis,US,35.16667,-120.75
USPSM,Portsmouth,Portsmouth,US,43.0751306,-70.7601826
USPT7,Prichard,Prichard,US,38.23333,-82.58333
USPTJ,Port Jefferson,Port Jefferson,US,40.93333,-73.06667
USPTM,Portsmouth,Portsmouth,US,36.83333,-76.3
USPVC,Provincetown,Provincetown,US,42.0525612,-70.1858639
USPVD,Providence,Providence,US,41.8239891,-71.4128343
USPWG,Paterson,Paterson,US,45.93333,-119.6
USPWM,Portland,Portland,US,43.6573605,-70.2586618
USPWQ,Portland,Portland,US,42.8692006,-84.9030517
USPWT,Bremerton,Bremerton,US,47.5653663,-122.6246836
USPXD,South Padre Island,South Padre Island,US,26.1,-97.15
USPY6,Paisley,Paisley,US,28.98333,-81.53333
USPYB,Perryman,Perryman,US,39.46667,-76.2
USPZH,Port Chicago,Port Chicago,US,38.05,-122.01667
USQAC,Cato,Cato,US,43.16667,-76.56667
USQAI,Clare,Clare,US,42.01667,-88.83333
USQAP,Creekside,Creekside,US,40.66667,-79.18333
USQCB,Claysburg,Claysburg,US,40.3,-78.45
USQCC,Chevy Chase,Chevy Chase,US,38.96667,-77.08333
USQCH,Carthage,Carthage,US,43.98333,-75.61667
USQCN,Coal Center,Coal Center,US,40.06667,-79.9
USQCQ,Chautauqua,Chautauqua,US,42.2,-79.46667
USQCZ,Cozad,Cozad,US,40.85,-99.98333
USQDM,Elmont,Elmont,US,40.7,-73.7
USQDQ,DeQuincy,DeQuincy,US,30.45,-93.41667
USQDU,Lexington,Lexington,US,39.1851824,-93.8828515
USQDV,Devenscrest,Devenscrest,US,42.55,-71.56667
USQDY,Dolgeville,Dolgeville,US,43.1,-74.76667
USQEB,Edinboro,Edinboro,US,41.86667,-80.11667
USQEI,Ewing,Ewing,US,40.26667,-74.8
USQEO,Earlington,Earlington,US,37.26667,-87.5
USQET,East Setauket,East Setauket,US,40.93333,-73.1
USQEV,Earlville,Earlville,US,42.46667,-91.26667
USQEW,Erwins,Erwins,US,42.1,-77.13333
USQEY,Eakly,Eakly,US,35.3,-98.55
USQFA,Fort Davis,Fort Davis,US,30.58333,-103.88333
USQFC,Fairmont City,Fairmont City,US,41.01667,-79.31667
USQFI,Ferriday,Ferriday,US,31.61667,-91.55
USQFM,Farmington Hill,Farmington Hill,US,41.91667,-77.23333
USQFU,Fort Lupton,Fort Lupton,US,40.08333,-104.8
USQFY,Fairmont City,Fairmont City,US,38.63333,-90.08333
USQGB,Grand Blanc,Grand Blanc,US,42.91667,-83.61667
USQGT,Garrett,Garrett,US,41.33333,-85.13333
USQGX,Goldthwaite,Goldthwaite,US,31.43333,-98.56667
USQHA,Hatton,Hatton,US,47.63333,-97.45
USQHE,Hooker,Hooker,US,36.85,-101.2
USQHG,Huger,Huger,US,33.08333,-79.8
USQHH,Ambrose Channel Light,Ambrose Channel Light,US,40.45,-73.83333
USQHK,Hopkinton,Hopkinton,US,42.33333,-91.23333
USQHS,Mount Holly Springs,Mount Holly Springs,US,40.11667,-77.18333
USQHT,Huber Heights,Huber Heights,US,39.83333,-84.11667
USQIL,Idabel,Idabel,US,33.88333,-94.81667
USQIM,Coldwater,Coldwater,US,32.7,-89.2
USQIS,Inverness,Inverness,US,38.1,-122.85
USQJB,Jobstown,Jobstown,US,40.03333,-74.68333
USQJC,Lake Park,Lake Park,US,43.45,-95.31667
USQJZ,Scales Mound,Scales Mound,US,42.46667,-90.25
USQKC,Kimberling City,Kimberling City,US,36.63333,-93.41667
USQKK,Keswick,Keswick,US,41.45,-92.23333
USQKM,Ketchum,Ketchum,US,43.66667,-114.35
USQLF,Linn Creek,Linn Creek,US,38.03333,-92.7
USQLH,Laurelville,Laurelville,US,39.46667,-82.73333
USQLI,Loves Park,Loves Park,US,42.31667,-89.05
USQLO,Leonia,Leonia,US,40.85,-73.98333
USQLR,Laureldale,Laureldale,US,40.38333,-75.91667
USQLT,Loretto,Loretto,US,40.5,-78.61667
USQLY,Lyles,Lyles,US,35.91667,-87.33333
USQMC,McLeansville,McLeansville,US,36.1,-79.65
USQMK,Markleville,Markleville,US,39.96667,-85.6
USQMM,Marne,Marne,US,43.03333,-85.81667
USQMU,Mantua,Mantua,US,39.78333,-75.16667
USQMW,McCleary,McCleary,US,47.05,-123.25
USQNE,Newportville,Newportville,US,40.11667,-74.9
USQNM,North Miami,North Miami,US,25.88333,-80.18333
USQNN,New Ipswich,New Ipswich,US,42.73333,-71.85
USQNV,Nokesville,Nokesville,US,38.68333,-77.56667
USQOA,Olyphant,Olyphant,US,41.46667,-75.6
USQOC,Port Orchard,Port Orchard,US,47.53333,-122.63333
USQOP,Oak Park,Oak Park,US,41.88333,-87.78333
USQOR,Moravia,Moravia,US,40.88333,-92.8
USQOT,Olton,Olton,US,34.18333,-102.13333
USQPD,Poland,Poland,US,41.01667,-80.6
USQPH,Pocahontas,Pocahontas,US,35.63333,-86.03333
USQPM,Pamplin,Pamplin,US,37.25,-78.66667
USQPN,Peconic,Peconic,US,41.03333,-72.45
USQPR,Port Eads,Port Eads,US,29,-89.16667
USQPS,Pine Bluffs,Pine Bluffs,US,41.16667,-104.06667
USQPX,Prosper,Prosper,US,33.23333,-96.8
USQPY,Pine Plains,Pine Plains,US,41.96667,-73.65
USQPZ,South Fallsburg,South Fallsburg,US,41.703874,-74.632563
USQQN,River Ridge,River Ridge,US,29.95,-90.2
USQQX,Steelton,Steelton,US,40.23333,-76.83333
USQR5,Grimes,Grimes,US,39.06667,-121.88333
USQRI,Burlison,Burlison,US,35.55,-89.78333
USQRL,Erial,Erial,US,39.76667,-75
USQSG,Spring Green,Spring Green,US,43.16667,-90.06667
USQSK,Saco,Saco,US,43.5,-70.45
USQST,Stoystown,Stoystown,US,40.1,-78.93333
USQSW,South Walpole,South Walpole,US,42.1,-71.25
USQTB,Tabor City,Tabor City,US,34.13333,-78.86667
USQTF,Three Forks Junction,Three Forks Junction,US,45.88333,-111.58333
USQTH,Tomah,Tomah,US,43.96667,-90.5
USQTI,Trinity,Trinity,US,33.58333,-85.86667
USQTN,Tornillo,Tornillo,US,31.43333,-106.08333
USQTO,Tonica,Tonica,US,41.2,-89.06667
USQTY,Terry,Terry,US,32.08333,-90.28333
USQUI,Quincy,Quincy,US,39.91667,-120.91667
USQUS,Upper Saint Regis,Upper Saint Regis,US,44.4,-74.26667
USQWD,Waelder,Waelder,US,29.68333,-97.28333
USQWI,Fountain Hills,Fountain Hills,US,33.6117105,-111.717361
USQWL,Willimantic,Willimantic,US,41.7,-72.2
USQWW,Wynnewood,Wynnewood,US,40,-75.26667
USQXY,Browns Mills,Browns Mills,US,39.96667,-74.58333
USQYL,Loudonville,Loudonville,US,42.7,-73.75
USQZJ,Windsor,Windsor,US,44.3,-69.56667
USQZN,New Point,New Point,US,37.35,-76.28333
USR2V,Rockville,Rockville,US,37.71667,-77.66667
USR34,Rootstown,Rootstown,US,41.08333,-81.23333
USR3O,Rollinsford,Rollinsford,US,43.23333,-70.81667
USR55,Rochelle,Rochelle,US,38.28333,-78.26667
USR5W,Rowena,Rowena,US,43.51667,-96.55
USR63,Rockport,Rockport,US,39.53333,-91
USR88,Rio,Rio,US,43.45,-89.23333
USRA3,Forest Ranch,Forest Ranch,US,39.86667,-121.66667
USRAC,Racine,Racine,US,42.7313756,-87.7834769
USRAF,Ringle,Ringle,US,44.88333,-89.41667
USRAI,Rainier,Rainier,US,46.0889178,-122.936017
USRAJ,Rotterdam,Rotterdam,US,42.78333,-73.96667
USRBO,Rancho Bernardo,Rancho Bernardo,US,33.01667,-117.05
USRC6,Rock Creek,Rock Creek,US,41.65,-80.85
USRCH,Richmond,Richmond,US,37.9357576,-122.347748
USRCY,Rogers City,Rogers City,US,45.421391,-83.818185
USRD4,Rodeo,Rodeo,US,38.01667,-122.25
USRDK,Red Oak,Red Oak,US,41,-95.21667
USRF5,Red Feather Lakes,Red Feather Lakes,US,40.8,-105.58333
USRG6,River Grove,River Grove,US,41.91667,-87.83333
USRGA,Baraga,Baraga,US,46.78333,-88.5
USRGJ,Rivergate,Rivergate,US,45.61667,-122.76667
USRGS,Rogers,Rogers,US,41.83333,-71.9
USRH2,Rogers Haven,Rogers Haven,US,38.56667,-75.1
USRHG,Rancho Mirage,Rancho Mirage,US,33.73333,-116.41667
USRHY,Red Hill,Red Hill,US,40.36667,-75.48333
USRI4,Port Richmond,Port Richmond,US,39.98333,-75.1
USRIC,Richmond,Richmond,US,37.55,-77.45
USRIM,Rimer,Rimer,US,40.88333,-84.2
USRJQ,Roggen,Roggen,US,40.16667,-104.36667
USRJT,Roseton,Roseton,US,41.56667,-74
USRKD,Rockland,Rockland,US,44.1048327,-69.1091823
USRKY,Rocky River,Rocky River,US,41.46667,-81.83333
USRL5,Starlight,Starlight,US,38.4,-85.88333
USRLT,Roosevelt,Roosevelt,US,45.73333,-120.2
USRMA,Hermann,Hermann,US,38.7,-91.43333
USRNN,Clarendon,Clarendon,US,34.68333,-91.3
USRO2,Santa Rosa Island,Santa Rosa Island,US,33.95,-120.1
USROC,Rochester,Rochester,US,43.157285,-77.615214
USROJ,Ronks,Ronks,US,40.01667,-76.16667
USRP3,Rockport,Rockport,US,44.18333,-69.08333
USRR6,Redwood Valley,Redwood Valley,US,39.25,-123.2
USRRT,Warroad,Warroad,US,48.905266,-95.314404
USRSG,Rosenberg,Rosenberg,US,29.55,-95.8
USRSK,Rosiclare,Rosiclare,US,37.41667,-88.35
USRUX,Barboursville,Barboursville,US,38.16667,-78.26667
USRV4,Saddle River,Saddle River,US,41.01667,-74.1
USRV5,Riverdale,Riverdale,US,43.2,-75.41667
USRV9,Roseville,Roseville,US,36.3548625,-79.0416783
USRWC,Redwood City,Redwood City,US,37.4863239,-122.232523
USRWK,Berwick,Berwick,US,29.68333,-91.21667
USRWQ,Spencer,Spencer,US,39.28333,-86.75
USRWX,Casselton,Casselton,US,46.900529,-97.2112
USRXF,Rexford,Rexford,US,48.9,-115.16667
USRXO,Clearlake Oaks,Clearlake Oaks,US,39.03333,-122.66667
USRXR,Fruitland,Fruitland,US,44.0088935,-116.916414
USRYF,Rocky Face,Rocky Face,US,34.8,-85.01667
USRYK,Rockaway Parks,Rockaway Parks,US,40.56667,-73.83333
USRYN,Roslyn Heights,Roslyn Heights,US,40.78333,-73.63333
USS2B,Salemburg,Salemburg,US,35.0154469,-78.5030622
USS3G,Spring Grove,Spring Grove,US,37.26667,-79.85
USS44,Scio,Scio,US,44.7,-122.83333
USS4Y,Sarita,Sarita,US,27.21667,-97.78333
USS67,Saint Paul Park,Saint Paul Park,US,44.83333,-92.98333
USS7I,Sidney,Sidney,US,37.61667,-82.35
USS7K,South Kingstown,South Kingstown,US,41.43333,-71.51667
USS7T,Saint Charles,Saint Charles,US,38.78333,-90.5
USS7Y,Smyrna,Smyrna,US,34.75,-76.51667
USS8K,South Salt Lake,South Salt Lake,US,40.71667,-111.88333
USS8T,Stony Point,Stony Point,US,41.21667,-73.98333
USSA3,Saint Albans,Saint Albans,US,38.38333,-81.81667
USSA6,Santee,Santee,US,33.46667,-80.48333
USSAB,Sabine,Sabine,US,29.7199416,-93.871554
USSAC,Sacramento,Sacramento,US,38.56667,-121.48333
USSAN,San Diego,San Diego,US,32.7,-117.15
USSAV,Savannah,Savannah,US,32.0790074,-81.0921335
USSBA,Santa Barbara,Santa Barbara,US,34.4221319,-119.702667
USSBB,Sabina,Sabina,US,39.48333,-83.63333
USSBQ,Ship Bottom,Ship Bottom,US,39.65,-74.18333
USSCK,Stockton,Stockton,US,37.95,-121.28333
USSE3,Soap Lake,Soap Lake,US,47.38333,-119.48333
USSE4,Sedan,Sedan,US,37.11667,-96.18333
USSEA,Seattle,Seattle,US,47.6038321,-122.330062
USSFO,San Francisco,San Francisco,US,37.7879363,-122.4075201
USSFY,Springfield,Springfield,US,42.1018764,-72.5886727
USSG3,Spring Grove,Spring Grove,US,42.43333,-88.18333
USSGI,Sterling,Sterling,US,41.78333,-89.68333
USSGN,Stonington,Stonington,US,41.33333,-71.9
USSGY,Skagway,Skagway,US,59.4553914,-135.3153336
USSI2,Sledge Island,Sledge Island,US,64.48333,-166.2
USSI7,Sierra Vista,Sierra Vista,US,37.15,-120.28333
USSIB,Silver Bay,Silver Bay,US,47.2942968,-91.2573708
USSJC,San Jose,San Jose,US,37.3361663,-121.890591
USSK3,Summerland Key,Summerland Key,US,24.65,-81.45
USSK4,Smackover,Smackover,US,33.35,-92.71667
USSKT,Stickney,Stickney,US,41.81667,-87.76667
USSKY,"Sandusky, Erie","Sandusky, Erie",US,41.43333,-82.7
USSKZ,Saint Clair,Saint Clair,US,40.71667,-76.18333
USSLM,Salem,Salem,US,42.5195292,-70.8967226
USSO9,Stookey,Stookey,US,43.9146465,-121.1068186
USSOD,Sodus Point,Sodus Point,US,43.27245,-76.987993
USSOH,South Haven,South Haven,US,42.4030865,-86.2736407
USSP2,Sagaponack,Sagaponack,US,40.91667,-72.28333
USSPQ,San Pedro,San Pedro,US,33.7358518,-118.2922934
USSPT,South Saint Paul,South Saint Paul,US,44.88333,-93.05
USSR4,Shalimar,Shalimar,US,30.45,-86.58333
USSR9,Stansbury park,Stansbury park,US,40.63333,-112.28333
USSRE,Saint Rose,Saint Rose,US,29.95,-90.31667
USSRN,Saranac,Saranac,US,42.91667,-85.2
USSRP,Searsport,Searsport,US,44.4586711,-68.9253126
USSRU,Santa Cruz,Santa Cruz,US,36.9743626,-122.0294673
USSS3,Somerset,Somerset,US,41.73333,-71.16667
USSSI,Brunswick,Brunswick,US,31.1499528,-81.4914894
USSSM,Sault Sainte Marie,Sault Sainte Marie,US,46.4976734,-84.3476583
USST9,Saint George,Saint George,US,44.01667,-69.18333
USSTG,Saint George Island,Saint George Island,US,38.1202451,-76.4818277
USSTH,Saint Helens,Saint Helens,US,45.8640034,-122.8064922
USSTL,Saint Louis,Saint Louis,US,38.61667,-90.18333
USSTP,Saint Paul,Saint Paul,US,44.9497487,-93.0931028
USSTZ,Scottsdale,Scottsdale,US,33.5,-111.88333
USSUL,Port Sulphur,Port Sulphur,US,29.46667,-89.68333
USSUT,Sunny Point,Sunny Point,US,33.98333,-77.95
USSUW,Superior,Superior,US,46.7207737,-92.1040796
USSUX,Sioux City,Sioux City,US,42.4966815,-96.4058782
USSXF,San Mateo,San Mateo,US,37.5629997,-122.3253265
USSYP,Sandy Point,Sandy Point,US,44.5147971,-68.812809
USSYR,Syracuse,Syracuse,US,43.0481221,-76.1474244
UST2R,Trempealeau,Trempealeau,US,44.0709523,-91.4729452
UST5W,Tow,Tow,US,30.88333,-98.46667
UST9X,Millican,Millican,US,30.46667,-96.2
USTA2,Talihina,Talihina,US,34.75,-95.03333
USTA3,Tahuya,Tahuya,US,47.36667,-123.05
USTAJ,Alta Loma,Alta Loma,US,34.11667,-117.58333
USTAW,Matawan,Matawan,US,40.4,-74.21667
USTB3,Tabor,Tabor,US,42.93333,-97.65
USTBH,Atlantic Beach,Atlantic Beach,US,34.7,-76.73333
USTBJ,Tanaga Bay,Tanaga Bay,US,51.73333,-178.03333
USTBW,Point Barrow,Point Barrow,US,71.28333,-156.66667
USTBZ,Tubac,Tubac,US,31.61667,-111.05
USTC4,Town and Country,Town and Country,US,38.6,-90.45
USTCH,Taconite Harbor,Taconite Harbor,US,47.51667,-90.91667
USTDI,Tatoosh Island,Tatoosh Island,US,48.38333,-124.73333
USTE8,Tyee,Tyee,US,57.05,-134.55
USTEP,Stephentown,Stephentown,US,42.53333,-73.36667
USTFG,Trafalgar,Trafalgar,US,39.4,-86.15
USTFO,Stratford,Stratford,US,44.8,-90.06667
USTFR,Transfer,Transfer,US,41.31667,-80.41667
USTFT,Taft,Taft,US,29.98333,-90.43333
USTGB,Indian Mills,Indian Mills,US,39.78333,-74.73333
USTHF,Thompson Falls,Thompson Falls,US,47.6,-115.35
USTHN,Athena,Athena,US,45.8,-118.48333
USTHU,Croton-on-Hudson,Croton-on-Hudson,US,41.2,-73.88333
USTIE,Wolcottville,Wolcottville,US,41.51667,-85.36667
USTIS,Stillwater,Stillwater,US,45.05,-92.8
USTIW,Tacoma,Tacoma,US,47.2455013,-122.438329
USTJB,Brilliant,Brilliant,US,40.2647925,-80.6261865
USTJJ,Platte,Platte,US,43.38694,-98.84453
USTK9,Stockett,Stockett,US,47.35,-111.16667
USTKN,Tomkins Cove,Tomkins Cove,US,41.25,-73.98333
USTL8,Tillson,Tillson,US,41.81667,-74.06667
USTLQ,Hilton,Hilton,US,43.2881104,-77.7928574
USTMM,Tamms,Tamms,US,37.23333,-89.26667
USTMN,Trumann,Trumann,US,35.66667,-90.5
USTMZ,Tecumseh,Tecumseh,US,36.58333,-92.3
USTNE,Tavernier,Tavernier,US,25,-80.51667
USTNI,Tunica,Tunica,US,34.68333,-90.36667
USTNV,Triangle,Triangle,US,38.55,-77.33333
USTO3,Corralitos,Corralitos,US,36.98333,-121.8
USTOL,Toledo,Toledo,US,41.6529143,-83.5378173
USTOU,Saint Johnsville,Saint Johnsville,US,43,-74.68333
USTOZ,Low Moor,Low Moor,US,37.78333,-79.88333
USTP2,Tupper Lake,Tupper Lake,US,44.21667,-74.46667
USTPA,Tampa,Tampa,US,27.9449854,-82.4583107
USTPC,Cape Carteret,Cape Carteret,US,34.68333,-77.06667
USTPS,Thompson,Thompson,US,41.68333,-81.05
USTPW,Thompsontown,Thompsontown,US,40.81667,-78.61667
USTQT,Tionesta,Tionesta,US,41.48333,-79.45
USTRK,Tamarac,Tamarac,US,26.2,-80.25
USTRY,Troy,Troy,US,42.71667,-73.68333
USTS4,Chatsworth,Chatsworth,US,40.75,-88.28333
USTSA,Savannah,Savannah,US,35.21667,-88.23333
USTSI,Tishomingo,Tishomingo,US,34.25,-96.68333
USTSL,Ten Sleep,Ten Sleep,US,44.03333,-107.45
USTSN,Fort Snelling,Fort Snelling,US,44.9,-93.16667
USTSO,Lost Hills,Lost Hills,US,35.61667,-119.68333
USTSX,Mauston,Mauston,US,43.7968543,-90.0756767
USTSZ,Bronston,Bronston,US,36.98333,-84.61667
USTT9,Tuscan,Tuscan,US,42.58333,-74.76667
USTTS,Scottsville,Scottsville,US,37.78333,-78.48333
USTTV,"Tottenville, Staten Island","Tottenville, Staten Island",US,40.51667,-74.25
USTUB,Boutte,Boutte,US,29.9,-90.38333
USTUV,Gertrude Cove,Gertrude Cove,US,51.93333,177.45
USTW2,Twin Lake,Twin Lake,US,43.35,-86.15
USTWD,Port Townsend,Port Townsend,US,48.1179702,-122.769544
USTWM,"Stewart, McLeod","Stewart, McLeod",US,44.7246843,-94.4858185
USTWZ,Tarrytown,Tarrytown,US,41.06667,-73.86667
USTX3,Fairview,Fairview,US,32.5,-97.8
USTXQ,Noti,Noti,US,44.05,-123.43333
USTXT,Texas City,Texas City,US,29.396013,-94.9175485
USTXU,Garden City,Garden City,US,43.622111,-116.238178
USTXX,Powderly,Powderly,US,33.8,-95.51667
USTYY,East Troy,East Troy,US,42.78333,-88.4
USU3V,Weybridge,Weybridge,US,44.05,-73.2
USUA7,Laurelton,Laurelton,US,40.66667,-73.75
USUCR,Urbancrest,Urbancrest,US,39.9,-83.08333
USUDC,Cumberland City,Cumberland City,US,36.38333,-87.61667
USUFG,Chesapeake,Chesapeake,US,36.7168315,-76.2494453
USUGE,Council Grove,Council Grove,US,38.66667,-96.5
USUGN,Waukegan,Waukegan,US,42.35,-87.83333
USUHI,Unity,Unity,US,44.6,-69.33333
USUHO,North Monmouth,North Monmouth,US,44.26667,-70.01667
USUIT,Susitna,Susitna,US,61.53333,-150.5
USUKK,University Park,University Park,US,32.85,-96.8
USULO,Bunola,Bunola,US,40.23333,-79.95
USUMO,Cataumet,Cataumet,US,41.66667,-70.61667
USUMQ,Mecosta,Mecosta,US,43.61667,-85.21667
USUO4,Woodfin,Woodfin,US,35.63333,-82.58333
USUQQ,Tulalip,Tulalip,US,48.06667,-122.28333
USURE,Laurel,Laurel,US,38.55,-75.56667
USURR,Port Murray,Port Murray,US,40.78333,-74.9
USUSA,Bourbonnais,Bourbonnais,US,41.15,-87.88333
USUSB,"Curtis Bay, Baltimore","Curtis Bay, Baltimore",US,39.21667,-76.58333
USUT2,Uniontown,Uniontown,US,37.76667,-87.93333
USUTA,Tchula,Tchula,US,33.18333,-90.21667
USUTS,Saint Louis,Saint Louis,US,30.25,-91.23333
USUWC,Uwchland,Uwchland,US,40.06667,-75.68333
USUWH,South Windham,South Windham,US,41.68333,-72.16667
USUXX,Uxbridge,Uxbridge,US,42.06667,-71.61667
USUXZ,Port Chester,Port Chester,US,41.0017643,-73.6656834
USUYU,Staten Island,Staten Island,US,40.58333,-74.15
USV7X,Croxton,Croxton,US,40.73333,-74.05
USVAN,Vancouver,Vancouver,US,45.6306954,-122.6744557
USVAU,Augusta Springs,Augusta Springs,US,38.1,-79.31667
USVBE,Van Buren,Van Buren,US,42.66667,-90.71667
USVDZ,Valdez,Valdez,US,61.1,-146.2
USVE9,Vermilion,Vermilion,US,41.41667,-82.35
USVED,Vineyard,Vineyard,US,40.31667,-111.75
USVFR,Ansonville,Ansonville,US,35.1,-80.1
USVGS,Vanceburg,Vanceburg,US,38.6,-83.31667
USVIR,Viroqua,Viroqua,US,43.55,-90.88333
USVIX,Viola,Viola,US,43.5060862,-90.668186
USVJ2,Villard Junction,Villard Junction,US,46.16667,-119
USVKB,Vicksburg,Vicksburg,US,42.11667,-85.51667
USVKS,Vicksburg,Vicksburg,US,32.3528055,-90.8777342
USVKY,Silver Grove,Silver Grove,US,39.03333,-84.38333
USVLS,Van Alstyne,Van Alstyne,US,33.41667,-96.56667
USVMD,Vienna,Vienna,US,38.48333,-75.81667
USVN3,Venice,Venice,US,29.26667,-89.35
USVNT,Ventura,Ventura,US,34.26667,-119.28333
USVOT,Violet,Violet,US,29.88333,-89.88333
USVOW,Stow,Stow,US,42.15,-79.4
USVQV,Nashville,Nashville,US,42.6,-85.08333
USVR9,Augusta,Augusta,US,38.56667,-90.86667
USVRD,Riverside,Riverside,US,41.38333,-73.16667
USVSE,Riverside,Riverside,US,41.76667,-71.35
USVTD,Wilder,Wilder,US,43.66667,-72.31667
USVTP,Portville,Portville,US,42.03333,-78.33333
USVTT,Lovettsville,Lovettsville,US,39.26667,-77.63333
USVVC,Terra Bella,Terra Bella,US,35.95,-119.03333
USVVZ,Centre Hall,Centre Hall,US,40.83333,-77.68333
USVWR,Warren,Warren,US,45.81667,-122.85
USVXJ,Claves,Claves,US,39.15,-84.73333
USVZZ,Goochland,Goochland,US,37.68333,-77.88333
USW26,Willow Park,Willow Park,US,32.75,-97.65
USW6T,Ceredo,Ceredo,US,38.38333,-82.55
USW9A,Washington Terrace,Washington Terrace,US,41.16667,-111.96667
USWA4,Walsh,Walsh,US,37.38333,-102.26667
USWA7,Wakeman,Wakeman,US,41.25,-82.38333
USWAB,Washington,Washington,US,33.73333,-82.73333
USWBM,West Boylston,West Boylston,US,42.36667,-71.78333
USWC4,Wicomico Church,Wicomico Church,US,37.81667,-76.4
USWCO,Welcome,Welcome,US,35.9,-80.25
USWCP,Wicker Park,Wicker Park,US,41.9,-87.66667
USWCW,Lake Waccamaw,Lake Waccamaw,US,34.31667,-78.5
USWDZ,Woodside,Woodside,US,37.43333,-122.26667
USWE2,Westerlo,Westerlo,US,42.5,-74.03333
USWEP,Westampton,Westampton,US,40.01667,-74.83333
USWEQ,West Allis,West Allis,US,43.01667,-88
USWFB,Wolfeboro,Wolfeboro,US,43.58333,-71.2
USWG2,Waggaman,Waggaman,US,29.91667,-90.2
USWGB,"Winnebago, Faribault","Winnebago, Faribault",US,43.76667,-94.18333
USWGX,Wingate,Wingate,US,32.05,-100.11667
USWH7,Waianae,Waianae,US,21.43333,-158.18333
USWKT,Whitakers,Whitakers,US,36.1,-77.7
USWLQ,West Long Branch,West Long Branch,US,40.28333,-74.01667
USWMA,Wilma,Wilma,US,46.4254511,-117.1101132
USWMJ,Windham,Windham,US,41.7,-72.15
USWMP,Whitmore Lake,Whitmore Lake,US,42.439479,-83.7438303
USWMU,West Yarmouth,West Yarmouth,US,41.65,-70.25
USWNF,Wisconsin Dells,Wisconsin Dells,US,43.61667,-89.76667
USWNH,Wentworth,Wentworth,US,43.86667,-71.91667
USWNK,Winooski,Winooski,US,44.48333,-73.2
USWNS,Winsted,Winsted,US,41.91667,-73.05
USWO4,Birnamwood,Birnamwood,US,44.93333,-89.2
USWO7,Woodgate,Woodgate,US,43.51667,-75.15
USWOT,West Point,West Point,US,41.38333,-73.95
USWOV,Woodsville,Woodsville,US,44.13333,-72.01667
USWPB,Wills Point,Wills Point,US,29.75,-90
USWPF,Waterproof,Waterproof,US,31.8,-91.36667
USWPT,Westport,Westport,US,39.63333,-123.76667
USWQA,Whitman,Whitman,US,42.08333,-70.93333
USWQU,Wauna Range,Wauna Range,US,46.15,-123.4
USWQZ,Wintersville,Wintersville,US,40.36667,-80.7
USWR3,West Portsmouth,West Portsmouth,US,38.75,-83.01667
USWR4,Wading River,Wading River,US,40.95,-72.83333
USWRP,Winterthur,Winterthur,US,39.8,-75.61667
USWTN,Wilmington,Wilmington,US,33.76667,-118.26667
USWTU,Wartburg,Wartburg,US,36.1,-84.58333
USWU7,Walnut,Walnut,US,41.46667,-95.21667
USWUP,Waupaca,Waupaca,US,44.35,-89.08333
USWUR,Wurtland,Wurtland,US,38.55,-82.76667
USWUS,Williamsburg,Williamsburg,US,41.66667,-92.01667
USWVA,Water Valley,Water Valley,US,34.15,-89.61667
USWW9,Wadmalaw Island,Wadmalaw Island,US,32.66667,-80.16667
USWWI,Weyauwega,Weyauwega,US,44.31667,-88.91667
USWXB,White Oak,White Oak,US,40.33333,-79.8
USWXS,Wrightstown,Wrightstown,US,44.31667,-88.16667
USWY2,Wadley,Wadley,US,33.11667,-85.56667
USWY7,Weston,Weston,US,44.63333,-105.33333
USWZS,Warsaw,Warsaw,US,38.78333,-84.9
USXAE,Camden,Camden,US,39.11667,-75.53333
USXAK,Alva,Alva,US,36.8,-98.65
USXAM,Alma,Alma,US,44.31667,-91.91667
USXAR,Starr,Starr,US,34.36667,-82.68333
USXAS,Freeport,Freeport,US,30.48333,-86.13333
USXBW,Webb City,Webb City,US,37.13333,-94.45
USXEH,Erie,Erie,US,40.05,-105.05
USXFO,Fort Atkinson,Fort Atkinson,US,42.93333,-88.83333
USXKW,Kirkwood,Kirkwood,US,38.58333,-90.4
USXLT,Locust,Locust,US,40.38333,-74.03333
USXMY,Clallam Bay,Clallam Bay,US,48.26667,-124.26667
USXNA,Sayreville,Sayreville,US,40.45,-74.35
USXNW,New Madrid,New Madrid,US,36.58333,-89.51667
USXOR,Oberlin,Oberlin,US,41.28333,-82.21667
USXOT,Scott,Scott,US,33.58333,-91.06667
USXPE,Perdue Hill,Perdue Hill,US,31.5,-87.48333
USXPG,"Springville, Suffolk","Springville, Suffolk",US,40.86667,-72.53333
USXPT,Portola Valley,Portola Valley,US,37.38333,-122.23333
USXPY,Cape Henry,Cape Henry,US,36.91667,-76.01667
USXRA,Ravena,Ravena,US,42.46667,-73.81667
USXRC,Rainbow City,Rainbow City,US,33.95,-86.03333
USXRT,Rock Tavern,Rock Tavern,US,41.45,-74.18333
USXSD,Castle Island,Castle Island,US,51.6543637,-177.680113
USXSG,Sagola,Sagola,US,46.08333,-88.06667
USXSH,Shingle Springs,Shingle Springs,US,38.65,-120.91667
USXSI,Shelter Island,Shelter Island,US,41.06667,-72.33333
USXSJ,South Jordan,South Jordan,US,40.55,-111.91667
USXSK,Shaker Heights,Shaker Heights,US,41.46667,-81.53333
USXSS,Cassville,Cassville,US,36.68333,-93.86667
USXSY,Short Hills,Short Hills,US,40.73333,-74.31667
USXTE,Timmonsville,Timmonsville,US,34.13333,-79.93333
USXTK,Chetek,Chetek,US,45.31667,-91.65
USXTM,Saint Thomas,Saint Thomas,US,39.91667,-77.78333
USXTN,Tiburon,Tiburon,US,37.86667,-122.45
USXTR,West Rutland,West Rutland,US,43.58333,-73.03333
USXTS,Tams,Tams,US,37.65,-81.3
USXTY,Tuckahoe,Tuckahoe,US,40.88333,-72.4
USXUY,Mapleton,Mapleton,US,43.91667,-93.95
USXVB,Hawthorne,Hawthorne,US,28.75,-81.86667
USXVN,Silverton,Silverton,US,45,-122.76667
USXVR,Clover,Clover,US,44.03333,-87.7
USXWE,White Lake,White Lake,US,45.15,-88.75
USXWO,Wolcott,Wolcott,US,41.6,-72.98333
USXWT,Whitestown,Whitestown,US,39.98333,-86.33333
USXXL,Ladera Ranch,Ladera Ranch,US,33.5520801,-117.6384556
USXXO,Spotsylvania,Spotsylvania,US,38.2,-77.58333
USXXX,Mexico,Mexico,US,44.65,-70.53333
USXXY,East Leroy,East Leroy,US,42.1661559,-85.2174862
USXY2,Birmingham,Birmingham,US,41.31667,-82.35
USXYB,Byron,Byron,US,42.11667,-89.25
USXYS,Murrysville,Murrysville,US,40.41667,-79.68333
USXYT,Wyatt,Wyatt,US,41.51667,-86.16667
USXZA,Cedar Grove,Cedar Grove,US,39.21667,-81.5
USXZD,Frederick,Frederick,US,40.3,-75.51667
USXZS,Mound House,Mound House,US,39.2,-119.66667
USXZW,Willianstown,Willianstown,US,43.41667,-75.88333
USYAN,Alanson,Alanson,US,45.43333,-84.78333
USYAO,Aurora,Aurora,US,39.05,-84.9
USYAS,Aransas Pass,Aransas Pass,US,27.9,-97.15
USYAZ,Yazoo City,Yazoo City,US,32.85,-90.4
USYBD,Belden,Belden,US,34.3,-88.78333
USYBG,Bongards,Bongards,US,44.75,-93.83333
USYBN,Boylston,Boylston,US,42.38333,-71.7
USYBY,Bonifay,Bonifay,US,30.78333,-85.66667
USYBZ,Bay City,Bay City,US,44.6,-92.45
USYCD,Cathedral City,Cathedral City,US,33.78333,-116.46667
USYCE,Carver,Carver,US,41.88333,-70.76667
USYCG,Cedar Grove,Cedar Grove,US,36.16667,-79.16667
USYCK,Clatskanie,Clatskanie,US,46.1,-123.2
USYCP,Central Point,Central Point,US,42.38333,-122.91667
USYCU,Columbia Falls,Columbia Falls,US,48.36667,-114.16667
USYCZ,Cadiz,Cadiz,US,36.86667,-87.81667
USYDE,Dale,Dale,US,44.26667,-88.66667
USYDO,Orondo,Orondo,US,47.61667,-120.21667
USYDP,Delhi,Delhi,US,42.28333,-74.93333
USYEB,Ellenboro,Ellenboro,US,35.31667,-81.75
USYEC,Winneconne,Winneconne,US,44.11667,-88.73333
USYEJ,Keyes,Keyes,US,37.55,-120.9
USYEM,Emory,Emory,US,32.86667,-95.75
USYEP,East Palestine,East Palestine,US,40.83333,-80.53333
USYER,Sisters,Sisters,US,44.28333,-121.53333
USYFA,Florida City,Florida City,US,25.45,-80.48333
USYFQ,Lafayette,Lafayette,US,45.23333,-123.1
USYFX,Fox Lake,Fox Lake,US,43.55,-88.9
USYFZ,Frazeysburg,Frazeysburg,US,40.11667,-82.11667
USYGL,Glennville,Glennville,US,31.93333,-81.91667
USYGS,Groves,Groves,US,29.93333,-93.91667
USYHB,Heyburn,Heyburn,US,42.55,-113.75
USYHE,Cowiche,Cowiche,US,46.66667,-120.7
USYHM,Holmes,Holmes,US,41.51667,-73.63333
USYHR,Hebron,Hebron,US,40.16667,-97.6
USYIG,Ingleside,Ingleside,US,27.86667,-97.2
USYIL,Indialantic,Indialantic,US,28.08333,-80.56667
USYKB,York Beach,York Beach,US,43.16667,-70.6
USYKL,Hoyt Lakes,Hoyt Lakes,US,47.51667,-92.11667
USYL2,Peach Bottom,Peach Bottom,US,39.75,-76.26667
USYL9,Sylvania,Sylvania,US,41.71667,-83.7
USYLB,Lebec,Lebec,US,34.83333,-118.85
USYLD,Lind,Lind,US,46.96667,-118.6
USYLO,Logan Township,Logan Township,US,39.78333,-75.35
USYLP,Lake Providence,Lake Providence,US,32.8,-91.16667
USYLR,Littlerock,Littlerock,US,34.51667,-117.96667
USYLT,Lanett,Lanett,US,32.85,-85.18333
USYLU,Lula,Lula,US,34.38333,-83.65
USYLY,West Sayville,West Sayville,US,40.73333,-73.1
USYMD,Madison Park,Madison Park,US,47.63333,-122.26667
USYMK,Murdock,Murdock,US,40.91667,-96.26667
USYMR,Mosier,Mosier,US,45.68333,-121.38333
USYMV,Mount Vernon,Mount Vernon,US,40.9125085,-73.8386504
USYNA,Naches,Naches,US,46.71667,-120.68333
USYNJ,Columbia,Columbia,US,40.93333,-75.1
USYNN,Glenndale,Glenndale,US,38.96667,-76.8
USYNO,North Woodstock,North Woodstock,US,44.01667,-71.68333
USYOB,Oakboro,Oakboro,US,35.21667,-80.31667
USYOC,Lincoln City,Lincoln City,US,44.96667,-124.01667
USYOK,Yoke Bay,Yoke Bay,US,52.01667,-176.03333
USYOQ,Ogunquit,Ogunquit,US,43.25,-70.6
USYP5,Purchase,Purchase,US,41.0405953,-73.7144803
USYPB,Peterborough,Peterborough,US,42.86667,-71.95
USYPF,Pigeon Forge,Pigeon Forge,US,35.78333,-83.55
USYPH,Philomath,Philomath,US,44.53333,-123.35
USYPN,Pine Bush,Pine Bush,US,41.6,-74.28333
USYPR,Port Republic,Port Republic,US,38.3,-78.81667
USYRD,Runnemede,Runnemede,US,39.85,-75.06667
USYRE,Morehouse,Morehouse,US,36.83333,-89.68333
USYRF,Ruffin,Ruffin,US,33,-80.8
USYRG,Ragland,Ragland,US,33.73333,-86.15
USYRO,Raytown,Raytown,US,39,-94.45
USYRP,Rapidan,Rapidan,US,38.3,-78.05
USYRX,Star,Star,US,35.4,-79.78333
USYRY,Reynoldsville,Reynoldsville,US,41.08333,-78.88333
USYSB,Sebree,Sebree,US,37.6,-87.51667
USYSC,Chelsea,Chelsea,US,33.33333,-86.61667
USYSD,Shedd,Shedd,US,44.45,-123.1
USYSG,Sandy Springs,Sandy Springs,US,33.91667,-84.36667
USYSH,Shamokin,Shamokin,US,40.78333,-76.55
USYSJ,Saint Joseph,Saint Joseph,US,31.91667,-91.23333
USYSK,Smokey Point,Smokey Point,US,48.15,-122.16667
USYSP,Sproul,Sproul,US,40.26667,-78.45
USYSS,Soda Springs,Soda Springs,US,42.65,-111.6
USYST,Winchester,Winchester,US,47.25,-119.71667
USYSV,Smelterville,Smelterville,US,47.53333,-116.16667
USYSY,South Glastonbury,South Glastonbury,US,41.68333,-72.58333
USYTA,"Tallassee, Elmore","Tallassee, Elmore",US,32.53333,-85.88333
USYTC,Tri-Cities,Tri-Cities,US,46.25,-119.11667
USYTH,Bothell,Bothell,US,47.75,-122.2
USYTJ,Bartow,Bartow,US,38.53333,-79.78333
USYTL,Talent,Talent,US,42.23333,-122.78333
USYTO,Tomhicken,Tomhicken,US,40.96667,-76.08333
USYTW,Youngstown,Youngstown,US,43.23333,-79.05
USYU5,Cayucos,Cayucos,US,35.43333,-120.88333
USYUD,Naples,Naples,US,43.96667,-70.6
USYUG,Union Gap,Union Gap,US,46.55,-120.46667
USYUP,Upper Brookville,Upper Brookville,US,40.83333,-73.55
USYVI,Vashon Island,Vashon Island,US,47.41667,-122.46667
USYVO,Lynnhaven Roads,Lynnhaven Roads,US,36.93333,-76.1
USYVR,Varnell,Varnell,US,34.9,-84.96667
USYWA,Willacoochee,Willacoochee,US,31.33333,-83.03333
USYWD,Ward,Ward,US,33.85,-81.71667
USYWE,West Homestead,West Homestead,US,40.38333,-79.9
USYWH,Whately,Whately,US,42.43333,-72.63333
USYWI,Wilcox,Wilcox,US,41.56667,-78.68333
USYWR,Woolrich,Woolrich,US,41.18333,-77.36667
USYWW,Cokeville,Cokeville,US,42.0848242,-110.9566093
USYWZ,Wayzata,Wayzata,US,44.96667,-93.5
USYXB,Cypress Bend,Cypress Bend,US,30.0936647,-94.1916113
USYYG,Grayson,Grayson,US,33.88333,-83.95
USYYX,Bel Ridge,Bel Ridge,US,38.7,-90.31667
USZ4X,Sheldon,Sheldon,US,45.3,-90.95
USZAD,Alvarado,Alvarado,US,32.4,-97.2
USZAL,Waverly Hall,Waverly Hall,US,32.68333,-84.73333
USZAN,Mabton,Mabton,US,46.2,-119.98333
USZAO,Taintor,Taintor,US,41.5,-92.73333
USZAY,Marcy,Marcy,US,43.16667,-75.28333
USZBA,Bunker Hill,Bunker Hill,US,39.03333,-89.95
USZBI,Bolton Landing,Bolton Landing,US,43.55,-73.65
USZBK,Rhinebeck,Rhinebeck,US,41.91667,-73.9
USZBP,Bastrop,Bastrop,US,30.11667,-97.31667
USZCB,Cibolo,Cibolo,US,29.56667,-98.23333
USZCC,Clara City,Clara City,US,44.95,-95.36667
USZCE,Creedmoor,Creedmoor,US,36.11667,-78.68333
USZCG,Childersburg,Childersburg,US,33.28333,-86.35
USZCS,Clawson,Clawson,US,42.53333,-83.13333
USZCT,Centralia,Centralia,US,39.21667,-92.13333
USZCV,Coal Valley,Coal Valley,US,41.41667,-90.45
USZCW,Cromwell,Cromwell,US,41.6,-72.65
USZCY,Clancy,Clancy,US,46.46667,-111.98333
USZCZ,Cazenovia,Cazenovia,US,42.93333,-75.85
USZDC,Clarendon Heights,Clarendon Heights,US,41.78333,-79.1
USZDE,Dolores,Dolores,US,37.46667,-108.5
USZDG,West Reading,West Reading,US,40.33333,-75.93333
USZDQ,Duquesne,Duquesne,US,40.36667,-79.85
USZDS,Sands Point,Sands Point,US,40.85,-73.71667
USZDZ,Dutzow,Dutzow,US,38.6,-90.98333
USZEC,Commerce,Commerce,US,34.2,-83.45
USZEF,East Falmouth,East Falmouth,US,41.56667,-70.55
USZEH,Helen,Helen,US,34.7,-83.71667
USZEM,Elkmont,Elkmont,US,34.91667,-86.96667
USZEN,Ellettsville,Ellettsville,US,39.23333,-86.61667
USZEO,Excelsior Springs,Excelsior Springs,US,39.33333,-94.21667
USZEP,East Walpole,East Walpole,US,42.15,-71.2
USZET,Ellington,Ellington,US,41.9,-72.46667
USZEV,Ellaville,Ellaville,US,32.23333,-84.3
USZEW,Ellenwood,Ellenwood,US,33.6,-84.28333
USZFI,"Fisher Island, Miami","Fisher Island, Miami",US,25.76667,-80.13333
USZFM,Fruitland,Fruitland,US,38.31667,-75.61667
USZGE,Glidden,Glidden,US,46.13333,-90.6
USZGG,Beggs,Beggs,US,35.75,-96.06667
USZGN,North Grosvenor Dale,North Grosvenor Dale,US,41.98333,-71.88333
USZGP,Grosse Ile,Grosse Ile,US,29.9652058,-92.0909576
USZGQ,Galeton,Galeton,US,41.71667,-77.63333
USZGT,Charleston Heights,Charleston Heights,US,32.85,-79.96667
USZGU,Ferguson,Ferguson,US,38.73333,-90.3
USZGZ,Geneseo,Geneseo,US,41.43333,-90.15
USZHB,Sabetha,Sabetha,US,39.9,-95.8
USZHE,Okarche,Okarche,US,35.71667,-97.96667
USZHM,Hilmar,Hilmar,US,37.4,-120.83333
USZHT,Hoisington,Hoisington,US,38.51667,-98.76667
USZHU,Hasbrouck Heights,Hasbrouck Heights,US,40.85,-74.06667
USZHW,Harwood,Harwood,US,38.85,-76.61667
USZIC,Rickreall,Rickreall,US,44.91667,-123.21667
USZIK,Inkom,Inkom,US,42.78333,-112.25
USZIW,Winter Springs,Winter Springs,US,28.68333,-81.3
USZIX,Middle Island,Middle Island,US,40.88333,-72.93333
USZJ9,Jeffersonville,Jeffersonville,US,37.96667,-83.83333
USZKL,Tarpon Springs,Tarpon Springs,US,28.1470965,-82.756367
USZKN,Dickson,Dickson,US,36.06667,-87.38333
USZLG,Lake Garfield,Lake Garfield,US,27.88333,-81.75
USZLO,Glen Flora,Glen Flora,US,45.4975622,-90.8938455
USZLP,Circle Pines,Circle Pines,US,45.15,-93.15
USZLT,League City,League City,US,29.5,-95.08333
USZLW,Longmeadow,Longmeadow,US,42.05,-72.58333
USZMG,Miami Gardens,Miami Gardens,US,25.96667,-80.2
USZMP,Newburyport,Newburyport,US,42.8,-70.86667
USZMQ,Manasquan,Manasquan,US,40.11667,-74.03333
USZMU,Murphy,Murphy,US,35.08333,-84.03333
USZMW,Muldrow,Muldrow,US,35.4,-94.58333
USZMY,Manheim Center,Manheim Center,US,43.03333,-74.78333
USZNH,Tenants Harbour,Tenants Harbour,US,43.95,-69.21667
USZNR,North Royalton,North Royalton,US,41.3,-81.71667
USZNT,Tryon,Tryon,US,35.2,-82.23333
USZOD,Oviedo,Oviedo,US,28.66667,-81.2
USZOH,Mohnton,Mohnton,US,40.28333,-75.98333
USZOI,Charleroi,Charleroi,US,40.13333,-79.9
USZOP,Satsop,Satsop,US,47,-123.46667
USZOR,Sarasota,Sarasota,US,27.33333,-82.53333
USZOT,Olivette,Olivette,US,38.65,-90.36667
USZOW,Ooltewah,Ooltewah,US,35.06667,-85.05
USZPB,Pembroke Park,Pembroke Park,US,25.98333,-80.16667
USZPP,Hollsopple,Hollsopple,US,40.2,-78.91667
USZPT,Portageville,Portageville,US,42.56667,-78.03333
USZPU,Maple Bluff,Maple Bluff,US,43.11667,-89.36667
USZPW,Powhatan,Powhatan,US,37.53333,-77.91667
USZQC,Clinchfield,Clinchfield,US,32.41667,-83.63333
USZQE,Quarryville,Quarryville,US,39.88333,-76.15
USZQU,Queen City,Queen City,US,33.13333,-94.15
USZQZ,Coalfield,Coalfield,US,36.01667,-84.41667
USZR9,Zirconia,Zirconia,US,35.23333,-82.4
USZRB,Riverbank,Riverbank,US,37.73333,-120.93333
USZRC,Cramerton,Cramerton,US,35.23333,-81.06667
USZRE,Rowlett,Rowlett,US,32.9,-96.55
USZRH,Center Hill,Center Hill,US,28.65,-82
USZRR,Carrboro,Carrboro,US,35.91667,-79.08333
USZRY,Rye,Rye,US,40.96667,-73.68333
USZS2,Swoope,Swoope,US,38.15,-79.2
USZSB,Stevensburg,Stevensburg,US,38.43333,-77.9
USZSD,Sutherland,Sutherland,US,37.18333,-77.55
USZSG,Spring Grove,Spring Grove,US,39.86667,-76.85
USZSI,San Acacio,San Acacio,US,37.2,-105.55
USZSO,Sherborn,Sherborn,US,42.23333,-71.36667
USZSP,Stephen,Stephen,US,48.45,-96.86667
USZST,Stormville,Stormville,US,41.56667,-73.73333
USZSU,Sugarcreek,Sugarcreek,US,40.5,-81.63333
USZTB,East Bloomfield,East Bloomfield,US,42.88333,-77.43333
USZTG,Tangent,Tangent,US,44.53333,-123.1
USZTK,Winnetka,Winnetka,US,42.1,-87.73333
USZTP,White Pine,White Pine,US,46.75,-89.58333
USZTR,Tillar,Tillar,US,33.7,-91.45
USZTU,Toughkenamon,Toughkenamon,US,39.81667,-75.75
USZUC,Union Center,Union Center,US,43.68333,-90.26667
USZUM,Zumbrota,Zumbrota,US,44.28333,-92.66667
USZVA,Silva,Silva,US,37.16667,-90.46667
USZVB,Brownsville,Brownsville,US,43.61667,-88.48333
USZVY,Eden Valley,Eden Valley,US,45.31667,-94.53333
USZWB,Breezewood,Breezewood,US,39.9990119,-78.2404221
USZWC,New Columbia,New Columbia,US,41.03333,-76.86667
USZWK,Wyckoff,Wyckoff,US,41,-74.16667
USZWM,McEwen,McEwen,US,36.1,-87.61667
USZWZ,Premont,Premont,US,27.35,-98.11667
USZXE,Mer Rouge,Mer Rouge,US,32.76667,-91.78333
USZXQ,Westover,Westover,US,38.11667,-75.7
USZXZ,San Lucas,San Lucas,US,36.11667,-121.01667
USZYF,Forsyth,Forsyth,US,33.03333,-83.93333
USZYH,York Harbor,York Harbor,US,43.13333,-70.63333
USZYI,Tybee Island,Tybee Island,US,32,-80.83333
USZYK,Keysville,Keysville,US,39.63333,-77.25
USZYL,Edson,Edson,US,39.33333,-101.53333
USZYN,Cheyenne Wells,Cheyenne Wells,US,38.81667,-102.35
USZYT,Ladysmith,Ladysmith,US,45.45,-91.1
USZYX,South Hamilton,South Hamilton,US,42.6,-70.86667
USZYY,Suttons Bay,Suttons Bay,US,44.96667,-85.65
USZZB,Bogart,Bogart,US,33.93333,-83.53333
USZZC,Corolla,Corolla,US,36.38333,-75.83333
USZZH,Northport,Northport,US,45.11667,-85.61667
USZZX,Emerald Isle,Emerald Isle,US,34.6653135,-77.0382187
UYCAR,Carmelo,Carmelo,UY,-33.9967827,-58.2836485
UYCPP,Cuenca del Plata,Cuenca del Plata,UY,-34.906167,-56.218222
UYCYR,Colonia,Colonia,UY,-34.4698592,-57.8433679
UYDZO,Durazno,Durazno,UY,-33.3801247,-56.5224986
UYFZB,Fray Bentos,Fray Bentos,UY,-33.1165167,-58.3130977
UYJIT,Jose Ignacio Terminal,Jose Ignacio Terminal,UY,-34.8571375,-54.7316381
UYJLC,Juan L. Lacaze,Juan L. Lacaze,UY,-34.43333,-57.45
UYLAP,La Paloma/Rocha,La Paloma/Rocha,UY,-34.6631811,-54.155092
UYMER,Mercedes,Mercedes,UY,-33.2484204,-58.0298671
UYMVD,Montevideo,Montevideo,UY,-34.9058916,-56.1913095
UYNVP,Nueva Palmira,Nueva Palmira,UY,-33.8710911,-58.4068884
UYPDP,Punta del Este,Punta del Este,UY,-34.9632342,-54.9439981
UYPDU,Paysandu,Paysandu,UY,-32.3217257,-58.0892136
UYPIR,Piriápolis,Piriápolis,UY,-34.86667,-55.26667
UYSTY,Salto,Salto,UY,-31.38889,-57.9608876
UZAKT,Akaltyn,Akaltyn,UZ,40.7458558,71.7029989
UZASA,Asaka,Asaka,UZ,40.63333,72.23333
VCBQU,"Port Elizabeth, Bequia","Port Elizabeth, Bequia",VC,13,-61.21667
VCCAN,Canouan Island,Canouan Island,VC,12.71667,-61.31667
VCCRP,Campden Park,Campden Park,VC,13.16667,-61.23333
VCGRG,Georgetown,Georgetown,VC,13.26667,-61.11667
VCKTN,Kingstown,Kingstown,VC,13.13333,-61.21667
VCMQS,Mustique Island,Mustique Island,VC,12.8760094,-61.1828409
VCSVD,Saint Vincent,Saint Vincent,VC,13.2528786,-61.1949464
VCUNI,Union Island,Union Island,VC,12.5972425,-61.4335378
VEAMY,Amuay,Amuay,VE,11.7749069,-70.2408172
VEARA,Araya,Araya,VE,10.5799738,-64.2572403
VEBAV,Bachaquero/Maracaibo L,Bachaquero/Maracaibo L,VE,9.963333,-71.121111
VEBJV,Bajo Grande/Maracaibo L,Bajo Grande/Maracaibo L,VE,10.510278,-71.63
VECAR,Caripito,Caripito,VE,10.13333,-63.03333
VECBL,Ciudad Bolívar,Ciudad Bolívar,VE,8.11667,-63.55
VECBS,Cabimas/Maracaibo L,Cabimas/Maracaibo L,VE,10.395075,-71.4414049
VECGU,Ciudad Guayana,Ciudad Guayana,VE,8.3223763,-62.6896622
VECHQ,Chiquinquirá,Chiquinquirá,VE,10.4780677,-71.7534605
VECHV,Chichiriviche,Chichiriviche,VE,10.9330949,-68.2828027
VECMR,Puerto Cumarebo,Puerto Cumarebo,VE,11.48333,-69.35
VECUM,Cumana,Cumana,VE,10.4495706,-64.1578046
VECUP,Carupano,Carupano,VE,10.6493808,-63.2542332
VECXA,Caicara de Orinoco,Caicara de Orinoco,VE,7.625833,-66.165278
VECZE,Coro,Coro,VE,11.4055796,-69.6679115
VEEGU,El Guamache,El Guamache,VE,10.8955137,-64.0647769
VEELC,El Chaure,El Chaure,VE,10.25,-64.61667
VEELP,El Palito,El Palito,VE,10.477589,-68.1104562
VEETV,El Tablazo/Maracaibo L,El Tablazo/Maracaibo L,VE,10.887222,-71.577778
VEGUA,Guaranao,Guaranao,VE,11.7,-70.15
VEGUI,Guiria,Guiria,VE,10.5778608,-62.2992929
VEGUT,Guanta,Guanta,VE,10.233772,-64.5931668
VEJOT,Jose Terminal,Jose Terminal,VE,10.1,-64.85
VELAG,La Guaira,La Guaira,VE,10.6000384,-66.9296405
VELCV,La Ceiba/Maracaibo L,La Ceiba/Maracaibo L,VE,10.1764368,-64.3888512
VELEC,La Estacada,La Estacada,VE,7.4067829,-69.0829483
VELGY,Lagunillas,Lagunillas,VE,10.1268635,-71.2535644
VELSP,Las Piedras,Las Piedras,VE,11.7167667,-70.216762
VELSV,La Salina/Maracaibo L,La Salina/Maracaibo L,VE,10.37,-71.465
VELVL,La Vela de Coro,La Vela de Coro,VE,11.4570183,-69.5678267
VEMAR,Maracaibo,Maracaibo,VE,10.6498095,-71.6443596
VEMIV,Puerto Miranda/Maracaibo L.,Puerto Miranda/Maracaibo L.,VE,10.766667,-71.566667
VEMOR,Morón,Morón,VE,10.48333,-68.2
VEMTV,Matanzas,Matanzas,VE,8.2875508,-62.7992236
VEPAR,Paradero,Paradero,VE,10.1937408,-64.1858045
VEPBL,Puerto Cabello,Puerto Cabello,VE,10.4677932,-68.0436682
VEPCN,Punta Cardón,Punta Cardón,VE,11.65,-70.21667
VEPCO,Puerto Carenero,Puerto Carenero,VE,10.4973811,-66.1183586
VEPCT,Paracotos,Paracotos,VE,10.26667,-66.95
VEPCU,Punta Cuchillo,Punta Cuchillo,VE,8.3126058,-62.8135485
VEPCZ,Puerto La Cruz,Puerto La Cruz,VE,10.2028617,-64.6307626
VEPFI,Punto Fijo,Punto Fijo,VE,11.68333,-70.18333
VEPHO,Puerto de Hierro,Puerto de Hierro,VE,10.635995,-62.0884116
VEPLA,Palúa,Palúa,VE,8.35,-62.66667
VEPLV,Punta de Palmas,Punta de Palmas,VE,10.7838624,-71.5762117
VEPMP,Pampatar,Pampatar,VE,10.9957312,-63.8050791
VEPMR,Palmarejo/Maracaibo L.,Palmarejo/Maracaibo L.,VE,10.5916461,-71.5192435
VEPPD,Punta de Piedra,Punta de Piedra,VE,7.6201789,-71.490062
VEPPZ,Puerto Páez,Puerto Páez,VE,6.21667,-67.45
VEPRC,Paraguana Refinery Center,Paraguana Refinery Center,VE,11.61667,-70.23333
VEPRG,Pertigalete,Pertigalete,VE,10.2396425,-64.5647889
VEPSU,Puerto Sucre,Puerto Sucre,VE,10.2075311,-64.6042764
VEPTZ,Petrozuata,Petrozuata,VE,10.15,-64.85
VEPYH,Puerto Ayacucho,Puerto Ayacucho,VE,5.655167,-67.6000791
VEPZO,Puerto Ordaz,Puerto Ordaz,VE,8.2750351,-62.7558263
VESFD,San Fernando de Apure,San Fernando de Apure,VE,7.8837668,-67.4708615
VESFX,San Félix,San Félix,VE,8.347541,-62.647134
VESLV,San Lorenzo/Maracaibo L,San Lorenzo/Maracaibo L,VE,9.78333,-71.06667
VETJV,Tia Juana/Maracaibo L,Tia Juana/Maracaibo L,VE,10.2587904,-71.3613919
VETUR,Turiamo,Turiamo,VE,10.4435528,-67.8477677
VEYUR,Ureña,Ureña,VE,7.91667,-72.45
VGEIS,"Beef Island, Tortola","Beef Island, Tortola",VG,18.45,-64.533333
VGJVD,Jost Van Dyke,Jost Van Dyke,VG,18.45,-64.73333
VGNIS,Norman Island,Norman Island,VG,18.31667,-64.61667
VGPUR,Port Purcell,Port Purcell,VG,18.41667,-64.6
VGRAD,"Road Town, Tortola","Road Town, Tortola",VG,18.425766,-64.6230914
VGSHO,Sopers Hole,Sopers Hole,VG,18.38333,-64.7
VGTOV,Tortola,Tortola,VG,18.4210569,-64.6388325
VICHA,"Charlotte Amalie, Saint Thomas","Charlotte Amalie, Saint Thomas",VI,18.35,-64.95
VICTD,"Christiansted, Saint Croix","Christiansted, Saint Croix",VI,17.75,-64.75
VICZB,"Cruz Bay, Saint John","Cruz Bay, Saint John",VI,18.33333,-64.8
VIFRD,"Frederiksted, Saint Croix","Frederiksted, Saint Croix",VI,17.711667,-64.881944
VILIB,Limetree Bay,Limetree Bay,VI,17.704444,-64.755278
VIPAX,Port Alucroix,Port Alucroix,VI,17.7,-64.76667
VISTT,Saint Thomas,Saint Thomas,VI,18.35,-64.93333
VNBAN,Cam Lâm,Cam Lâm,VN,12.074758,109.1579079
VNBAO,Bao Loc,Bao Loc,VN,11.5492101,107.8085831
VNBCD,Ben Dam Con Dao Terminals,Ben Dam Con Dao Terminals,VN,8.65,106.55
VNBDG,Binh Duong Terminal,Binh Duong Terminal,VN,10.9,106.83333
VNBDU,Binh Duong,Binh Duong,VN,14.2972357,109.0796699
VNBEN,Benthuy,Benthuy,VN,18.662778,105.704722
VNBHO,Bach Ho,Bach Ho,VN,10.3531381,107.1032665
VNBLG,Binh Long Port,Binh Long Port,VN,10.56667,105.25
VNBMH,Binh Minh,Binh Minh,VN,10.0675818,105.8219716
VNBNG,Bèn Nghè,Bèn Nghè,VN,10.75,106.73333
VNBNO,Ba Ngoi,Ba Ngoi,VN,11.9,109.15
VNBSE,Bông Sen,Bông Sen,VN,10.7216667,107.2602778
VNC8Q,Chu Lai,Chu Lai,VN,15.46667,108.61667
VNCCA,Cua Cam Terminal,Cua Cam Terminal,VN,20.86667,106.68333
VNCCU,Cai Cui Port,Cai Cui Port,VN,9.98333,106.5
VNCLI,Cát Lái,Cát Lái,VN,10.76667,106.78333
VNCLO,Culao,Culao,VN,18.8,105.7
VNCMT,Cai Mep International Terminal,Cai Mep International Terminal,VN,10.51667,107
VNCMY,Chan May Port,Chan May Port,VN,16.33333,108
VNCPH,Cam Pha,Cam Pha,VN,21.0096177,107.272916
VNCRB,Camranh,Camranh,VN,11.913611,109.136944
VNCSG,Sai Gon Port,Sai Gon Port,VN,10.83333,106.75
VNCUA,Cua Lo,Cua Lo,VN,18.81667,105.71667
VNCUV,Cua Viet Port,Cua Viet Port,VN,16.9,107.16667
VNCVE,Chua Ve Terminal,Chua Ve Terminal,VN,20.86667,106.7
VNDAD,Da Nang,Da Nang,VN,16.06667,108.21667
VNDMO,Dam Mon,Dam Mon,VN,12.66667,109.4
VNDN3,Dông Hài,Dông Hài,VN,19.8022645,105.8046871
VNDNA,Dong Nai,Dong Nai,VN,10.9182878,106.8481538
VNDOH,Dong Hoi,Dong Hoi,VN,17.4598499,106.6122345
VNDQT,Dung Quat,Dung Quat,VN,15.38333,108.8
VNDTH,Dong Thap,Dong Thap,VN,10.425183,105.9271362
VNDTS,Tien Sa Terminal,Tien Sa Terminal,VN,21.5356941,107.8369338
VNDVU,Dinh Vu Terminal,Dinh Vu Terminal,VN,20.9,106.76667
VNDXA,Doan Xa Terminal,Doan Xa Terminal,VN,20.86667,106.68333
VNDXN,Dong Xuyen Port,Dong Xuyen Port,VN,10.4,107.1
VNGDA,Go Dau A Terminal,Go Dau A Terminal,VN,10.65,107.01667
VNGDB,Go Dau B Terminal,Go Dau B Terminal,VN,10.61667,107.01667
VNHAA,Hoai An,Hoai An,VN,14.3634741,108.9648967
VNHAN,Hanoi,Hanoi,VN,21.03333,105.85
VNHAT,Ha Tinh,Ha Tinh,VN,18.3504832,105.7623047
VNHCH,Hon Chong,Hon Chong,VN,10.1626451,104.6143368
VNHDG,Hai Duong,Hai Duong,VN,20.9602884,106.3604393
VNHIA,Hoi An,Hoi An,VN,15.8795863,108.3319406
VNHLG,Ha Long,Ha Long,VN,20.95,107.06667
VNHLP,Hon La Port,Hon La Port,VN,17.93333,106.51667
VNHNH,Bong Son,Bong Son,VN,14.43333,109.01667
VNHON,Hongai,Hongai,VN,20.9488856,107.1035074
VNHPH,Haiphong,Haiphong,VN,20.85,106.68333
VNHPP,Tan Cang Hiep Phuoc Port,Tan Cang Hiep Phuoc Port,VN,10.63333,106.71667
VNHSN,Hai Son,Hai Son,VN,10.5370938,107.0784228
VNHUI,Hue,Hue,VN,16.4639321,107.5863388
VNHYN,Hung Yen,Hung Yen,VN,20.6065846,106.2843471
VNIPH,Phuoc Long ICD,Phuoc Long ICD,VN,10.8183298,106.7599828
VNITX,ICD TRANSIMEX THU DUC,ICD TRANSIMEX THU DUC,VN,10.83333,106.75
VNKYH,Ky Ha Terminal,Ky Ha Terminal,VN,15.48333,108.68333
VNKYQ,Ky Ha Quang Nam Terminal,Ky Ha Quang Nam Terminal,VN,15.46667,108.68333
VNLAP,Long An International Port,Long An International Port,VN,10.53333,106.73333
VNLBN,Long Binh,Long Binh,VN,10.9480534,105.0836353
VNLBT,Long Binh Tan,Long Binh Tan,VN,11.6666384,106.594548
VNLMP,Vietnam Lee & Man Port,Vietnam Lee & Man Port,VN,9.9426763,105.8777037
VNLPO,Lotus Port,Lotus Port,VN,10.73333,106.73333
VNLTH,Long Thanh,Long Thanh,VN,10.78333,106.95
VNMOC,Mong Cai,Mong Cai,VN,21.5250072,107.9660539
VNMTH,My Thoi,My Thoi,VN,10.3323634,105.450045
VNMUT,My Tho,My Tho,VN,10.3585287,106.3642994
VNNCN,Nam Can Port,Nam Can Port,VN,8.81667,105.01667
VNNGH,Nghi Son,Nghi Son,VN,19.33333,105.83333
VNNGT,Nghe Tinh,Nghe Tinh,VN,18.766667,105.766667
VNNHA,Nha Trang,Nha Trang,VN,12.2348769,109.1941443
VNNHD,Nam Hai Dinh Vu Port,Nam Hai Dinh Vu Port,VN,20.81667,106.85
VNNHT,Nhon Trach,Nhon Trach,VN,10.7376129,106.9451341
VNNIH,Ninh Hòa,Ninh Hòa,VN,12.48333,109.13333
VNNMD,Nam Dinh,Nam Dinh,VN,20.4229775,106.1725798
VNNVT,Nguyen Van Troi Port,Nguyen Van Troi Port,VN,16.05,108.21667
VNOCL,Cat Lai Oil Port,Cat Lai Oil Port,VN,10.73333,106.76667
VNONB,Nha Be Oil Port,Nha Be Oil Port,VN,10.7,106.73333
VNOSP,Saigon Petro Oil Terminal,Saigon Petro Oil Terminal,VN,10.75,106.78333
VNOTW,B12 Oil Terminal,B12 Oil Terminal,VN,20.963,107.0621
VNPHA,Phan Rang,Phan Rang,VN,11.5678786,108.9894409
VNPHB,Phú Bai,Phú Bai,VN,16.36667,107.73333
VNPHG,Phuóc Long,Phuóc Long,VN,10.71667,106.95
VNPHH,Phan Thiet,Phan Thiet,VN,10.9296264,108.1043869
VNPHU,Phu My,Phu My,VN,10.583333,107.033333
VNPQC,Phu Quoc,Phu Quoc,VN,10.21667,103.96667
VNQBH,Quäng Bình,Quäng Bình,VN,19.6650601,105.8223272
VNQNH,Quang Ninh,Quang Ninh,VN,17.4,106.63333
VNQNT,Tan Cang Qui Nhon,Tan Cang Qui Nhon,VN,13.76667,109.83333
VNQUL,Quang Long,Quang Long,VN,22.7352889,106.6929483
VNQUT,Quang Tri,Quang Tri,VN,17.2166964,106.9548246
VNRDG,Rang Dong,Rang Dong,VN,10,108.33333
VNRQU,Rao Qua,Rao Qua,VN,18.45,105.31667
VNSAD,Sa Déc,Sa Déc,VN,10.3,105.76667
VNSDP,Son Duong Port,Son Duong Port,VN,18.1,106.45
VNSGN,Ho Chi Minh City,Ho Chi Minh City,VN,10.76667,106.66667
VNSH9,Song Han 9,Song Han 9,VN,16.05,108.21667
VNSIT,Saigon ITV/Phu My,Saigon ITV/Phu My,VN,10.6,107.01667
VNSON,Song Doc,Song Doc,VN,9.0380202,104.8222731
VNSPC,Hiep Phuoc Port,Hiep Phuoc Port,VN,10.4026823,107.1795119
VNSTD,Su Tu Den,Su Tu Den,VN,10.41667,108.4
VNSTR,ICD Sotrans,ICD Sotrans,VN,10.81667,106.75
VNTBB,Tuy Hoa,Tuy Hoa,VN,13.0846393,109.2995948
VNTBI,Thang Binh,Thang Binh,VN,19.587727,105.6611531
VNTCG,Tan Cang,Tan Cang,VN,10.5369499,107.032258
VNTCN,Tan Canh,Tan Canh,VN,14.65,107.83333
VNTHD,Thu Dau Mot,Thu Dau Mot,VN,10.96667,106.65
VNTHO,Thanh Hoa,Thanh Hoa,VN,10.6563707,106.1805588
VNTHU,Thuan An,Thuan An,VN,10.943213,106.6909441
VNTMT,Tan Cang - Mien Trung Terminal,Tan Cang - Mien Trung Terminal,VN,13.76667,109.23333
VNTNA,Thi Nai Port,Thi Nai Port,VN,13.76667,109.25
VNTNO,Tra Noc,Tra Noc,VN,10.1,105.7
VNTOT,Cai Mep,Cai Mep,VN,10.5104685,107.0156211
VNTPP,Thanh Phuoc Port,Thanh Phuoc Port,VN,10.8183298,106.7599828
VNTRE,Ben Tre,Ben Tre,VN,10.23333,106.38333
VNTTD,Tân Thuan Dông,Tân Thuan Dông,VN,10.73333,106.71667
VNTVN,Transvina Terminal,Transvina Terminal,VN,20.86667,106.68333
VNUIH,Quy Nhon,Quy Nhon,VN,13.76667,109.21667
VNVAG,Vung Áng,Vung Áng,VN,18.06667,106.43333
VNVCA,Can Tho,Can Tho,VN,10.03333,105.78333
VNVCH,Vat Cach,Vat Cach,VN,20.88333,106.6
VNVHG,Vinalines Hau Giang Port,Vinalines Hau Giang Port,VN,9.15,105.13333
VNVLG,Vinh Long,Vinh Long,VN,10.23333,105.96667
VNVLO,Vinh Loi,Vinh Loi,VN,9.2855006,105.723904
VNVNH,Vinh,Vinh,VN,18.73333,105.66667
VNVPH,Van Phong,Van Phong,VN,12.666667,109.283333
VNVRO,Vung Ro,Vung Ro,VN,12.85,109.41667
VNVUT,Vung Tau,Vung Tau,VN,10.35,107.06667
VNXNG,Quang Ngai,Quang Ngai,VN,14.9953739,108.691729
VULUG,Luganville,Luganville,VU,-15.53333,167.16667
VUPSA,Port Sandwich,Port Sandwich,VU,-16.4363561,167.7854521
VUSAN,Santo,Santo,VU,-15.1563411,167.0510705
VUVLI,Port Vila,Port Vila,VU,-17.7414972,168.3150163
WFHLO,Halalo,Halalo,WF,-13.33333,-176.21667
WFMAU,Matâ'utu,Matâ'utu,WF,-13.28333,-176.18333
WFSIG,Sigavé,Sigavé,WF,-14.28333,-178.16667
WSAAU,Asau,Asau,WS,-13.5154438,-172.6273822
WSAPW,Apia,Apia,WS,-13.8345235,-171.7630955
XZAAD,Aasgard,Aasgard,XZ,65.08333,6.73333
XZANT,Ardjuna,Ardjuna,XZ,-5.9,105.95
XZANU,Anoa Natuna,Anoa Natuna,XZ,5.23333,105.6
XZCMT,Camar Marine Terminal,Camar Marine Terminal,XZ,-6.3,113
XZDHS,Dai Hung (STS Load),Dai Hung (STS Load),XZ,8.86667,103.3
XZDHT,Dai Hung (Tandem Load),Dai Hung (Tandem Load),XZ,8.46667,108.68333
XZDRA,Draugen,Draugen,XZ,64.33333,7.75
XZDTL,Dulang Marine Terminal,Dulang Marine Terminal,XZ,5.8,104.16667
XZHEI,Heidrun,Heidrun,XZ,65.31667,7.33333
XZKMT,Kakap Marine Terminal,Kakap Marine Terminal,XZ,5.01667,105.95
XZLAM,Laminaria Terminal,Laminaria Terminal,XZ,-11,126
XZNJO,Njord,Njord,XZ,64.25,7.2
XZNNE,Norne,Norne,XZ,66,7.98333
XZSBY,Sibuko Bay,Sibuko Bay,XZ,3.85,118.1
XZSHA,Al Shaheen terminal,Al Shaheen terminal,XZ,26.58333,52
XZSUU,Suursaq,Suursaq,XZ,80.81667,-66.63333
XZTGR,Tandjung Gerem,Tandjung Gerem,XZ,5.96667,105.98333
XZWRT,Widuri Marine Terminal,Widuri Marine Terminal,XZ,-4.66667,106.65
XZYET,Yetagun Field,Yetagun Field,XZ,13.05,96.85
YEADE,Aden,Aden,YE,12.789585,45.028504
YEAHW,Ahwar,Ahwar,YE,13.52019,46.713669
YEHAR,Harad,Harad,YE,16.4061009,43.0560545
YEHAU,Haura,Haura,YE,13.867512,43.6179
YEHOD,Hodeidah,Hodeidah,YE,14.83333,42.9
YEKHO,Khokha,Khokha,YE,13.8061801,43.2493674
YELAD,Little Aden,Little Aden,YE,12.73333,44.86667
YEMKX,Mukalla,Mukalla,YE,14.5424624,49.1231345
YEMOK,Mokha,Mokha,YE,13.3095574,43.2344941
YEMYN,Mareb,Mareb,YE,15.5986243,45.2598934
YEPRM,Perim Island,Perim Island,YE,12.65,43.41667
YERAI,Ras Isa Terminal,Ras Isa Terminal,YE,15.2,42.66667
YESAL,Saleef Port,Saleef Port,YE,15.3,42.666667
YESCT,Suqutrá,Suqutrá,YE,12.5,53.833333
YESYE,Sadah,Sadah,YE,14.214582,44.489938
YTDZA,Dzaoudzi-Pamandzi Apt,Dzaoudzi-Pamandzi Apt,YT,-12.8,45.28333
YTKNK,Kani-Kéli,Kani-Kéli,YT,-12.95,45.1
YTLON,Longoni,Longoni,YT,-12.71667,45.16667
YTMAM,Mamoudzou,Mamoudzou,YT,-12.78333,45.23333
ZA2WC,Klipheuwel,Klipheuwel,ZA,-33.7,18.7
ZA3WC,Goudiniweg,Goudiniweg,ZA,-34.6,19.31667
ZA7WC,Riviersonderend,Riviersonderend,ZA,-34.15,19.9
ZA8GT,Bottelary,Bottelary,ZA,-33.9037246,18.7493443
ZAAOB,Algoa Bay,Algoa Bay,ZA,-33.833333,25.833333
ZACPT,Cape Town,Cape Town,ZA,-33.91667,18.41667
ZACTP,Eastern Cape,Eastern Cape,ZA,-32.2171831,26.6386401
ZADRU,De Rust,De Rust,ZA,-33.48333,22.53333
ZADUR,Durban,Durban,ZA,-29.85,31.01667
ZADWK,De Waterkant,De Waterkant,ZA,-33.9,18.41667
ZAEBY,Elands Bay,Elands Bay,ZA,-32.3,18.31667
ZAEDG,Mount Edgecombe,Mount Edgecombe,ZA,-29.7353807,31.0412642
ZAELS,East London,East London,ZA,-33.0191604,27.8998573
ZAFHK,Fish Hoek,Fish Hoek,ZA,-34.137645,18.4246723
ZAGRH,Grahamstown,Grahamstown,ZA,-33.3070589,26.5272648
ZAGSF,Garsfontein,Garsfontein,ZA,-25.78333,28.28333
ZAGTY,Gately,Gately,ZA,-33.0191604,27.8998573
ZAIVI,Island View,Island View,ZA,-29.88333,31.03333
ZAJOH,Port Saint John's,Port Saint John's,ZA,-31.63333,29.53333
ZAJTP,Jet Park,Jet Park,ZA,-26.16667,28.23333
ZAKKN,Komkans,Komkans,ZA,-31.21667,18.05
ZAKOM,Kommetjie,Kommetjie,ZA,-34.13333,18.31667
ZAKOO,Langkloof,Langkloof,ZA,-33.7769444,23.5863889
ZAKOS,Kenton-on-Sea,Kenton-on-Sea,ZA,-33.66667,26.65
ZAKUU,Kasulu,Kasulu,ZA,-4.56667,30.1
ZAKYA,Kyalami,Kyalami,ZA,-25.9933677,28.0673746
ZALER,Lerato,Lerato,ZA,-29.56667,21.51667
ZAMD3,Madantsane,Madantsane,ZA,-32.95,27.76667
ZAMZY,Mossel Bay,Mossel Bay,ZA,-34.1832022,22.1536248
ZANGG,New Germany,New Germany,ZA,-29.8,30.88333
ZANNL,Nottingham Road,Nottingham Road,ZA,-29.35,30
ZANOL,Port Nolloth,Port Nolloth,ZA,-29.248889,16.870833
ZANUF,Nuffield Springs,Nuffield Springs,ZA,-26.2863892,28.4579
ZAPED,Port Edward,Port Edward,ZA,-31.05,30.21667
ZAPEN,Pennington,Pennington,ZA,-30.38333,30.7
ZAPHX,Phoenix,Phoenix,ZA,-29.701556,31.00722
ZAPIT,Point,Point,ZA,-29.8690855,31.0459045
ZAPLZ,Gqeberha,Gqeberha,ZA,-33.95,25.6
ZAPNL,Paardeneiland,Paardeneiland,ZA,-33.91667,18.46667
ZARCB,Richards Bay,Richards Bay,ZA,-28.7707857,32.0577775
ZARWC,Riebeek West,Riebeek West,ZA,-33.35,18.86667
ZASDB,Saldanha Bay,Saldanha Bay,ZA,-33.023056,17.954406
ZASHM,Robertsham,Robertsham,ZA,-26.2427778,28.0163889
ZASID,Sidwell,Sidwell,ZA,-33.9173472,25.5936969
ZASMN,Simon's Town,Simon's Town,ZA,-34.18333,18.43333
ZASNL,Southbroom,Southbroom,ZA,-30.91667,30.31667
ZASTD,Strand,Strand,ZA,-34.11667,18.83333
ZASTR,Struandale,Struandale,ZA,-33.902231,25.5767651
ZATHR,Arcadia,Arcadia,ZA,-33.0083333,27.905
ZAWAT,Waterfront,Waterfront,ZA,-33.9030556,18.4216667
ZAWTN,Winterton,Winterton,ZA,-28.8125,29.5408333
ZAWWC,Wemmershoek,Wemmershoek,ZA,-33.86667,19.03333
ZAZBA,Coega,Coega,ZA,-33.76667,25.66667
ZAZE4,Sezela,Sezela,ZA,-30.41667,30.68333
ZMSIA,Siavonga,Siavonga,ZM,-16.53333,28.71667
ZWCHE,Chegutu,Chegutu,ZW,-18.13333,30.15
ZWFLU,Filabusi,Filabusi,ZW,-20.53333,29.28333
ZWGWA,Gwanda,Gwanda,ZW,-20.93333,29
ZWRSP,Rusape,Rusape,ZW,-18.53333,32.11667
ZWZMZ,Zimbabwe,Zimbabwe,ZW,-20.0786485,30.4426523
